Fitter report for sha256_soc
Wed Oct 07 13:34:38 2026
Quartus II 64-Bit Version 13.1.0 Build 162 10/23/2013 SJ Web Edition


---------------------
; Table of Contents ;
---------------------
  1. Legal Notice
  2. Fitter Summary
  3. Fitter Settings
  4. Parallel Compilation
  5. I/O Assignment Warnings
  6. Fitter Netlist Optimizations
  7. Incremental Compilation Preservation Summary
  8. Incremental Compilation Partition Settings
  9. Incremental Compilation Placement Preservation
 10. Pin-Out File
 11. Fitter Resource Usage Summary
 12. Fitter Partition Statistics
 13. Input Pins
 14. Output Pins
 15. I/O Bank Usage
 16. All Package Pins
 17. Fitter Resource Utilization by Entity
 18. Delay Chain Summary
 19. Pad To Core Delay Chain Fanout
 20. Control Signals
 21. Global & Other Fast Signals
 22. Non-Global High Fan-Out Signals
 23. Fitter RAM Summary
 24. Routing Usage Summary
 25. I/O Rules Summary
 26. I/O Rules Details
 27. I/O Rules Matrix
 28. Fitter Device Options
 29. Operating Settings and Conditions
 30. Estimated Delay Added for Hold Timing Summary
 31. Estimated Delay Added for Hold Timing Details
 32. Fitter Messages
 33. Fitter Suppressed Messages



----------------
; Legal Notice ;
----------------
Copyright (C) 1991-2013 Altera Corporation
Your use of Altera Corporation's design tools, logic functions 
and other software and tools, and its AMPP partner logic 
functions, and any output files from any of the foregoing 
(including device programming or simulation files), and any 
associated documentation or information are expressly subject 
to the terms and conditions of the Altera Program License 
Subscription Agreement, Altera MegaCore Function License 
Agreement, or other applicable license agreement, including, 
without limitation, that your use is for the sole purpose of 
programming logic devices manufactured by Altera and sold by 
Altera or its authorized distributors.  Please refer to the 
applicable agreement for further details.



+------------------------------------------------------------------------------+
; Fitter Summary                                                               ;
+---------------------------------+--------------------------------------------+
; Fitter Status                   ; Successful - Wed Oct 07 13:34:38 2026      ;
; Quartus II 64-Bit Version       ; 13.1.0 Build 162 10/23/2013 SJ Web Edition ;
; Revision Name                   ; sha256_soc                                 ;
; Top-level Entity Name           ; sha256_accelerator                         ;
; Family                          ; Cyclone V                                  ;
; Device                          ; 5CSEBA6U23I7                               ;
; Timing Models                   ; Preliminary                                ;
; Logic utilization (in ALMs)     ; 1,366 / 41,910 ( 3 % )                     ;
; Total registers                 ; 1562                                       ;
; Total pins                      ; 75 / 314 ( 24 % )                          ;
; Total virtual pins              ; 0                                          ;
; Total block memory bits         ; 2,048 / 5,662,720 ( < 1 % )                ;
; Total DSP Blocks                ; 0 / 112 ( 0 % )                            ;
; Total HSSI RX PCSs              ; 0                                          ;
; Total HSSI PMA RX Deserializers ; 0                                          ;
; Total HSSI TX PCSs              ; 0                                          ;
; Total HSSI TX Channels          ; 0                                          ;
; Total PLLs                      ; 0 / 6 ( 0 % )                              ;
; Total DLLs                      ; 0 / 4 ( 0 % )                              ;
+---------------------------------+--------------------------------------------+


+------------------------------------------------------------------------------------------------------------------------------------------------------------+
; Fitter Settings                                                                                                                                            ;
+----------------------------------------------------------------------------+---------------------------------------+---------------------------------------+
; Option                                                                     ; Setting                               ; Default Value                         ;
+----------------------------------------------------------------------------+---------------------------------------+---------------------------------------+
; Device                                                                     ; 5CSEBA6U23I7                          ;                                       ;
; Use smart compilation                                                      ; Off                                   ; Off                                   ;
; Enable parallel Assembler and TimeQuest Timing Analyzer during compilation ; On                                    ; On                                    ;
; Enable compact report table                                                ; Off                                   ; Off                                   ;
; Router Timing Optimization Level                                           ; Normal                                ; Normal                                ;
; Perform Clocking Topology Analysis During Routing                          ; Off                                   ; Off                                   ;
; Placement Effort Multiplier                                                ; 1.0                                   ; 1.0                                   ;
; Device initialization clock source                                         ; INIT_INTOSC                           ; INIT_INTOSC                           ;
; Optimize Hold Timing                                                       ; All Paths                             ; All Paths                             ;
; Optimize Multi-Corner Timing                                               ; On                                    ; On                                    ;
; Auto RAM to MLAB Conversion                                                ; On                                    ; On                                    ;
; Equivalent RAM and MLAB Power Up                                           ; Auto                                  ; Auto                                  ;
; Equivalent RAM and MLAB Paused Read Capabilities                           ; Care                                  ; Care                                  ;
; PowerPlay Power Optimization                                               ; Normal compilation                    ; Normal compilation                    ;
; SSN Optimization                                                           ; Off                                   ; Off                                   ;
; Optimize Timing                                                            ; Normal compilation                    ; Normal compilation                    ;
; Optimize Timing for ECOs                                                   ; Off                                   ; Off                                   ;
; Regenerate full fit report during ECO compiles                             ; Off                                   ; Off                                   ;
; Optimize IOC Register Placement for Timing                                 ; Normal                                ; Normal                                ;
; Final Placement Optimizations                                              ; Automatically                         ; Automatically                         ;
; Fitter Aggressive Routability Optimizations                                ; Automatically                         ; Automatically                         ;
; Fitter Initial Placement Seed                                              ; 1                                     ; 1                                     ;
; Weak Pull-Up Resistor                                                      ; Off                                   ; Off                                   ;
; Enable Bus-Hold Circuitry                                                  ; Off                                   ; Off                                   ;
; Auto Packed Registers                                                      ; Auto                                  ; Auto                                  ;
; Auto Delay Chains                                                          ; On                                    ; On                                    ;
; Auto Delay Chains for High Fanout Input Pins                               ; Off                                   ; Off                                   ;
; Treat Bidirectional Pin as Output Pin                                      ; Off                                   ; Off                                   ;
; Perform Physical Synthesis for Combinational Logic for Fitting             ; Off                                   ; Off                                   ;
; Perform Physical Synthesis for Combinational Logic for Performance         ; Off                                   ; Off                                   ;
; Perform Register Duplication for Performance                               ; Off                                   ; Off                                   ;
; Perform Register Retiming for Performance                                  ; Off                                   ; Off                                   ;
; Perform Asynchronous Signal Pipelining                                     ; Off                                   ; Off                                   ;
; Fitter Effort                                                              ; Auto Fit                              ; Auto Fit                              ;
; Physical Synthesis Effort Level                                            ; Normal                                ; Normal                                ;
; Logic Cell Insertion - Logic Duplication                                   ; Auto                                  ; Auto                                  ;
; Auto Register Duplication                                                  ; Auto                                  ; Auto                                  ;
; Auto Global Clock                                                          ; On                                    ; On                                    ;
; Auto Global Register Control Signals                                       ; On                                    ; On                                    ;
; Reserve all unused pins                                                    ; As input tri-stated with weak pull-up ; As input tri-stated with weak pull-up ;
; Synchronizer Identification                                                ; Off                                   ; Off                                   ;
; Enable Beneficial Skew Optimization                                        ; On                                    ; On                                    ;
; Optimize Design for Metastability                                          ; On                                    ; On                                    ;
; Active Serial clock source                                                 ; FREQ_100MHz                           ; FREQ_100MHz                           ;
; Force Fitter to Avoid Periphery Placement Warnings                         ; Off                                   ; Off                                   ;
; Clamping Diode                                                             ; Off                                   ; Off                                   ;
; Enable input tri-state on active configuration pins in user mode           ; Off                                   ; Off                                   ;
+----------------------------------------------------------------------------+---------------------------------------+---------------------------------------+


+------------------------------------------+
; Parallel Compilation                     ;
+----------------------------+-------------+
; Processors                 ; Number      ;
+----------------------------+-------------+
; Number detected on machine ; 16          ;
; Maximum allowed            ; 16          ;
;                            ;             ;
; Average used               ; 3.45        ;
; Maximum used               ; 16          ;
;                            ;             ;
; Usage by Processor         ; % Time Used ;
;     Processor 1            ; 100.0%      ;
;     Processors 2-4         ;  21.6%      ;
;     Processors 5-8         ;  17.6%      ;
;     Processors 9-16        ;  13.7%      ;
+----------------------------+-------------+


+---------------------------------------------------+
; I/O Assignment Warnings                           ;
+-------------------+-------------------------------+
; Pin Name          ; Reason                        ;
+-------------------+-------------------------------+
; avs_readdata[0]   ; Incomplete set of assignments ;
; avs_readdata[1]   ; Incomplete set of assignments ;
; avs_readdata[2]   ; Incomplete set of assignments ;
; avs_readdata[3]   ; Incomplete set of assignments ;
; avs_readdata[4]   ; Incomplete set of assignments ;
; avs_readdata[5]   ; Incomplete set of assignments ;
; avs_readdata[6]   ; Incomplete set of assignments ;
; avs_readdata[7]   ; Incomplete set of assignments ;
; avs_readdata[8]   ; Incomplete set of assignments ;
; avs_readdata[9]   ; Incomplete set of assignments ;
; avs_readdata[10]  ; Incomplete set of assignments ;
; avs_readdata[11]  ; Incomplete set of assignments ;
; avs_readdata[12]  ; Incomplete set of assignments ;
; avs_readdata[13]  ; Incomplete set of assignments ;
; avs_readdata[14]  ; Incomplete set of assignments ;
; avs_readdata[15]  ; Incomplete set of assignments ;
; avs_readdata[16]  ; Incomplete set of assignments ;
; avs_readdata[17]  ; Incomplete set of assignments ;
; avs_readdata[18]  ; Incomplete set of assignments ;
; avs_readdata[19]  ; Incomplete set of assignments ;
; avs_readdata[20]  ; Incomplete set of assignments ;
; avs_readdata[21]  ; Incomplete set of assignments ;
; avs_readdata[22]  ; Incomplete set of assignments ;
; avs_readdata[23]  ; Incomplete set of assignments ;
; avs_readdata[24]  ; Incomplete set of assignments ;
; avs_readdata[25]  ; Incomplete set of assignments ;
; avs_readdata[26]  ; Incomplete set of assignments ;
; avs_readdata[27]  ; Incomplete set of assignments ;
; avs_readdata[28]  ; Incomplete set of assignments ;
; avs_readdata[29]  ; Incomplete set of assignments ;
; avs_readdata[30]  ; Incomplete set of assignments ;
; avs_readdata[31]  ; Incomplete set of assignments ;
; irq               ; Incomplete set of assignments ;
; avs_address[0]    ; Incomplete set of assignments ;
; avs_address[4]    ; Incomplete set of assignments ;
; avs_address[1]    ; Incomplete set of assignments ;
; avs_address[5]    ; Incomplete set of assignments ;
; avs_address[2]    ; Incomplete set of assignments ;
; avs_address[3]    ; Incomplete set of assignments ;
; clk               ; Incomplete set of assignments ;
; reset_n           ; Incomplete set of assignments ;
; avs_read          ; Incomplete set of assignments ;
; avs_write         ; Incomplete set of assignments ;
; avs_writedata[1]  ; Incomplete set of assignments ;
; avs_writedata[0]  ; Incomplete set of assignments ;
; avs_writedata[6]  ; Incomplete set of assignments ;
; avs_writedata[2]  ; Incomplete set of assignments ;
; avs_writedata[3]  ; Incomplete set of assignments ;
; avs_writedata[4]  ; Incomplete set of assignments ;
; avs_writedata[5]  ; Incomplete set of assignments ;
; avs_writedata[7]  ; Incomplete set of assignments ;
; avs_writedata[8]  ; Incomplete set of assignments ;
; avs_writedata[9]  ; Incomplete set of assignments ;
; avs_writedata[10] ; Incomplete set of assignments ;
; avs_writedata[11] ; Incomplete set of assignments ;
; avs_writedata[12] ; Incomplete set of assignments ;
; avs_writedata[13] ; Incomplete set of assignments ;
; avs_writedata[14] ; Incomplete set of assignments ;
; avs_writedata[15] ; Incomplete set of assignments ;
; avs_writedata[16] ; Incomplete set of assignments ;
; avs_writedata[17] ; Incomplete set of assignments ;
; avs_writedata[18] ; Incomplete set of assignments ;
; avs_writedata[19] ; Incomplete set of assignments ;
; avs_writedata[20] ; Incomplete set of assignments ;
; avs_writedata[21] ; Incomplete set of assignments ;
; avs_writedata[22] ; Incomplete set of assignments ;
; avs_writedata[23] ; Incomplete set of assignments ;
; avs_writedata[24] ; Incomplete set of assignments ;
; avs_writedata[25] ; Incomplete set of assignments ;
; avs_writedata[26] ; Incomplete set of assignments ;
; avs_writedata[27] ; Incomplete set of assignments ;
; avs_writedata[28] ; Incomplete set of assignments ;
; avs_writedata[29] ; Incomplete set of assignments ;
; avs_writedata[30] ; Incomplete set of assignments ;
; avs_writedata[31] ; Incomplete set of assignments ;
+-------------------+-------------------------------+


+-----------------------------------------------------------------------------------------------------------------------------------------------------------------------------------------------------------------------------------------------------------------------------------------+
; Fitter Netlist Optimizations                                                                                                                                                                                                                                                            ;
+----------------------------------------------------+------------+---------------------------------------------------+----------------------------+-----------+----------------+--------------------------------------------------------------+------------------+-----------------------+
; Node                                               ; Action     ; Operation                                         ; Reason                     ; Node Port ; Node Port Name ; Destination Node                                             ; Destination Port ; Destination Port Name ;
+----------------------------------------------------+------------+---------------------------------------------------+----------------------------+-----------+----------------+--------------------------------------------------------------+------------------+-----------------------+
; clk~inputCLKENA0                                   ; Created    ; Placement                                         ; Fitter Periphery Placement ;           ;                ;                                                              ;                  ;                       ;
; reset_n~inputCLKENA0                               ; Created    ; Placement                                         ; Fitter Periphery Placement ;           ;                ;                                                              ;                  ;                       ;
; sha256_core:u_core|hram:u_hram|mem[0]              ; Duplicated ; Router Logic Cell Insertion and Logic Duplication ; Routability optimization   ;           ;                ; sha256_core:u_core|hram:u_hram|mem[0]~DUPLICATE              ;                  ;                       ;
; sha256_core:u_core|hram:u_hram|mem[4]              ; Duplicated ; Router Logic Cell Insertion and Logic Duplication ; Routability optimization   ;           ;                ; sha256_core:u_core|hram:u_hram|mem[4]~DUPLICATE              ;                  ;                       ;
; sha256_core:u_core|hram:u_hram|mem[12]             ; Duplicated ; Router Logic Cell Insertion and Logic Duplication ; Routability optimization   ;           ;                ; sha256_core:u_core|hram:u_hram|mem[12]~DUPLICATE             ;                  ;                       ;
; sha256_core:u_core|hram:u_hram|mem[24]             ; Duplicated ; Router Logic Cell Insertion and Logic Duplication ; Routability optimization   ;           ;                ; sha256_core:u_core|hram:u_hram|mem[24]~DUPLICATE             ;                  ;                       ;
; sha256_core:u_core|hram:u_hram|mem[84]             ; Duplicated ; Router Logic Cell Insertion and Logic Duplication ; Routability optimization   ;           ;                ; sha256_core:u_core|hram:u_hram|mem[84]~DUPLICATE             ;                  ;                       ;
; sha256_core:u_core|hram:u_hram|mem[95]             ; Duplicated ; Router Logic Cell Insertion and Logic Duplication ; Routability optimization   ;           ;                ; sha256_core:u_core|hram:u_hram|mem[95]~DUPLICATE             ;                  ;                       ;
; sha256_core:u_core|hram:u_hram|mem[117]            ; Duplicated ; Router Logic Cell Insertion and Logic Duplication ; Routability optimization   ;           ;                ; sha256_core:u_core|hram:u_hram|mem[117]~DUPLICATE            ;                  ;                       ;
; sha256_core:u_core|hram:u_hram|mem[174]            ; Duplicated ; Router Logic Cell Insertion and Logic Duplication ; Routability optimization   ;           ;                ; sha256_core:u_core|hram:u_hram|mem[174]~DUPLICATE            ;                  ;                       ;
; sha256_core:u_core|hram:u_hram|mem[215]            ; Duplicated ; Router Logic Cell Insertion and Logic Duplication ; Routability optimization   ;           ;                ; sha256_core:u_core|hram:u_hram|mem[215]~DUPLICATE            ;                  ;                       ;
; sha256_core:u_core|hram:u_hram|mem[226]            ; Duplicated ; Router Logic Cell Insertion and Logic Duplication ; Routability optimization   ;           ;                ; sha256_core:u_core|hram:u_hram|mem[226]~DUPLICATE            ;                  ;                       ;
; sha256_core:u_core|hram:u_hram|mem[247]            ; Duplicated ; Router Logic Cell Insertion and Logic Duplication ; Routability optimization   ;           ;                ; sha256_core:u_core|hram:u_hram|mem[247]~DUPLICATE            ;                  ;                       ;
; sha256_core:u_core|mc:u_mc|register_file[0][1]     ; Duplicated ; Router Logic Cell Insertion and Logic Duplication ; Routability optimization   ;           ;                ; sha256_core:u_core|mc:u_mc|register_file[0][1]~DUPLICATE     ;                  ;                       ;
; sha256_core:u_core|mc:u_mc|register_file[0][3]     ; Duplicated ; Router Logic Cell Insertion and Logic Duplication ; Routability optimization   ;           ;                ; sha256_core:u_core|mc:u_mc|register_file[0][3]~DUPLICATE     ;                  ;                       ;
; sha256_core:u_core|mc:u_mc|register_file[0][9]     ; Duplicated ; Router Logic Cell Insertion and Logic Duplication ; Routability optimization   ;           ;                ; sha256_core:u_core|mc:u_mc|register_file[0][9]~DUPLICATE     ;                  ;                       ;
; sha256_core:u_core|mc:u_mc|register_file[0][21]    ; Duplicated ; Router Logic Cell Insertion and Logic Duplication ; Routability optimization   ;           ;                ; sha256_core:u_core|mc:u_mc|register_file[0][21]~DUPLICATE    ;                  ;                       ;
; sha256_core:u_core|mc:u_mc|register_file[0][25]    ; Duplicated ; Router Logic Cell Insertion and Logic Duplication ; Routability optimization   ;           ;                ; sha256_core:u_core|mc:u_mc|register_file[0][25]~DUPLICATE    ;                  ;                       ;
; sha256_core:u_core|mc:u_mc|register_file[0][27]    ; Duplicated ; Router Logic Cell Insertion and Logic Duplication ; Routability optimization   ;           ;                ; sha256_core:u_core|mc:u_mc|register_file[0][27]~DUPLICATE    ;                  ;                       ;
; sha256_core:u_core|mc:u_mc|register_file[0][29]    ; Duplicated ; Router Logic Cell Insertion and Logic Duplication ; Routability optimization   ;           ;                ; sha256_core:u_core|mc:u_mc|register_file[0][29]~DUPLICATE    ;                  ;                       ;
; sha256_core:u_core|mc:u_mc|register_file[1][0]     ; Duplicated ; Router Logic Cell Insertion and Logic Duplication ; Routability optimization   ;           ;                ; sha256_core:u_core|mc:u_mc|register_file[1][0]~DUPLICATE     ;                  ;                       ;
; sha256_core:u_core|mc:u_mc|register_file[1][3]     ; Duplicated ; Router Logic Cell Insertion and Logic Duplication ; Routability optimization   ;           ;                ; sha256_core:u_core|mc:u_mc|register_file[1][3]~DUPLICATE     ;                  ;                       ;
; sha256_core:u_core|mc:u_mc|register_file[1][4]     ; Duplicated ; Router Logic Cell Insertion and Logic Duplication ; Routability optimization   ;           ;                ; sha256_core:u_core|mc:u_mc|register_file[1][4]~DUPLICATE     ;                  ;                       ;
; sha256_core:u_core|mc:u_mc|register_file[1][8]     ; Duplicated ; Router Logic Cell Insertion and Logic Duplication ; Routability optimization   ;           ;                ; sha256_core:u_core|mc:u_mc|register_file[1][8]~DUPLICATE     ;                  ;                       ;
; sha256_core:u_core|mc:u_mc|register_file[1][15]    ; Duplicated ; Router Logic Cell Insertion and Logic Duplication ; Routability optimization   ;           ;                ; sha256_core:u_core|mc:u_mc|register_file[1][15]~DUPLICATE    ;                  ;                       ;
; sha256_core:u_core|mc:u_mc|register_file[1][17]    ; Duplicated ; Router Logic Cell Insertion and Logic Duplication ; Routability optimization   ;           ;                ; sha256_core:u_core|mc:u_mc|register_file[1][17]~DUPLICATE    ;                  ;                       ;
; sha256_core:u_core|mc:u_mc|register_file[1][18]    ; Duplicated ; Router Logic Cell Insertion and Logic Duplication ; Routability optimization   ;           ;                ; sha256_core:u_core|mc:u_mc|register_file[1][18]~DUPLICATE    ;                  ;                       ;
; sha256_core:u_core|mc:u_mc|register_file[1][21]    ; Duplicated ; Router Logic Cell Insertion and Logic Duplication ; Routability optimization   ;           ;                ; sha256_core:u_core|mc:u_mc|register_file[1][21]~DUPLICATE    ;                  ;                       ;
; sha256_core:u_core|mc:u_mc|register_file[1][27]    ; Duplicated ; Router Logic Cell Insertion and Logic Duplication ; Routability optimization   ;           ;                ; sha256_core:u_core|mc:u_mc|register_file[1][27]~DUPLICATE    ;                  ;                       ;
; sha256_core:u_core|mc:u_mc|register_file[1][31]    ; Duplicated ; Router Logic Cell Insertion and Logic Duplication ; Routability optimization   ;           ;                ; sha256_core:u_core|mc:u_mc|register_file[1][31]~DUPLICATE    ;                  ;                       ;
; sha256_core:u_core|mc:u_mc|register_file[2][5]     ; Duplicated ; Router Logic Cell Insertion and Logic Duplication ; Routability optimization   ;           ;                ; sha256_core:u_core|mc:u_mc|register_file[2][5]~DUPLICATE     ;                  ;                       ;
; sha256_core:u_core|mc:u_mc|register_file[2][9]     ; Duplicated ; Router Logic Cell Insertion and Logic Duplication ; Routability optimization   ;           ;                ; sha256_core:u_core|mc:u_mc|register_file[2][9]~DUPLICATE     ;                  ;                       ;
; sha256_core:u_core|mc:u_mc|register_file[2][17]    ; Duplicated ; Router Logic Cell Insertion and Logic Duplication ; Routability optimization   ;           ;                ; sha256_core:u_core|mc:u_mc|register_file[2][17]~DUPLICATE    ;                  ;                       ;
; sha256_core:u_core|mc:u_mc|register_file[2][18]    ; Duplicated ; Router Logic Cell Insertion and Logic Duplication ; Routability optimization   ;           ;                ; sha256_core:u_core|mc:u_mc|register_file[2][18]~DUPLICATE    ;                  ;                       ;
; sha256_core:u_core|mc:u_mc|register_file[2][20]    ; Duplicated ; Router Logic Cell Insertion and Logic Duplication ; Routability optimization   ;           ;                ; sha256_core:u_core|mc:u_mc|register_file[2][20]~DUPLICATE    ;                  ;                       ;
; sha256_core:u_core|mc:u_mc|register_file[2][24]    ; Duplicated ; Router Logic Cell Insertion and Logic Duplication ; Routability optimization   ;           ;                ; sha256_core:u_core|mc:u_mc|register_file[2][24]~DUPLICATE    ;                  ;                       ;
; sha256_core:u_core|mc:u_mc|register_file[2][25]    ; Duplicated ; Router Logic Cell Insertion and Logic Duplication ; Routability optimization   ;           ;                ; sha256_core:u_core|mc:u_mc|register_file[2][25]~DUPLICATE    ;                  ;                       ;
; sha256_core:u_core|mc:u_mc|register_file[2][28]    ; Duplicated ; Router Logic Cell Insertion and Logic Duplication ; Routability optimization   ;           ;                ; sha256_core:u_core|mc:u_mc|register_file[2][28]~DUPLICATE    ;                  ;                       ;
; sha256_core:u_core|mc:u_mc|register_file[2][30]    ; Duplicated ; Router Logic Cell Insertion and Logic Duplication ; Routability optimization   ;           ;                ; sha256_core:u_core|mc:u_mc|register_file[2][30]~DUPLICATE    ;                  ;                       ;
; sha256_core:u_core|mc:u_mc|register_file[3][6]     ; Duplicated ; Router Logic Cell Insertion and Logic Duplication ; Routability optimization   ;           ;                ; sha256_core:u_core|mc:u_mc|register_file[3][6]~DUPLICATE     ;                  ;                       ;
; sha256_core:u_core|mc:u_mc|register_file[3][8]     ; Duplicated ; Router Logic Cell Insertion and Logic Duplication ; Routability optimization   ;           ;                ; sha256_core:u_core|mc:u_mc|register_file[3][8]~DUPLICATE     ;                  ;                       ;
; sha256_core:u_core|mc:u_mc|register_file[3][9]     ; Duplicated ; Router Logic Cell Insertion and Logic Duplication ; Routability optimization   ;           ;                ; sha256_core:u_core|mc:u_mc|register_file[3][9]~DUPLICATE     ;                  ;                       ;
; sha256_core:u_core|mc:u_mc|register_file[3][20]    ; Duplicated ; Router Logic Cell Insertion and Logic Duplication ; Routability optimization   ;           ;                ; sha256_core:u_core|mc:u_mc|register_file[3][20]~DUPLICATE    ;                  ;                       ;
; sha256_core:u_core|mc:u_mc|register_file[4][0]     ; Duplicated ; Router Logic Cell Insertion and Logic Duplication ; Routability optimization   ;           ;                ; sha256_core:u_core|mc:u_mc|register_file[4][0]~DUPLICATE     ;                  ;                       ;
; sha256_core:u_core|mc:u_mc|register_file[4][1]     ; Duplicated ; Router Logic Cell Insertion and Logic Duplication ; Routability optimization   ;           ;                ; sha256_core:u_core|mc:u_mc|register_file[4][1]~DUPLICATE     ;                  ;                       ;
; sha256_core:u_core|mc:u_mc|register_file[4][2]     ; Duplicated ; Router Logic Cell Insertion and Logic Duplication ; Routability optimization   ;           ;                ; sha256_core:u_core|mc:u_mc|register_file[4][2]~DUPLICATE     ;                  ;                       ;
; sha256_core:u_core|mc:u_mc|register_file[4][5]     ; Duplicated ; Router Logic Cell Insertion and Logic Duplication ; Routability optimization   ;           ;                ; sha256_core:u_core|mc:u_mc|register_file[4][5]~DUPLICATE     ;                  ;                       ;
; sha256_core:u_core|mc:u_mc|register_file[4][8]     ; Duplicated ; Router Logic Cell Insertion and Logic Duplication ; Routability optimization   ;           ;                ; sha256_core:u_core|mc:u_mc|register_file[4][8]~DUPLICATE     ;                  ;                       ;
; sha256_core:u_core|mc:u_mc|register_file[4][9]     ; Duplicated ; Router Logic Cell Insertion and Logic Duplication ; Routability optimization   ;           ;                ; sha256_core:u_core|mc:u_mc|register_file[4][9]~DUPLICATE     ;                  ;                       ;
; sha256_core:u_core|mc:u_mc|register_file[4][10]    ; Duplicated ; Router Logic Cell Insertion and Logic Duplication ; Routability optimization   ;           ;                ; sha256_core:u_core|mc:u_mc|register_file[4][10]~DUPLICATE    ;                  ;                       ;
; sha256_core:u_core|mc:u_mc|register_file[4][11]    ; Duplicated ; Router Logic Cell Insertion and Logic Duplication ; Routability optimization   ;           ;                ; sha256_core:u_core|mc:u_mc|register_file[4][11]~DUPLICATE    ;                  ;                       ;
; sha256_core:u_core|mc:u_mc|register_file[4][13]    ; Duplicated ; Router Logic Cell Insertion and Logic Duplication ; Routability optimization   ;           ;                ; sha256_core:u_core|mc:u_mc|register_file[4][13]~DUPLICATE    ;                  ;                       ;
; sha256_core:u_core|mc:u_mc|register_file[4][16]    ; Duplicated ; Router Logic Cell Insertion and Logic Duplication ; Routability optimization   ;           ;                ; sha256_core:u_core|mc:u_mc|register_file[4][16]~DUPLICATE    ;                  ;                       ;
; sha256_core:u_core|mc:u_mc|register_file[4][18]    ; Duplicated ; Router Logic Cell Insertion and Logic Duplication ; Routability optimization   ;           ;                ; sha256_core:u_core|mc:u_mc|register_file[4][18]~DUPLICATE    ;                  ;                       ;
; sha256_core:u_core|mc:u_mc|register_file[4][22]    ; Duplicated ; Router Logic Cell Insertion and Logic Duplication ; Routability optimization   ;           ;                ; sha256_core:u_core|mc:u_mc|register_file[4][22]~DUPLICATE    ;                  ;                       ;
; sha256_core:u_core|mc:u_mc|register_file[4][27]    ; Duplicated ; Router Logic Cell Insertion and Logic Duplication ; Routability optimization   ;           ;                ; sha256_core:u_core|mc:u_mc|register_file[4][27]~DUPLICATE    ;                  ;                       ;
; sha256_core:u_core|mc:u_mc|register_file[4][28]    ; Duplicated ; Router Logic Cell Insertion and Logic Duplication ; Routability optimization   ;           ;                ; sha256_core:u_core|mc:u_mc|register_file[4][28]~DUPLICATE    ;                  ;                       ;
; sha256_core:u_core|mc:u_mc|register_file[4][29]    ; Duplicated ; Router Logic Cell Insertion and Logic Duplication ; Routability optimization   ;           ;                ; sha256_core:u_core|mc:u_mc|register_file[4][29]~DUPLICATE    ;                  ;                       ;
; sha256_core:u_core|mc:u_mc|register_file[4][30]    ; Duplicated ; Router Logic Cell Insertion and Logic Duplication ; Routability optimization   ;           ;                ; sha256_core:u_core|mc:u_mc|register_file[4][30]~DUPLICATE    ;                  ;                       ;
; sha256_core:u_core|mc:u_mc|register_file[5][2]     ; Duplicated ; Router Logic Cell Insertion and Logic Duplication ; Routability optimization   ;           ;                ; sha256_core:u_core|mc:u_mc|register_file[5][2]~DUPLICATE     ;                  ;                       ;
; sha256_core:u_core|mc:u_mc|register_file[5][3]     ; Duplicated ; Router Logic Cell Insertion and Logic Duplication ; Routability optimization   ;           ;                ; sha256_core:u_core|mc:u_mc|register_file[5][3]~DUPLICATE     ;                  ;                       ;
; sha256_core:u_core|mc:u_mc|register_file[5][8]     ; Duplicated ; Router Logic Cell Insertion and Logic Duplication ; Routability optimization   ;           ;                ; sha256_core:u_core|mc:u_mc|register_file[5][8]~DUPLICATE     ;                  ;                       ;
; sha256_core:u_core|mc:u_mc|register_file[5][11]    ; Duplicated ; Router Logic Cell Insertion and Logic Duplication ; Routability optimization   ;           ;                ; sha256_core:u_core|mc:u_mc|register_file[5][11]~DUPLICATE    ;                  ;                       ;
; sha256_core:u_core|mc:u_mc|register_file[5][14]    ; Duplicated ; Router Logic Cell Insertion and Logic Duplication ; Routability optimization   ;           ;                ; sha256_core:u_core|mc:u_mc|register_file[5][14]~DUPLICATE    ;                  ;                       ;
; sha256_core:u_core|mc:u_mc|register_file[5][15]    ; Duplicated ; Router Logic Cell Insertion and Logic Duplication ; Routability optimization   ;           ;                ; sha256_core:u_core|mc:u_mc|register_file[5][15]~DUPLICATE    ;                  ;                       ;
; sha256_core:u_core|mc:u_mc|register_file[5][16]    ; Duplicated ; Router Logic Cell Insertion and Logic Duplication ; Routability optimization   ;           ;                ; sha256_core:u_core|mc:u_mc|register_file[5][16]~DUPLICATE    ;                  ;                       ;
; sha256_core:u_core|mc:u_mc|register_file[5][24]    ; Duplicated ; Router Logic Cell Insertion and Logic Duplication ; Routability optimization   ;           ;                ; sha256_core:u_core|mc:u_mc|register_file[5][24]~DUPLICATE    ;                  ;                       ;
; sha256_core:u_core|mc:u_mc|register_file[5][25]    ; Duplicated ; Router Logic Cell Insertion and Logic Duplication ; Routability optimization   ;           ;                ; sha256_core:u_core|mc:u_mc|register_file[5][25]~DUPLICATE    ;                  ;                       ;
; sha256_core:u_core|mc:u_mc|register_file[5][26]    ; Duplicated ; Router Logic Cell Insertion and Logic Duplication ; Routability optimization   ;           ;                ; sha256_core:u_core|mc:u_mc|register_file[5][26]~DUPLICATE    ;                  ;                       ;
; sha256_core:u_core|mc:u_mc|register_file[6][1]     ; Duplicated ; Router Logic Cell Insertion and Logic Duplication ; Routability optimization   ;           ;                ; sha256_core:u_core|mc:u_mc|register_file[6][1]~DUPLICATE     ;                  ;                       ;
; sha256_core:u_core|mc:u_mc|register_file[6][2]     ; Duplicated ; Router Logic Cell Insertion and Logic Duplication ; Routability optimization   ;           ;                ; sha256_core:u_core|mc:u_mc|register_file[6][2]~DUPLICATE     ;                  ;                       ;
; sha256_core:u_core|mc:u_mc|register_file[6][4]     ; Duplicated ; Router Logic Cell Insertion and Logic Duplication ; Routability optimization   ;           ;                ; sha256_core:u_core|mc:u_mc|register_file[6][4]~DUPLICATE     ;                  ;                       ;
; sha256_core:u_core|mc:u_mc|register_file[6][5]     ; Duplicated ; Router Logic Cell Insertion and Logic Duplication ; Routability optimization   ;           ;                ; sha256_core:u_core|mc:u_mc|register_file[6][5]~DUPLICATE     ;                  ;                       ;
; sha256_core:u_core|mc:u_mc|register_file[6][7]     ; Duplicated ; Router Logic Cell Insertion and Logic Duplication ; Routability optimization   ;           ;                ; sha256_core:u_core|mc:u_mc|register_file[6][7]~DUPLICATE     ;                  ;                       ;
; sha256_core:u_core|mc:u_mc|register_file[6][9]     ; Duplicated ; Router Logic Cell Insertion and Logic Duplication ; Routability optimization   ;           ;                ; sha256_core:u_core|mc:u_mc|register_file[6][9]~DUPLICATE     ;                  ;                       ;
; sha256_core:u_core|mc:u_mc|register_file[6][12]    ; Duplicated ; Router Logic Cell Insertion and Logic Duplication ; Routability optimization   ;           ;                ; sha256_core:u_core|mc:u_mc|register_file[6][12]~DUPLICATE    ;                  ;                       ;
; sha256_core:u_core|mc:u_mc|register_file[6][14]    ; Duplicated ; Router Logic Cell Insertion and Logic Duplication ; Routability optimization   ;           ;                ; sha256_core:u_core|mc:u_mc|register_file[6][14]~DUPLICATE    ;                  ;                       ;
; sha256_core:u_core|mc:u_mc|register_file[6][17]    ; Duplicated ; Router Logic Cell Insertion and Logic Duplication ; Routability optimization   ;           ;                ; sha256_core:u_core|mc:u_mc|register_file[6][17]~DUPLICATE    ;                  ;                       ;
; sha256_core:u_core|mc:u_mc|register_file[6][19]    ; Duplicated ; Router Logic Cell Insertion and Logic Duplication ; Routability optimization   ;           ;                ; sha256_core:u_core|mc:u_mc|register_file[6][19]~DUPLICATE    ;                  ;                       ;
; sha256_core:u_core|mc:u_mc|register_file[6][23]    ; Duplicated ; Router Logic Cell Insertion and Logic Duplication ; Routability optimization   ;           ;                ; sha256_core:u_core|mc:u_mc|register_file[6][23]~DUPLICATE    ;                  ;                       ;
; sha256_core:u_core|mc:u_mc|register_file[6][24]    ; Duplicated ; Router Logic Cell Insertion and Logic Duplication ; Routability optimization   ;           ;                ; sha256_core:u_core|mc:u_mc|register_file[6][24]~DUPLICATE    ;                  ;                       ;
; sha256_core:u_core|mc:u_mc|register_file[6][25]    ; Duplicated ; Router Logic Cell Insertion and Logic Duplication ; Routability optimization   ;           ;                ; sha256_core:u_core|mc:u_mc|register_file[6][25]~DUPLICATE    ;                  ;                       ;
; sha256_core:u_core|mc:u_mc|register_file[7][6]     ; Duplicated ; Router Logic Cell Insertion and Logic Duplication ; Routability optimization   ;           ;                ; sha256_core:u_core|mc:u_mc|register_file[7][6]~DUPLICATE     ;                  ;                       ;
; sha256_core:u_core|mc:u_mc|register_file[7][8]     ; Duplicated ; Router Logic Cell Insertion and Logic Duplication ; Routability optimization   ;           ;                ; sha256_core:u_core|mc:u_mc|register_file[7][8]~DUPLICATE     ;                  ;                       ;
; sha256_core:u_core|mc:u_mc|register_file[7][12]    ; Duplicated ; Router Logic Cell Insertion and Logic Duplication ; Routability optimization   ;           ;                ; sha256_core:u_core|mc:u_mc|register_file[7][12]~DUPLICATE    ;                  ;                       ;
; sha256_core:u_core|mc:u_mc|register_file[7][21]    ; Duplicated ; Router Logic Cell Insertion and Logic Duplication ; Routability optimization   ;           ;                ; sha256_core:u_core|mc:u_mc|register_file[7][21]~DUPLICATE    ;                  ;                       ;
; sha256_core:u_core|mc:u_mc|register_file[7][25]    ; Duplicated ; Router Logic Cell Insertion and Logic Duplication ; Routability optimization   ;           ;                ; sha256_core:u_core|mc:u_mc|register_file[7][25]~DUPLICATE    ;                  ;                       ;
; sha256_core:u_core|mc:u_mc|register_file[7][27]    ; Duplicated ; Router Logic Cell Insertion and Logic Duplication ; Routability optimization   ;           ;                ; sha256_core:u_core|mc:u_mc|register_file[7][27]~DUPLICATE    ;                  ;                       ;
; sha256_core:u_core|mc:u_mc|register_file[7][28]    ; Duplicated ; Router Logic Cell Insertion and Logic Duplication ; Routability optimization   ;           ;                ; sha256_core:u_core|mc:u_mc|register_file[7][28]~DUPLICATE    ;                  ;                       ;
; sha256_core:u_core|mc:u_mc|register_file[7][30]    ; Duplicated ; Router Logic Cell Insertion and Logic Duplication ; Routability optimization   ;           ;                ; sha256_core:u_core|mc:u_mc|register_file[7][30]~DUPLICATE    ;                  ;                       ;
; sha256_core:u_core|mc:u_mc|register_file[8][0]     ; Duplicated ; Router Logic Cell Insertion and Logic Duplication ; Routability optimization   ;           ;                ; sha256_core:u_core|mc:u_mc|register_file[8][0]~DUPLICATE     ;                  ;                       ;
; sha256_core:u_core|mc:u_mc|register_file[8][1]     ; Duplicated ; Router Logic Cell Insertion and Logic Duplication ; Routability optimization   ;           ;                ; sha256_core:u_core|mc:u_mc|register_file[8][1]~DUPLICATE     ;                  ;                       ;
; sha256_core:u_core|mc:u_mc|register_file[8][7]     ; Duplicated ; Router Logic Cell Insertion and Logic Duplication ; Routability optimization   ;           ;                ; sha256_core:u_core|mc:u_mc|register_file[8][7]~DUPLICATE     ;                  ;                       ;
; sha256_core:u_core|mc:u_mc|register_file[8][9]     ; Duplicated ; Router Logic Cell Insertion and Logic Duplication ; Routability optimization   ;           ;                ; sha256_core:u_core|mc:u_mc|register_file[8][9]~DUPLICATE     ;                  ;                       ;
; sha256_core:u_core|mc:u_mc|register_file[8][11]    ; Duplicated ; Router Logic Cell Insertion and Logic Duplication ; Routability optimization   ;           ;                ; sha256_core:u_core|mc:u_mc|register_file[8][11]~DUPLICATE    ;                  ;                       ;
; sha256_core:u_core|mc:u_mc|register_file[8][14]    ; Duplicated ; Router Logic Cell Insertion and Logic Duplication ; Routability optimization   ;           ;                ; sha256_core:u_core|mc:u_mc|register_file[8][14]~DUPLICATE    ;                  ;                       ;
; sha256_core:u_core|mc:u_mc|register_file[8][15]    ; Duplicated ; Router Logic Cell Insertion and Logic Duplication ; Routability optimization   ;           ;                ; sha256_core:u_core|mc:u_mc|register_file[8][15]~DUPLICATE    ;                  ;                       ;
; sha256_core:u_core|mc:u_mc|register_file[8][20]    ; Duplicated ; Router Logic Cell Insertion and Logic Duplication ; Routability optimization   ;           ;                ; sha256_core:u_core|mc:u_mc|register_file[8][20]~DUPLICATE    ;                  ;                       ;
; sha256_core:u_core|mc:u_mc|register_file[8][27]    ; Duplicated ; Router Logic Cell Insertion and Logic Duplication ; Routability optimization   ;           ;                ; sha256_core:u_core|mc:u_mc|register_file[8][27]~DUPLICATE    ;                  ;                       ;
; sha256_core:u_core|mc:u_mc|register_file[8][28]    ; Duplicated ; Router Logic Cell Insertion and Logic Duplication ; Routability optimization   ;           ;                ; sha256_core:u_core|mc:u_mc|register_file[8][28]~DUPLICATE    ;                  ;                       ;
; sha256_core:u_core|mc:u_mc|register_file[8][30]    ; Duplicated ; Router Logic Cell Insertion and Logic Duplication ; Routability optimization   ;           ;                ; sha256_core:u_core|mc:u_mc|register_file[8][30]~DUPLICATE    ;                  ;                       ;
; sha256_core:u_core|mc:u_mc|register_file[9][18]    ; Duplicated ; Router Logic Cell Insertion and Logic Duplication ; Routability optimization   ;           ;                ; sha256_core:u_core|mc:u_mc|register_file[9][18]~DUPLICATE    ;                  ;                       ;
; sha256_core:u_core|sha256_fsm:u_fsm|bytes_left[9]  ; Duplicated ; Router Logic Cell Insertion and Logic Duplication ; Routability optimization   ;           ;                ; sha256_core:u_core|sha256_fsm:u_fsm|bytes_left[9]~DUPLICATE  ;                  ;                       ;
; sha256_core:u_core|sha256_fsm:u_fsm|bytes_left[13] ; Duplicated ; Router Logic Cell Insertion and Logic Duplication ; Routability optimization   ;           ;                ; sha256_core:u_core|sha256_fsm:u_fsm|bytes_left[13]~DUPLICATE ;                  ;                       ;
; sha256_core:u_core|sha256_fsm:u_fsm|cyc[0]         ; Duplicated ; Router Logic Cell Insertion and Logic Duplication ; Routability optimization   ;           ;                ; sha256_core:u_core|sha256_fsm:u_fsm|cyc[0]~DUPLICATE         ;                  ;                       ;
; sha256_core:u_core|sha256_fsm:u_fsm|cyc[1]         ; Duplicated ; Router Logic Cell Insertion and Logic Duplication ; Routability optimization   ;           ;                ; sha256_core:u_core|sha256_fsm:u_fsm|cyc[1]~DUPLICATE         ;                  ;                       ;
; sha256_core:u_core|sha256_fsm:u_fsm|cyc[4]         ; Duplicated ; Router Logic Cell Insertion and Logic Duplication ; Routability optimization   ;           ;                ; sha256_core:u_core|sha256_fsm:u_fsm|cyc[4]~DUPLICATE         ;                  ;                       ;
; sha256_core:u_core|sha256_fsm:u_fsm|first_q        ; Duplicated ; Router Logic Cell Insertion and Logic Duplication ; Routability optimization   ;           ;                ; sha256_core:u_core|sha256_fsm:u_fsm|first_q~DUPLICATE        ;                  ;                       ;
; sha256_core:u_core|sha256_fsm:u_fsm|keep[1]        ; Duplicated ; Router Logic Cell Insertion and Logic Duplication ; Routability optimization   ;           ;                ; sha256_core:u_core|sha256_fsm:u_fsm|keep[1]~DUPLICATE        ;                  ;                       ;
; sha256_core:u_core|sha256_fsm:u_fsm|pad_cnt[3]     ; Duplicated ; Router Logic Cell Insertion and Logic Duplication ; Routability optimization   ;           ;                ; sha256_core:u_core|sha256_fsm:u_fsm|pad_cnt[3]~DUPLICATE     ;                  ;                       ;
; sha256_core:u_core|sha256_fsm:u_fsm|sched_en       ; Duplicated ; Router Logic Cell Insertion and Logic Duplication ; Routability optimization   ;           ;                ; sha256_core:u_core|sha256_fsm:u_fsm|sched_en~DUPLICATE       ;                  ;                       ;
; sha256_core:u_core|sha256_fsm:u_fsm|second_pass    ; Duplicated ; Router Logic Cell Insertion and Logic Duplication ; Routability optimization   ;           ;                ; sha256_core:u_core|sha256_fsm:u_fsm|second_pass~DUPLICATE    ;                  ;                       ;
; sha256_core:u_core|sha256_fsm:u_fsm|state[0]       ; Duplicated ; Router Logic Cell Insertion and Logic Duplication ; Routability optimization   ;           ;                ; sha256_core:u_core|sha256_fsm:u_fsm|state[0]~DUPLICATE       ;                  ;                       ;
; sha256_core:u_core|wram:u_wram|w[0][4]             ; Duplicated ; Router Logic Cell Insertion and Logic Duplication ; Routability optimization   ;           ;                ; sha256_core:u_core|wram:u_wram|w[0][4]~DUPLICATE             ;                  ;                       ;
; sha256_core:u_core|wram:u_wram|w[0][6]             ; Duplicated ; Router Logic Cell Insertion and Logic Duplication ; Routability optimization   ;           ;                ; sha256_core:u_core|wram:u_wram|w[0][6]~DUPLICATE             ;                  ;                       ;
; sha256_core:u_core|wram:u_wram|w[0][10]            ; Duplicated ; Router Logic Cell Insertion and Logic Duplication ; Routability optimization   ;           ;                ; sha256_core:u_core|wram:u_wram|w[0][10]~DUPLICATE            ;                  ;                       ;
; sha256_core:u_core|wram:u_wram|w[0][13]            ; Duplicated ; Router Logic Cell Insertion and Logic Duplication ; Routability optimization   ;           ;                ; sha256_core:u_core|wram:u_wram|w[0][13]~DUPLICATE            ;                  ;                       ;
; sha256_core:u_core|wram:u_wram|w[0][14]            ; Duplicated ; Router Logic Cell Insertion and Logic Duplication ; Routability optimization   ;           ;                ; sha256_core:u_core|wram:u_wram|w[0][14]~DUPLICATE            ;                  ;                       ;
; sha256_core:u_core|wram:u_wram|w[0][16]            ; Duplicated ; Router Logic Cell Insertion and Logic Duplication ; Routability optimization   ;           ;                ; sha256_core:u_core|wram:u_wram|w[0][16]~DUPLICATE            ;                  ;                       ;
; sha256_core:u_core|wram:u_wram|w[0][17]            ; Duplicated ; Router Logic Cell Insertion and Logic Duplication ; Routability optimization   ;           ;                ; sha256_core:u_core|wram:u_wram|w[0][17]~DUPLICATE            ;                  ;                       ;
; sha256_core:u_core|wram:u_wram|w[0][18]            ; Duplicated ; Router Logic Cell Insertion and Logic Duplication ; Routability optimization   ;           ;                ; sha256_core:u_core|wram:u_wram|w[0][18]~DUPLICATE            ;                  ;                       ;
; sha256_core:u_core|wram:u_wram|w[0][19]            ; Duplicated ; Router Logic Cell Insertion and Logic Duplication ; Routability optimization   ;           ;                ; sha256_core:u_core|wram:u_wram|w[0][19]~DUPLICATE            ;                  ;                       ;
; sha256_core:u_core|wram:u_wram|w[0][20]            ; Duplicated ; Router Logic Cell Insertion and Logic Duplication ; Routability optimization   ;           ;                ; sha256_core:u_core|wram:u_wram|w[0][20]~DUPLICATE            ;                  ;                       ;
; sha256_core:u_core|wram:u_wram|w[0][21]            ; Duplicated ; Router Logic Cell Insertion and Logic Duplication ; Routability optimization   ;           ;                ; sha256_core:u_core|wram:u_wram|w[0][21]~DUPLICATE            ;                  ;                       ;
; sha256_core:u_core|wram:u_wram|w[0][26]            ; Duplicated ; Router Logic Cell Insertion and Logic Duplication ; Routability optimization   ;           ;                ; sha256_core:u_core|wram:u_wram|w[0][26]~DUPLICATE            ;                  ;                       ;
; sha256_core:u_core|wram:u_wram|w[1][2]             ; Duplicated ; Router Logic Cell Insertion and Logic Duplication ; Routability optimization   ;           ;                ; sha256_core:u_core|wram:u_wram|w[1][2]~DUPLICATE             ;                  ;                       ;
; sha256_core:u_core|wram:u_wram|w[1][5]             ; Duplicated ; Router Logic Cell Insertion and Logic Duplication ; Routability optimization   ;           ;                ; sha256_core:u_core|wram:u_wram|w[1][5]~DUPLICATE             ;                  ;                       ;
; sha256_core:u_core|wram:u_wram|w[1][6]             ; Duplicated ; Router Logic Cell Insertion and Logic Duplication ; Routability optimization   ;           ;                ; sha256_core:u_core|wram:u_wram|w[1][6]~DUPLICATE             ;                  ;                       ;
; sha256_core:u_core|wram:u_wram|w[1][7]             ; Duplicated ; Router Logic Cell Insertion and Logic Duplication ; Routability optimization   ;           ;                ; sha256_core:u_core|wram:u_wram|w[1][7]~DUPLICATE             ;                  ;                       ;
; sha256_core:u_core|wram:u_wram|w[1][9]             ; Duplicated ; Router Logic Cell Insertion and Logic Duplication ; Routability optimization   ;           ;                ; sha256_core:u_core|wram:u_wram|w[1][9]~DUPLICATE             ;                  ;                       ;
; sha256_core:u_core|wram:u_wram|w[1][12]            ; Duplicated ; Router Logic Cell Insertion and Logic Duplication ; Routability optimization   ;           ;                ; sha256_core:u_core|wram:u_wram|w[1][12]~DUPLICATE            ;                  ;                       ;
; sha256_core:u_core|wram:u_wram|w[1][13]            ; Duplicated ; Router Logic Cell Insertion and Logic Duplication ; Routability optimization   ;           ;                ; sha256_core:u_core|wram:u_wram|w[1][13]~DUPLICATE            ;                  ;                       ;
; sha256_core:u_core|wram:u_wram|w[1][14]            ; Duplicated ; Router Logic Cell Insertion and Logic Duplication ; Routability optimization   ;           ;                ; sha256_core:u_core|wram:u_wram|w[1][14]~DUPLICATE            ;                  ;                       ;
; sha256_core:u_core|wram:u_wram|w[1][20]            ; Duplicated ; Router Logic Cell Insertion and Logic Duplication ; Routability optimization   ;           ;                ; sha256_core:u_core|wram:u_wram|w[1][20]~DUPLICATE            ;                  ;                       ;
; sha256_core:u_core|wram:u_wram|w[1][22]            ; Duplicated ; Router Logic Cell Insertion and Logic Duplication ; Routability optimization   ;           ;                ; sha256_core:u_core|wram:u_wram|w[1][22]~DUPLICATE            ;                  ;                       ;
; sha256_core:u_core|wram:u_wram|w[9][1]             ; Duplicated ; Router Logic Cell Insertion and Logic Duplication ; Routability optimization   ;           ;                ; sha256_core:u_core|wram:u_wram|w[9][1]~DUPLICATE             ;                  ;                       ;
; sha256_core:u_core|wram:u_wram|w[9][17]            ; Duplicated ; Router Logic Cell Insertion and Logic Duplication ; Routability optimization   ;           ;                ; sha256_core:u_core|wram:u_wram|w[9][17]~DUPLICATE            ;                  ;                       ;
; sha256_core:u_core|wram:u_wram|w[9][29]            ; Duplicated ; Router Logic Cell Insertion and Logic Duplication ; Routability optimization   ;           ;                ; sha256_core:u_core|wram:u_wram|w[9][29]~DUPLICATE            ;                  ;                       ;
; sha256_core:u_core|wram:u_wram|w[14][0]            ; Duplicated ; Router Logic Cell Insertion and Logic Duplication ; Routability optimization   ;           ;                ; sha256_core:u_core|wram:u_wram|w[14][0]~DUPLICATE            ;                  ;                       ;
; sha256_core:u_core|wram:u_wram|w[14][3]            ; Duplicated ; Router Logic Cell Insertion and Logic Duplication ; Routability optimization   ;           ;                ; sha256_core:u_core|wram:u_wram|w[14][3]~DUPLICATE            ;                  ;                       ;
; sha256_core:u_core|wram:u_wram|w[14][12]           ; Duplicated ; Router Logic Cell Insertion and Logic Duplication ; Routability optimization   ;           ;                ; sha256_core:u_core|wram:u_wram|w[14][12]~DUPLICATE           ;                  ;                       ;
; sha256_core:u_core|wram:u_wram|w[14][14]           ; Duplicated ; Router Logic Cell Insertion and Logic Duplication ; Routability optimization   ;           ;                ; sha256_core:u_core|wram:u_wram|w[14][14]~DUPLICATE           ;                  ;                       ;
; sha256_core:u_core|wram:u_wram|w[14][19]           ; Duplicated ; Router Logic Cell Insertion and Logic Duplication ; Routability optimization   ;           ;                ; sha256_core:u_core|wram:u_wram|w[14][19]~DUPLICATE           ;                  ;                       ;
; sha256_core:u_core|wram:u_wram|w[14][23]           ; Duplicated ; Router Logic Cell Insertion and Logic Duplication ; Routability optimization   ;           ;                ; sha256_core:u_core|wram:u_wram|w[14][23]~DUPLICATE           ;                  ;                       ;
; sha256_core:u_core|wram:u_wram|w[14][24]           ; Duplicated ; Router Logic Cell Insertion and Logic Duplication ; Routability optimization   ;           ;                ; sha256_core:u_core|wram:u_wram|w[14][24]~DUPLICATE           ;                  ;                       ;
; sha256_core:u_core|wram:u_wram|w[14][30]           ; Duplicated ; Router Logic Cell Insertion and Logic Duplication ; Routability optimization   ;           ;                ; sha256_core:u_core|wram:u_wram|w[14][30]~DUPLICATE           ;                  ;                       ;
+----------------------------------------------------+------------+---------------------------------------------------+----------------------------+-----------+----------------+--------------------------------------------------------------+------------------+-----------------------+


+---------------------------------------------------------------------------------------------------+
; Incremental Compilation Preservation Summary                                                      ;
+---------------------+---------------------+----------------------------+--------------------------+
; Type                ; Total [A + B]       ; From Design Partitions [A] ; From Rapid Recompile [B] ;
+---------------------+---------------------+----------------------------+--------------------------+
; Placement (by node) ;                     ;                            ;                          ;
;     -- Requested    ; 0.00 % ( 0 / 3185 ) ; 0.00 % ( 0 / 3185 )        ; 0.00 % ( 0 / 3185 )      ;
;     -- Achieved     ; 0.00 % ( 0 / 3185 ) ; 0.00 % ( 0 / 3185 )        ; 0.00 % ( 0 / 3185 )      ;
;                     ;                     ;                            ;                          ;
; Routing (by net)    ;                     ;                            ;                          ;
;     -- Requested    ; 0.00 % ( 0 / 0 )    ; 0.00 % ( 0 / 0 )           ; 0.00 % ( 0 / 0 )         ;
;     -- Achieved     ; 0.00 % ( 0 / 0 )    ; 0.00 % ( 0 / 0 )           ; 0.00 % ( 0 / 0 )         ;
+---------------------+---------------------+----------------------------+--------------------------+


+----------------------------------------------------------------------------------------------------------------------------------------------------------------------------------------+
; Incremental Compilation Partition Settings                                                                                                                                             ;
+--------------------------------+----------------+-------------------+-------------------------+------------------------+------------------------------+--------------------------------+
; Partition Name                 ; Partition Type ; Netlist Type Used ; Preservation Level Used ; Netlist Type Requested ; Preservation Level Requested ; Contents                       ;
+--------------------------------+----------------+-------------------+-------------------------+------------------------+------------------------------+--------------------------------+
; Top                            ; User-created   ; Source File       ; N/A                     ; Source File            ; N/A                          ;                                ;
; hard_block:auto_generated_inst ; Auto-generated ; Source File       ; N/A                     ; Source File            ; N/A                          ; hard_block:auto_generated_inst ;
+--------------------------------+----------------+-------------------+-------------------------+------------------------+------------------------------+--------------------------------+


+------------------------------------------------------------------------------------------------------------------------------------+
; Incremental Compilation Placement Preservation                                                                                     ;
+--------------------------------+-----------------------+-------------------------+-------------------+---------------------+-------+
; Partition Name                 ; Preservation Achieved ; Preservation Level Used ; Netlist Type Used ; Preservation Method ; Notes ;
+--------------------------------+-----------------------+-------------------------+-------------------+---------------------+-------+
; Top                            ; 0.00 % ( 0 / 3185 )   ; N/A                     ; Source File       ; N/A                 ;       ;
; hard_block:auto_generated_inst ; 0.00 % ( 0 / 0 )      ; N/A                     ; Source File       ; N/A                 ;       ;
+--------------------------------+-----------------------+-------------------------+-------------------+---------------------+-------+


+--------------+
; Pin-Out File ;
+--------------+
The pin-out file can be found in C:/Semester_7/Peruri/sha256/PERURI/quartus_sha256_soc/quartus/output_files/sha256_soc.pin.


+------------------------------------------------------------------------------------------+
; Fitter Resource Usage Summary                                                            ;
+-------------------------------------------------------------+--------------------+-------+
; Resource                                                    ; Usage              ; %     ;
+-------------------------------------------------------------+--------------------+-------+
; Logic utilization (ALMs needed / total ALMs on device)      ; 1,366 / 41,910     ; 3 %   ;
; ALMs needed [=A-B+C]                                        ; 1,366              ;       ;
;     [A] ALMs used in final placement [=a+b+c+d]             ; 1,347 / 41,910     ; 3 %   ;
;         [a] ALMs used for LUT logic and registers           ; 390                ;       ;
;         [b] ALMs used for LUT logic                         ; 642                ;       ;
;         [c] ALMs used for registers                         ; 315                ;       ;
;         [d] ALMs used for memory (up to half of total ALMs) ; 0                  ;       ;
;     [B] Estimate of ALMs recoverable by dense packing       ; 58 / 41,910        ; < 1 % ;
;     [C] Estimate of ALMs unavailable [=a+b+c+d]             ; 77 / 41,910        ; < 1 % ;
;         [a] Due to location constrained logic               ; 0                  ;       ;
;         [b] Due to LAB-wide signal conflicts                ; 24                 ;       ;
;         [c] Due to LAB input limits                         ; 53                 ;       ;
;         [d] Due to virtual I/Os                             ; 0                  ;       ;
;                                                             ;                    ;       ;
; Difficulty packing design                                   ; Low                ;       ;
;                                                             ;                    ;       ;
; Total LABs:  partially or completely used                   ; 156 / 4,191        ; 4 %   ;
;     -- Logic LABs                                           ; 156                ;       ;
;     -- Memory LABs (up to half of total LABs)               ; 0                  ;       ;
;                                                             ;                    ;       ;
; Combinational ALUT usage for logic                          ; 1,583              ;       ;
;     -- 7 input functions                                    ; 7                  ;       ;
;     -- 6 input functions                                    ; 484                ;       ;
;     -- 5 input functions                                    ; 168                ;       ;
;     -- 4 input functions                                    ; 391                ;       ;
;     -- <=3 input functions                                  ; 533                ;       ;
; Combinational ALUT usage for route-throughs                 ; 521                ;       ;
; Dedicated logic registers                                   ; 1,562              ;       ;
;     -- By type:                                             ;                    ;       ;
;         -- Primary logic registers                          ; 1,408 / 83,820     ; 2 %   ;
;         -- Secondary logic registers                        ; 154 / 83,820       ; < 1 % ;
;     -- By function:                                         ;                    ;       ;
;         -- Design implementation registers                  ; 1,418              ;       ;
;         -- Routing optimization registers                   ; 144                ;       ;
;                                                             ;                    ;       ;
; Virtual pins                                                ; 0                  ;       ;
; I/O pins                                                    ; 75 / 314           ; 24 %  ;
;     -- Clock pins                                           ; 6 / 8              ; 75 %  ;
;     -- Dedicated input pins                                 ; 0 / 21             ; 0 %   ;
;                                                             ;                    ;       ;
; Hard processor system peripheral utilization                ;                    ;       ;
;     -- Boot from FPGA                                       ; 0 / 1 ( 0 % )      ;       ;
;     -- Clock resets                                         ; 0 / 1 ( 0 % )      ;       ;
;     -- Cross trigger                                        ; 0 / 1 ( 0 % )      ;       ;
;     -- S2F AXI                                              ; 0 / 1 ( 0 % )      ;       ;
;     -- F2S AXI                                              ; 0 / 1 ( 0 % )      ;       ;
;     -- AXI Lightweight                                      ; 0 / 1 ( 0 % )      ;       ;
;     -- SDRAM                                                ; 0 / 1 ( 0 % )      ;       ;
;     -- Interrupts                                           ; 0 / 1 ( 0 % )      ;       ;
;     -- JTAG                                                 ; 0 / 1 ( 0 % )      ;       ;
;     -- Loan I/O                                             ; 0 / 1 ( 0 % )      ;       ;
;     -- MPU event standby                                    ; 0 / 1 ( 0 % )      ;       ;
;     -- MPU general purpose                                  ; 0 / 1 ( 0 % )      ;       ;
;     -- STM event                                            ; 0 / 1 ( 0 % )      ;       ;
;     -- TPIU trace                                           ; 0 / 1 ( 0 % )      ;       ;
;     -- DMA                                                  ; 0 / 1 ( 0 % )      ;       ;
;     -- CAN                                                  ; 0 / 2 ( 0 % )      ;       ;
;     -- EMAC                                                 ; 0 / 2 ( 0 % )      ;       ;
;     -- I2C                                                  ; 0 / 4 ( 0 % )      ;       ;
;     -- NAND Flash                                           ; 0 / 1 ( 0 % )      ;       ;
;     -- QSPI                                                 ; 0 / 1 ( 0 % )      ;       ;
;     -- SDMMC                                                ; 0 / 1 ( 0 % )      ;       ;
;     -- SPI Master                                           ; 0 / 2 ( 0 % )      ;       ;
;     -- SPI Slave                                            ; 0 / 2 ( 0 % )      ;       ;
;     -- UART                                                 ; 0 / 2 ( 0 % )      ;       ;
;     -- USB                                                  ; 0 / 2 ( 0 % )      ;       ;
;                                                             ;                    ;       ;
; Global signals                                              ; 2                  ;       ;
; M10K blocks                                                 ; 1 / 553            ; < 1 % ;
; Total MLAB memory bits                                      ; 0                  ;       ;
; Total block memory bits                                     ; 2,048 / 5,662,720  ; < 1 % ;
; Total block memory implementation bits                      ; 10,240 / 5,662,720 ; < 1 % ;
; Total DSP Blocks                                            ; 0 / 112            ; 0 %   ;
; Fractional PLLs                                             ; 0 / 6              ; 0 %   ;
; Global clocks                                               ; 2 / 16             ; 13 %  ;
; Quadrant clocks                                             ; 0 / 66             ; 0 %   ;
; Horizontal periphery clocks and Vertical periphery clocks   ; 0 / 18             ; 0 %   ;
; SERDES Transmitters                                         ; 0 / 100            ; 0 %   ;
; SERDES Receivers                                            ; 0 / 100            ; 0 %   ;
; JTAGs                                                       ; 0 / 1              ; 0 %   ;
; ASMI blocks                                                 ; 0 / 1              ; 0 %   ;
; CRC blocks                                                  ; 0 / 1              ; 0 %   ;
; Remote update blocks                                        ; 0 / 1              ; 0 %   ;
; Impedance control blocks                                    ; 0 / 4              ; 0 %   ;
; Hard Memory Controllers                                     ; 0 / 1              ; 0 %   ;
; Average interconnect usage (total/H/V)                      ; 1% / 1% / 1%       ;       ;
; Peak interconnect usage (total/H/V)                         ; 30% / 30% / 29%    ;       ;
; Maximum fan-out                                             ; 1563               ;       ;
; Highest non-global fan-out                                  ; 550                ;       ;
; Total fan-out                                               ; 14793              ;       ;
; Average fan-out                                             ; 3.87               ;       ;
+-------------------------------------------------------------+--------------------+-------+


+----------------------------------------------------------------------------------------------------------------------+
; Fitter Partition Statistics                                                                                          ;
+-------------------------------------------------------------+-----------------------+--------------------------------+
; Statistic                                                   ; Top                   ; hard_block:auto_generated_inst ;
+-------------------------------------------------------------+-----------------------+--------------------------------+
; Logic utilization (ALMs needed / total ALMs on device)      ; 1366 / 41910 ( 3 % )  ; 0 / 41910 ( 0 % )              ;
; ALMs needed [=A-B+C]                                        ; 1366                  ; 0                              ;
;     [A] ALMs used in final placement [=a+b+c+d]             ; 1347 / 41910 ( 3 % )  ; 0 / 41910 ( 0 % )              ;
;         [a] ALMs used for LUT logic and registers           ; 390                   ; 0                              ;
;         [b] ALMs used for LUT logic                         ; 642                   ; 0                              ;
;         [c] ALMs used for registers                         ; 315                   ; 0                              ;
;         [d] ALMs used for memory (up to half of total ALMs) ; 0                     ; 0                              ;
;     [B] Estimate of ALMs recoverable by dense packing       ; 58 / 41910 ( < 1 % )  ; 0 / 41910 ( 0 % )              ;
;     [C] Estimate of ALMs unavailable [=a+b+c+d]             ; 77 / 41910 ( < 1 % )  ; 0 / 41910 ( 0 % )              ;
;         [a] Due to location constrained logic               ; 0                     ; 0                              ;
;         [b] Due to LAB-wide signal conflicts                ; 24                    ; 0                              ;
;         [c] Due to LAB input limits                         ; 53                    ; 0                              ;
;         [d] Due to virtual I/Os                             ; 0                     ; 0                              ;
;                                                             ;                       ;                                ;
; Difficulty packing design                                   ; Low                   ; Low                            ;
;                                                             ;                       ;                                ;
; Total LABs:  partially or completely used                   ; 156 / 4191 ( 4 % )    ; 0 / 4191 ( 0 % )               ;
;     -- Logic LABs                                           ; 156                   ; 0                              ;
;     -- Memory LABs (up to half of total LABs)               ; 0                     ; 0                              ;
;                                                             ;                       ;                                ;
; Combinational ALUT usage for logic                          ; 1583                  ; 0                              ;
;     -- 7 input functions                                    ; 7                     ; 0                              ;
;     -- 6 input functions                                    ; 484                   ; 0                              ;
;     -- 5 input functions                                    ; 168                   ; 0                              ;
;     -- 4 input functions                                    ; 391                   ; 0                              ;
;     -- <=3 input functions                                  ; 533                   ; 0                              ;
; Combinational ALUT usage for route-throughs                 ; 521                   ; 0                              ;
; Memory ALUT usage                                           ; 0                     ; 0                              ;
;     -- 64-address deep                                      ; 0                     ; 0                              ;
;     -- 32-address deep                                      ; 0                     ; 0                              ;
;                                                             ;                       ;                                ;
; Dedicated logic registers                                   ; 0                     ; 0                              ;
;     -- By type:                                             ;                       ;                                ;
;         -- Primary logic registers                          ; 1408 / 83820 ( 2 % )  ; 0 / 83820 ( 0 % )              ;
;         -- Secondary logic registers                        ; 154 / 83820 ( < 1 % ) ; 0 / 83820 ( 0 % )              ;
;     -- By function:                                         ;                       ;                                ;
;         -- Design implementation registers                  ; 1418                  ; 0                              ;
;         -- Routing optimization registers                   ; 144                   ; 0                              ;
;                                                             ;                       ;                                ;
;                                                             ;                       ;                                ;
; Virtual pins                                                ; 0                     ; 0                              ;
; I/O pins                                                    ; 75                    ; 0                              ;
; I/O registers                                               ; 0                     ; 0                              ;
; Total block memory bits                                     ; 2048                  ; 0                              ;
; Total block memory implementation bits                      ; 10240                 ; 0                              ;
; M10K block                                                  ; 1 / 553 ( < 1 % )     ; 0 / 553 ( 0 % )                ;
; Clock enable block                                          ; 2 / 116 ( 1 % )       ; 0 / 116 ( 0 % )                ;
;                                                             ;                       ;                                ;
; Connections                                                 ;                       ;                                ;
;     -- Input Connections                                    ; 0                     ; 0                              ;
;     -- Registered Input Connections                         ; 0                     ; 0                              ;
;     -- Output Connections                                   ; 0                     ; 0                              ;
;     -- Registered Output Connections                        ; 0                     ; 0                              ;
;                                                             ;                       ;                                ;
; Internal Connections                                        ;                       ;                                ;
;     -- Total Connections                                    ; 14890                 ; 0                              ;
;     -- Registered Connections                               ; 6651                  ; 0                              ;
;                                                             ;                       ;                                ;
; External Connections                                        ;                       ;                                ;
;     -- Top                                                  ; 0                     ; 0                              ;
;     -- hard_block:auto_generated_inst                       ; 0                     ; 0                              ;
;                                                             ;                       ;                                ;
; Partition Interface                                         ;                       ;                                ;
;     -- Input Ports                                          ; 42                    ; 0                              ;
;     -- Output Ports                                         ; 33                    ; 0                              ;
;     -- Bidir Ports                                          ; 0                     ; 0                              ;
;                                                             ;                       ;                                ;
; Registered Ports                                            ;                       ;                                ;
;     -- Registered Input Ports                               ; 0                     ; 0                              ;
;     -- Registered Output Ports                              ; 0                     ; 0                              ;
;                                                             ;                       ;                                ;
; Port Connectivity                                           ;                       ;                                ;
;     -- Input Ports driven by GND                            ; 0                     ; 0                              ;
;     -- Output Ports driven by GND                           ; 0                     ; 0                              ;
;     -- Input Ports driven by VCC                            ; 0                     ; 0                              ;
;     -- Output Ports driven by VCC                           ; 0                     ; 0                              ;
;     -- Input Ports with no Source                           ; 0                     ; 0                              ;
;     -- Output Ports with no Source                          ; 0                     ; 0                              ;
;     -- Input Ports with no Fanout                           ; 0                     ; 0                              ;
;     -- Output Ports with no Fanout                          ; 0                     ; 0                              ;
+-------------------------------------------------------------+-----------------------+--------------------------------+


+---------------------------------------------------------------------------------------------------------------------------------------------------------------------------------------------------------------------------------------------------------------------+
; Input Pins                                                                                                                                                                                                                                                          ;
+-------------------+-------+----------+--------------+--------------+--------------+-----------------------+--------------------+--------+-----------------+----------+--------------+--------------+-------------+---------------------------+----------------------+
; Name              ; Pin # ; I/O Bank ; X coordinate ; Y coordinate ; Z coordinate ; Combinational Fan-Out ; Registered Fan-Out ; Global ; PCI I/O Enabled ; Bus Hold ; Weak Pull Up ; I/O Standard ; Termination ; Termination Control Block ; Location assigned by ;
+-------------------+-------+----------+--------------+--------------+--------------+-----------------------+--------------------+--------+-----------------+----------+--------------+--------------+-------------+---------------------------+----------------------+
; avs_address[0]    ; AE17  ; 4A       ; 62           ; 0            ; 17           ; 154                   ; 0                  ; no     ; no              ; no       ; Off          ; 2.5 V        ; Off         ; --                        ; Fitter               ;
; avs_address[1]    ; AG14  ; 4A       ; 60           ; 0            ; 34           ; 164                   ; 0                  ; no     ; no              ; no       ; Off          ; 2.5 V        ; Off         ; --                        ; Fitter               ;
; avs_address[2]    ; V13   ; 4A       ; 60           ; 0            ; 17           ; 51                    ; 0                  ; no     ; no              ; no       ; Off          ; 2.5 V        ; Off         ; --                        ; Fitter               ;
; avs_address[3]    ; AD17  ; 4A       ; 62           ; 0            ; 0            ; 58                    ; 0                  ; no     ; no              ; no       ; Off          ; 2.5 V        ; Off         ; --                        ; Fitter               ;
; avs_address[4]    ; AH12  ; 4A       ; 58           ; 0            ; 74           ; 35                    ; 0                  ; no     ; no              ; no       ; Off          ; 2.5 V        ; Off         ; --                        ; Fitter               ;
; avs_address[5]    ; AF17  ; 4A       ; 58           ; 0            ; 40           ; 24                    ; 0                  ; no     ; no              ; no       ; Off          ; 2.5 V        ; Off         ; --                        ; Fitter               ;
; avs_read          ; AG16  ; 4A       ; 58           ; 0            ; 57           ; 32                    ; 0                  ; no     ; no              ; no       ; Off          ; 2.5 V        ; Off         ; --                        ; Fitter               ;
; avs_write         ; AH7   ; 4A       ; 50           ; 0            ; 91           ; 13                    ; 0                  ; no     ; no              ; no       ; Off          ; 2.5 V        ; Off         ; --                        ; Fitter               ;
; avs_writedata[0]  ; AA23  ; 5A       ; 89           ; 9            ; 54           ; 9                     ; 0                  ; no     ; no              ; no       ; Off          ; 2.5 V        ; Off         ; --                        ; Fitter               ;
; avs_writedata[10] ; AE15  ; 4A       ; 54           ; 0            ; 17           ; 3                     ; 0                  ; no     ; no              ; no       ; Off          ; 2.5 V        ; Off         ; --                        ; Fitter               ;
; avs_writedata[11] ; AG11  ; 4A       ; 56           ; 0            ; 34           ; 3                     ; 0                  ; no     ; no              ; no       ; Off          ; 2.5 V        ; Off         ; --                        ; Fitter               ;
; avs_writedata[12] ; AG21  ; 4A       ; 74           ; 0            ; 74           ; 3                     ; 0                  ; no     ; no              ; no       ; Off          ; 2.5 V        ; Off         ; --                        ; Fitter               ;
; avs_writedata[13] ; AA20  ; 5A       ; 89           ; 4            ; 43           ; 3                     ; 0                  ; no     ; no              ; no       ; Off          ; 2.5 V        ; Off         ; --                        ; Fitter               ;
; avs_writedata[14] ; AH6   ; 3B       ; 40           ; 0            ; 34           ; 3                     ; 0                  ; no     ; no              ; no       ; Off          ; 2.5 V        ; Off         ; --                        ; Fitter               ;
; avs_writedata[15] ; AG13  ; 4A       ; 50           ; 0            ; 40           ; 3                     ; 0                  ; no     ; no              ; no       ; Off          ; 2.5 V        ; Off         ; --                        ; Fitter               ;
; avs_writedata[16] ; AG15  ; 4A       ; 62           ; 0            ; 34           ; 3                     ; 0                  ; no     ; no              ; no       ; Off          ; 2.5 V        ; Off         ; --                        ; Fitter               ;
; avs_writedata[17] ; AH5   ; 3B       ; 40           ; 0            ; 51           ; 3                     ; 0                  ; no     ; no              ; no       ; Off          ; 2.5 V        ; Off         ; --                        ; Fitter               ;
; avs_writedata[18] ; AH11  ; 4A       ; 56           ; 0            ; 51           ; 3                     ; 0                  ; no     ; no              ; no       ; Off          ; 2.5 V        ; Off         ; --                        ; Fitter               ;
; avs_writedata[19] ; AG9   ; 4A       ; 52           ; 0            ; 34           ; 3                     ; 0                  ; no     ; no              ; no       ; Off          ; 2.5 V        ; Off         ; --                        ; Fitter               ;
; avs_writedata[1]  ; AE4   ; 3B       ; 26           ; 0            ; 74           ; 13                    ; 0                  ; no     ; no              ; no       ; Off          ; 2.5 V        ; Off         ; --                        ; Fitter               ;
; avs_writedata[20] ; AF13  ; 4A       ; 50           ; 0            ; 57           ; 3                     ; 0                  ; no     ; no              ; no       ; Off          ; 2.5 V        ; Off         ; --                        ; Fitter               ;
; avs_writedata[21] ; V16   ; 5A       ; 89           ; 9            ; 3            ; 3                     ; 0                  ; no     ; no              ; no       ; Off          ; 2.5 V        ; Off         ; --                        ; Fitter               ;
; avs_writedata[22] ; AH22  ; 4A       ; 78           ; 0            ; 51           ; 3                     ; 0                  ; no     ; no              ; no       ; Off          ; 2.5 V        ; Off         ; --                        ; Fitter               ;
; avs_writedata[23] ; Y18   ; 5A       ; 89           ; 6            ; 20           ; 3                     ; 0                  ; no     ; no              ; no       ; Off          ; 2.5 V        ; Off         ; --                        ; Fitter               ;
; avs_writedata[24] ; AA13  ; 4A       ; 56           ; 0            ; 17           ; 3                     ; 0                  ; no     ; no              ; no       ; Off          ; 2.5 V        ; Off         ; --                        ; Fitter               ;
; avs_writedata[25] ; AA24  ; 5A       ; 89           ; 9            ; 37           ; 3                     ; 0                  ; no     ; no              ; no       ; Off          ; 2.5 V        ; Off         ; --                        ; Fitter               ;
; avs_writedata[26] ; W12   ; 3B       ; 40           ; 0            ; 17           ; 3                     ; 0                  ; no     ; no              ; no       ; Off          ; 2.5 V        ; Off         ; --                        ; Fitter               ;
; avs_writedata[27] ; AG6   ; 3B       ; 34           ; 0            ; 91           ; 3                     ; 0                  ; no     ; no              ; no       ; Off          ; 2.5 V        ; Off         ; --                        ; Fitter               ;
; avs_writedata[28] ; D12   ; 8A       ; 40           ; 81           ; 0            ; 3                     ; 0                  ; no     ; no              ; no       ; Off          ; 2.5 V        ; Off         ; --                        ; Fitter               ;
; avs_writedata[29] ; AH4   ; 3B       ; 38           ; 0            ; 51           ; 3                     ; 0                  ; no     ; no              ; no       ; Off          ; 2.5 V        ; Off         ; --                        ; Fitter               ;
; avs_writedata[2]  ; AH14  ; 4A       ; 62           ; 0            ; 51           ; 10                    ; 0                  ; no     ; no              ; no       ; Off          ; 2.5 V        ; Off         ; --                        ; Fitter               ;
; avs_writedata[30] ; AD12  ; 3B       ; 38           ; 0            ; 17           ; 3                     ; 0                  ; no     ; no              ; no       ; Off          ; 2.5 V        ; Off         ; --                        ; Fitter               ;
; avs_writedata[31] ; T13   ; 3B       ; 36           ; 0            ; 0            ; 3                     ; 0                  ; no     ; no              ; no       ; Off          ; 2.5 V        ; Off         ; --                        ; Fitter               ;
; avs_writedata[3]  ; AA15  ; 4A       ; 64           ; 0            ; 17           ; 5                     ; 0                  ; no     ; no              ; no       ; Off          ; 2.5 V        ; Off         ; --                        ; Fitter               ;
; avs_writedata[4]  ; AH2   ; 3B       ; 36           ; 0            ; 51           ; 3                     ; 0                  ; no     ; no              ; no       ; Off          ; 2.5 V        ; Off         ; --                        ; Fitter               ;
; avs_writedata[5]  ; V12   ; 3B       ; 40           ; 0            ; 0            ; 4                     ; 0                  ; no     ; no              ; no       ; Off          ; 2.5 V        ; Off         ; --                        ; Fitter               ;
; avs_writedata[6]  ; AG8   ; 4A       ; 50           ; 0            ; 74           ; 8                     ; 0                  ; no     ; no              ; no       ; Off          ; 2.5 V        ; Off         ; --                        ; Fitter               ;
; avs_writedata[7]  ; AF11  ; 3B       ; 34           ; 0            ; 40           ; 3                     ; 0                  ; no     ; no              ; no       ; Off          ; 2.5 V        ; Off         ; --                        ; Fitter               ;
; avs_writedata[8]  ; C12   ; 8A       ; 40           ; 81           ; 17           ; 3                     ; 0                  ; no     ; no              ; no       ; Off          ; 2.5 V        ; Off         ; --                        ; Fitter               ;
; avs_writedata[9]  ; AE11  ; 3B       ; 30           ; 0            ; 17           ; 3                     ; 0                  ; no     ; no              ; no       ; Off          ; 2.5 V        ; Off         ; --                        ; Fitter               ;
; clk               ; W20   ; 5B       ; 89           ; 23           ; 20           ; 1563                  ; 0                  ; yes    ; no              ; no       ; Off          ; 2.5 V        ; Off         ; --                        ; Fitter               ;
; reset_n           ; W24   ; 5B       ; 89           ; 25           ; 20           ; 1017                  ; 0                  ; yes    ; no              ; no       ; Off          ; 2.5 V        ; Off         ; --                        ; Fitter               ;
+-------------------+-------+----------+--------------+--------------+--------------+-----------------------+--------------------+--------+-----------------+----------+--------------+--------------+-------------+---------------------------+----------------------+


+------------------------------------------------------------------------------------------------------------------------------------------------------------------------------------------------------------------------------------------------------------------------------------------------------------------------------------------------------------------------------------------------------------------------------------------------------------------------------+
; Output Pins                                                                                                                                                                                                                                                                                                                                                                                                                                                                  ;
+------------------+-------+----------+--------------+--------------+--------------+-----------------+-----------+-----------------+------------+---------------+----------+--------------+--------------+------------------+-----------------------------------+---------------------------+----------------------------+-----------------------------+---------------------+-----------------------------+----------------------+----------------------+---------------------+
; Name             ; Pin # ; I/O Bank ; X coordinate ; Y coordinate ; Z coordinate ; Output Register ; Slew Rate ; PCI I/O Enabled ; Open Drain ; TRI Primitive ; Bus Hold ; Weak Pull Up ; I/O Standard ; Current Strength ; Termination                       ; Termination Control Block ; Output Buffer Pre-emphasis ; Voltage Output Differential ; Output Buffer Delay ; Output Buffer Delay Control ; Location assigned by ; Output Enable Source ; Output Enable Group ;
+------------------+-------+----------+--------------+--------------+--------------+-----------------+-----------+-----------------+------------+---------------+----------+--------------+--------------+------------------+-----------------------------------+---------------------------+----------------------------+-----------------------------+---------------------+-----------------------------+----------------------+----------------------+---------------------+
; avs_readdata[0]  ; AH16  ; 4A       ; 64           ; 0            ; 51           ; no              ; 1         ; no              ; no         ; no            ; no       ; Off          ; 2.5 V        ; Default          ; Series 50 Ohm without Calibration ; --                        ; no                         ; no                          ; 0                   ; Off                         ; Fitter               ; -                    ; -                   ;
; avs_readdata[10] ; AH19  ; 4A       ; 70           ; 0            ; 51           ; no              ; 1         ; no              ; no         ; no            ; no       ; Off          ; 2.5 V        ; Default          ; Series 50 Ohm without Calibration ; --                        ; no                         ; no                          ; 0                   ; Off                         ; Fitter               ; -                    ; -                   ;
; avs_readdata[11] ; AH13  ; 4A       ; 60           ; 0            ; 51           ; no              ; 1         ; no              ; no         ; no            ; no       ; Off          ; 2.5 V        ; Default          ; Series 50 Ohm without Calibration ; --                        ; no                         ; no                          ; 0                   ; Off                         ; Fitter               ; -                    ; -                   ;
; avs_readdata[12] ; AE12  ; 3B       ; 38           ; 0            ; 0            ; no              ; 1         ; no              ; no         ; no            ; no       ; Off          ; 2.5 V        ; Default          ; Series 50 Ohm without Calibration ; --                        ; no                         ; no                          ; 0                   ; Off                         ; Fitter               ; -                    ; -                   ;
; avs_readdata[13] ; AH8   ; 4A       ; 52           ; 0            ; 51           ; no              ; 1         ; no              ; no         ; no            ; no       ; Off          ; 2.5 V        ; Default          ; Series 50 Ohm without Calibration ; --                        ; no                         ; no                          ; 0                   ; Off                         ; Fitter               ; -                    ; -                   ;
; avs_readdata[14] ; AD19  ; 4A       ; 66           ; 0            ; 57           ; no              ; 1         ; no              ; no         ; no            ; no       ; Off          ; 2.5 V        ; Default          ; Series 50 Ohm without Calibration ; --                        ; no                         ; no                          ; 0                   ; Off                         ; Fitter               ; -                    ; -                   ;
; avs_readdata[15] ; AF21  ; 4A       ; 74           ; 0            ; 57           ; no              ; 1         ; no              ; no         ; no            ; no       ; Off          ; 2.5 V        ; Default          ; Series 50 Ohm without Calibration ; --                        ; no                         ; no                          ; 0                   ; Off                         ; Fitter               ; -                    ; -                   ;
; avs_readdata[16] ; AH3   ; 3B       ; 36           ; 0            ; 34           ; no              ; 1         ; no              ; no         ; no            ; no       ; Off          ; 2.5 V        ; Default          ; Series 50 Ohm without Calibration ; --                        ; no                         ; no                          ; 0                   ; Off                         ; Fitter               ; -                    ; -                   ;
; avs_readdata[17] ; AE20  ; 4A       ; 70           ; 0            ; 0            ; no              ; 1         ; no              ; no         ; no            ; no       ; Off          ; 2.5 V        ; Default          ; Series 50 Ohm without Calibration ; --                        ; no                         ; no                          ; 0                   ; Off                         ; Fitter               ; -                    ; -                   ;
; avs_readdata[18] ; AE19  ; 4A       ; 66           ; 0            ; 40           ; no              ; 1         ; no              ; no         ; no            ; no       ; Off          ; 2.5 V        ; Default          ; Series 50 Ohm without Calibration ; --                        ; no                         ; no                          ; 0                   ; Off                         ; Fitter               ; -                    ; -                   ;
; avs_readdata[19] ; AG18  ; 4A       ; 68           ; 0            ; 34           ; no              ; 1         ; no              ; no         ; no            ; no       ; Off          ; 2.5 V        ; Default          ; Series 50 Ohm without Calibration ; --                        ; no                         ; no                          ; 0                   ; Off                         ; Fitter               ; -                    ; -                   ;
; avs_readdata[1]  ; AD23  ; 4A       ; 76           ; 0            ; 0            ; no              ; 1         ; no              ; no         ; no            ; no       ; Off          ; 2.5 V        ; Default          ; Series 50 Ohm without Calibration ; --                        ; no                         ; no                          ; 0                   ; Off                         ; Fitter               ; -                    ; -                   ;
; avs_readdata[20] ; AH26  ; 4A       ; 84           ; 0            ; 51           ; no              ; 1         ; no              ; no         ; no            ; no       ; Off          ; 2.5 V        ; Default          ; Series 50 Ohm without Calibration ; --                        ; no                         ; no                          ; 0                   ; Off                         ; Fitter               ; -                    ; -                   ;
; avs_readdata[21] ; D8    ; 8A       ; 38           ; 81           ; 51           ; no              ; 1         ; no              ; no         ; no            ; no       ; Off          ; 2.5 V        ; Default          ; Series 50 Ohm without Calibration ; --                        ; no                         ; no                          ; 0                   ; Off                         ; Fitter               ; -                    ; -                   ;
; avs_readdata[22] ; AF15  ; 4A       ; 54           ; 0            ; 0            ; no              ; 1         ; no              ; no         ; no            ; no       ; Off          ; 2.5 V        ; Default          ; Series 50 Ohm without Calibration ; --                        ; no                         ; no                          ; 0                   ; Off                         ; Fitter               ; -                    ; -                   ;
; avs_readdata[23] ; U14   ; 4A       ; 52           ; 0            ; 0            ; no              ; 1         ; no              ; no         ; no            ; no       ; Off          ; 2.5 V        ; Default          ; Series 50 Ohm without Calibration ; --                        ; no                         ; no                          ; 0                   ; Off                         ; Fitter               ; -                    ; -                   ;
; avs_readdata[24] ; V15   ; 5A       ; 89           ; 9            ; 20           ; no              ; 1         ; no              ; no         ; no            ; no       ; Off          ; 2.5 V        ; Default          ; Series 50 Ohm without Calibration ; --                        ; no                         ; no                          ; 0                   ; Off                         ; Fitter               ; -                    ; -                   ;
; avs_readdata[25] ; Y15   ; 4A       ; 64           ; 0            ; 0            ; no              ; 1         ; no              ; no         ; no            ; no       ; Off          ; 2.5 V        ; Default          ; Series 50 Ohm without Calibration ; --                        ; no                         ; no                          ; 0                   ; Off                         ; Fitter               ; -                    ; -                   ;
; avs_readdata[26] ; AF18  ; 4A       ; 66           ; 0            ; 74           ; no              ; 1         ; no              ; no         ; no            ; no       ; Off          ; 2.5 V        ; Default          ; Series 50 Ohm without Calibration ; --                        ; no                         ; no                          ; 0                   ; Off                         ; Fitter               ; -                    ; -                   ;
; avs_readdata[27] ; AH18  ; 4A       ; 68           ; 0            ; 51           ; no              ; 1         ; no              ; no         ; no            ; no       ; Off          ; 2.5 V        ; Default          ; Series 50 Ohm without Calibration ; --                        ; no                         ; no                          ; 0                   ; Off                         ; Fitter               ; -                    ; -                   ;
; avs_readdata[28] ; AA19  ; 4A       ; 68           ; 0            ; 0            ; no              ; 1         ; no              ; no         ; no            ; no       ; Off          ; 2.5 V        ; Default          ; Series 50 Ohm without Calibration ; --                        ; no                         ; no                          ; 0                   ; Off                         ; Fitter               ; -                    ; -                   ;
; avs_readdata[29] ; AE23  ; 4A       ; 82           ; 0            ; 57           ; no              ; 1         ; no              ; no         ; no            ; no       ; Off          ; 2.5 V        ; Default          ; Series 50 Ohm without Calibration ; --                        ; no                         ; no                          ; 0                   ; Off                         ; Fitter               ; -                    ; -                   ;
; avs_readdata[2]  ; AH17  ; 4A       ; 64           ; 0            ; 34           ; no              ; 1         ; no              ; no         ; no            ; no       ; Off          ; 2.5 V        ; Default          ; Series 50 Ohm without Calibration ; --                        ; no                         ; no                          ; 0                   ; Off                         ; Fitter               ; -                    ; -                   ;
; avs_readdata[30] ; W14   ; 4A       ; 60           ; 0            ; 0            ; no              ; 1         ; no              ; no         ; no            ; no       ; Off          ; 2.5 V        ; Default          ; Series 50 Ohm without Calibration ; --                        ; no                         ; no                          ; 0                   ; Off                         ; Fitter               ; -                    ; -                   ;
; avs_readdata[31] ; AH9   ; 4A       ; 54           ; 0            ; 51           ; no              ; 1         ; no              ; no         ; no            ; no       ; Off          ; 2.5 V        ; Default          ; Series 50 Ohm without Calibration ; --                        ; no                         ; no                          ; 0                   ; Off                         ; Fitter               ; -                    ; -                   ;
; avs_readdata[3]  ; AG10  ; 4A       ; 54           ; 0            ; 34           ; no              ; 1         ; no              ; no         ; no            ; no       ; Off          ; 2.5 V        ; Default          ; Series 50 Ohm without Calibration ; --                        ; no                         ; no                          ; 0                   ; Off                         ; Fitter               ; -                    ; -                   ;
; avs_readdata[4]  ; AA18  ; 4A       ; 68           ; 0            ; 17           ; no              ; 1         ; no              ; no         ; no            ; no       ; Off          ; 2.5 V        ; Default          ; Series 50 Ohm without Calibration ; --                        ; no                         ; no                          ; 0                   ; Off                         ; Fitter               ; -                    ; -                   ;
; avs_readdata[5]  ; Y13   ; 4A       ; 56           ; 0            ; 0            ; no              ; 1         ; no              ; no         ; no            ; no       ; Off          ; 2.5 V        ; Default          ; Series 50 Ohm without Calibration ; --                        ; no                         ; no                          ; 0                   ; Off                         ; Fitter               ; -                    ; -                   ;
; avs_readdata[6]  ; U13   ; 4A       ; 52           ; 0            ; 17           ; no              ; 1         ; no              ; no         ; no            ; no       ; Off          ; 2.5 V        ; Default          ; Series 50 Ohm without Calibration ; --                        ; no                         ; no                          ; 0                   ; Off                         ; Fitter               ; -                    ; -                   ;
; avs_readdata[7]  ; AD20  ; 4A       ; 70           ; 0            ; 17           ; no              ; 1         ; no              ; no         ; no            ; no       ; Off          ; 2.5 V        ; Default          ; Series 50 Ohm without Calibration ; --                        ; no                         ; no                          ; 0                   ; Off                         ; Fitter               ; -                    ; -                   ;
; avs_readdata[8]  ; AF7   ; 3B       ; 34           ; 0            ; 74           ; no              ; 1         ; no              ; no         ; no            ; no       ; Off          ; 2.5 V        ; Default          ; Series 50 Ohm without Calibration ; --                        ; no                         ; no                          ; 0                   ; Off                         ; Fitter               ; -                    ; -                   ;
; avs_readdata[9]  ; AE8   ; 3B       ; 30           ; 0            ; 34           ; no              ; 1         ; no              ; no         ; no            ; no       ; Off          ; 2.5 V        ; Default          ; Series 50 Ohm without Calibration ; --                        ; no                         ; no                          ; 0                   ; Off                         ; Fitter               ; -                    ; -                   ;
; irq              ; AG5   ; 3B       ; 38           ; 0            ; 34           ; no              ; 1         ; no              ; no         ; no            ; no       ; Off          ; 2.5 V        ; Default          ; Series 50 Ohm without Calibration ; --                        ; no                         ; no                          ; 0                   ; Off                         ; Fitter               ; -                    ; -                   ;
+------------------+-------+----------+--------------+--------------+--------------+-----------------+-----------+-----------------+------------+---------------+----------+--------------+--------------+------------------+-----------------------------------+---------------------------+----------------------------+-----------------------------+---------------------+-----------------------------+----------------------+----------------------+---------------------+


+----------------------------------------------------------------------------+
; I/O Bank Usage                                                             ;
+----------+------------------+---------------+--------------+---------------+
; I/O Bank ; Usage            ; VCCIO Voltage ; VREF Voltage ; VCCPD Voltage ;
+----------+------------------+---------------+--------------+---------------+
; B2L      ; 0 / 0 ( -- )     ; --            ; --           ; --            ;
; B1L      ; 0 / 0 ( -- )     ; --            ; --           ; --            ;
; 3A       ; 0 / 16 ( 0 % )   ; 2.5V          ; --           ; 2.5V          ;
; 3B       ; 17 / 32 ( 53 % ) ; 2.5V          ; --           ; 2.5V          ;
; 4A       ; 47 / 68 ( 69 % ) ; 2.5V          ; --           ; 2.5V          ;
; 5A       ; 6 / 16 ( 38 % )  ; 2.5V          ; --           ; 2.5V          ;
; 5B       ; 2 / 7 ( 29 % )   ; 2.5V          ; --           ; 2.5V          ;
; 6B       ; 0 / 45 ( 0 % )   ; 2.5V          ; --           ; 2.5V          ;
; 6A       ; 0 / 57 ( 0 % )   ; 2.5V          ; --           ; 2.5V          ;
; 7A       ; 0 / 19 ( 0 % )   ; 2.5V          ; --           ; 2.5V          ;
; 7B       ; 0 / 22 ( 0 % )   ; 2.5V          ; --           ; 2.5V          ;
; 7C       ; 0 / 12 ( 0 % )   ; 2.5V          ; --           ; 2.5V          ;
; 7D       ; 0 / 14 ( 0 % )   ; 2.5V          ; --           ; 2.5V          ;
; 8A       ; 3 / 6 ( 50 % )   ; 2.5V          ; --           ; 2.5V          ;
+----------+------------------+---------------+--------------+---------------+


+-----------------------------------------------------------------------------------------------------------------------------------------------------------------------------+
; All Package Pins                                                                                                                                                            ;
+----------+------------+----------+---------------------------------+--------+--------------+---------------------+--------------+-----------------+----------+--------------+
; Location ; Pad Number ; I/O Bank ; Pin Name/Usage                  ; Dir.   ; I/O Standard ; Voltage             ; I/O Type     ; User Assignment ; Bus Hold ; Weak Pull Up ;
+----------+------------+----------+---------------------------------+--------+--------------+---------------------+--------------+-----------------+----------+--------------+
; A2       ;            ;          ; DNU                             ;        ;              ;                     ; --           ;                 ; --       ; --           ;
; A3       ;            ;          ; GND                             ; gnd    ;              ;                     ; --           ;                 ; --       ; --           ;
; A4       ; 435        ; 7C       ; RESERVED_INPUT_WITH_WEAK_PULLUP ;        ;              ;                     ; Column I/O   ;                 ; no       ; On           ;
; A5       ; 431        ; 7C       ; RESERVED_INPUT_WITH_WEAK_PULLUP ;        ;              ;                     ; Column I/O   ;                 ; no       ; On           ;
; A6       ; 425        ; 7B       ; RESERVED_INPUT_WITH_WEAK_PULLUP ;        ;              ;                     ; Column I/O   ;                 ; no       ; On           ;
; A7       ; 423        ; 7B       ; RESERVED_INPUT_WITH_WEAK_PULLUP ;        ;              ;                     ; Column I/O   ;                 ; no       ; On           ;
; A8       ; 421        ; 7B       ; RESERVED_INPUT_WITH_WEAK_PULLUP ;        ;              ;                     ; Column I/O   ;                 ; no       ; On           ;
; A9       ; 419        ; 7B       ; RESERVED_INPUT_WITH_WEAK_PULLUP ;        ;              ;                     ; Column I/O   ;                 ; no       ; On           ;
; A10      ;            ;          ; GND                             ; gnd    ;              ;                     ; --           ;                 ; --       ; --           ;
; A11      ; 417        ; 7B       ; RESERVED_INPUT_WITH_WEAK_PULLUP ;        ;              ;                     ; Column I/O   ;                 ; no       ; On           ;
; A12      ; 415        ; 7B       ; RESERVED_INPUT_WITH_WEAK_PULLUP ;        ;              ;                     ; Column I/O   ;                 ; no       ; On           ;
; A13      ; 413        ; 7B       ; RESERVED_INPUT_WITH_WEAK_PULLUP ;        ;              ;                     ; Column I/O   ;                 ; no       ; On           ;
; A14      ; 411        ; 7B       ; RESERVED_INPUT_WITH_WEAK_PULLUP ;        ;              ;                     ; Column I/O   ;                 ; no       ; On           ;
; A15      ; 409        ; 7B       ; RESERVED_INPUT_WITH_WEAK_PULLUP ;        ;              ;                     ; Column I/O   ;                 ; no       ; On           ;
; A16      ; 407        ; 7B       ; RESERVED_INPUT_WITH_WEAK_PULLUP ;        ;              ;                     ; Column I/O   ;                 ; no       ; On           ;
; A17      ; 399        ; 7A       ; RESERVED_INPUT_WITH_WEAK_PULLUP ;        ;              ;                     ; Column I/O   ;                 ; no       ; On           ;
; A18      ; 395        ; 7A       ; RESERVED_INPUT_WITH_WEAK_PULLUP ;        ;              ;                     ; Column I/O   ;                 ; no       ; On           ;
; A19      ; 393        ; 7A       ; RESERVED_INPUT_WITH_WEAK_PULLUP ;        ;              ;                     ; Column I/O   ;                 ; no       ; On           ;
; A20      ; 391        ; 7A       ; RESERVED_INPUT_WITH_WEAK_PULLUP ;        ;              ;                     ; Column I/O   ;                 ; no       ; On           ;
; A21      ; 389        ; 7A       ; RESERVED_INPUT_WITH_WEAK_PULLUP ;        ;              ;                     ; Column I/O   ;                 ; no       ; On           ;
; A22      ; 387        ; 7A       ; RESERVED_INPUT_WITH_WEAK_PULLUP ;        ;              ;                     ; Column I/O   ;                 ; no       ; On           ;
; A23      ; 374        ; 7A       ; ^HPS_nRST                       ;        ;              ;                     ; --           ;                 ; --       ; --           ;
; A24      ; 361        ; 6A       ; RESERVED_INPUT_WITH_WEAK_PULLUP ;        ;              ;                     ; Row I/O      ;                 ; no       ; On           ;
; A25      ; 359        ; 6A       ; RESERVED_INPUT_WITH_WEAK_PULLUP ;        ;              ;                     ; Row I/O      ;                 ; no       ; On           ;
; A26      ; 357        ; 6A       ; RESERVED_INPUT_WITH_WEAK_PULLUP ;        ;              ;                     ; Row I/O      ;                 ; no       ; On           ;
; A27      ; 353        ; 6A       ; RESERVED_INPUT_WITH_WEAK_PULLUP ;        ;              ;                     ; Row I/O      ;                 ; no       ; On           ;
; AA1      ;            ;          ; GND                             ; gnd    ;              ;                     ; --           ;                 ; --       ; --           ;
; AA2      ;            ;          ; GND                             ; gnd    ;              ;                     ; --           ;                 ; --       ; --           ;
; AA3      ;            ;          ; GND                             ; gnd    ;              ;                     ; --           ;                 ; --       ; --           ;
; AA4      ; 59         ; 3A       ; RESERVED_INPUT_WITH_WEAK_PULLUP ;        ;              ;                     ; Column I/O   ;                 ; no       ; On           ;
; AA5      ;            ; 3A       ; VCCIO3A                         ; power  ;              ; 2.5V                ; --           ;                 ; --       ; --           ;
; AA6      ; 43         ; 3A       ; ^nCSO, DATA4                    ;        ;              ;                     ; Weak Pull Up ;                 ; --       ; On           ;
; AA8      ; 50         ; 3A       ; ^DCLK                           ;        ;              ;                     ; Weak Pull Up ;                 ; --       ; On           ;
; AA9      ;            ;          ; GND                             ; gnd    ;              ;                     ; --           ;                 ; --       ; --           ;
; AA10     ;            ; 3A       ; VCCPD3A                         ; power  ;              ; 2.5V                ; --           ;                 ; --       ; --           ;
; AA11     ; 64         ; 3A       ; RESERVED_INPUT_WITH_WEAK_PULLUP ;        ;              ;                     ; Column I/O   ;                 ; no       ; On           ;
; AA12     ;            ; 3B       ; VCCIO3B                         ; power  ;              ; 2.5V                ; --           ;                 ; --       ; --           ;
; AA13     ; 144        ; 4A       ; avs_writedata[24]               ; input  ; 2.5 V        ;                     ; Column I/O   ; N               ; no       ; Off          ;
; AA14     ;            ; --       ; VCCPD3B4A                       ; power  ;              ; 2.5V                ; --           ;                 ; --       ; --           ;
; AA15     ; 160        ; 4A       ; avs_writedata[3]                ; input  ; 2.5 V        ;                     ; Column I/O   ; N               ; no       ; Off          ;
; AA16     ;            ; 4A       ; VCCIO4A                         ; power  ;              ; 2.5V                ; --           ;                 ; --       ; --           ;
; AA17     ;            ;          ; GND                             ; gnd    ;              ;                     ; --           ;                 ; --       ; --           ;
; AA18     ; 168        ; 4A       ; avs_readdata[4]                 ; output ; 2.5 V        ;                     ; Column I/O   ; N               ; no       ; Off          ;
; AA19     ; 170        ; 4A       ; avs_readdata[28]                ; output ; 2.5 V        ;                     ; Column I/O   ; N               ; no       ; Off          ;
; AA20     ; 213        ; 5A       ; avs_writedata[13]               ; input  ; 2.5 V        ;                     ; Row I/O      ; N               ; no       ; Off          ;
; AA21     ;            ; --       ; VCCA_FPLL                       ; power  ;              ; 2.5V                ; --           ;                 ; --       ; --           ;
; AA23     ; 226        ; 5A       ; avs_writedata[0]                ; input  ; 2.5 V        ;                     ; Row I/O      ; N               ; no       ; Off          ;
; AA24     ; 224        ; 5A       ; avs_writedata[25]               ; input  ; 2.5 V        ;                     ; Row I/O      ; N               ; no       ; Off          ;
; AA25     ;            ; 5B       ; VREFB5BN0                       ; power  ;              ;                     ; --           ;                 ; --       ; --           ;
; AA26     ; 255        ; 5B       ; RESERVED_INPUT_WITH_WEAK_PULLUP ;        ;              ;                     ; Row I/O      ;                 ; no       ; On           ;
; AA27     ; 279        ; 6B       ; RESERVED_INPUT_WITH_WEAK_PULLUP ;        ;              ;                     ; Row I/O      ;                 ; no       ; On           ;
; AA28     ; 289        ; 6B       ; RESERVED_INPUT_WITH_WEAK_PULLUP ;        ;              ;                     ; Row I/O      ;                 ; no       ; On           ;
; AB1      ;            ;          ; GND                             ; gnd    ;              ;                     ; --           ;                 ; --       ; --           ;
; AB2      ;            ;          ; GND                             ; gnd    ;              ;                     ; --           ;                 ; --       ; --           ;
; AB3      ;            ;          ; GND                             ; gnd    ;              ;                     ; --           ;                 ; --       ; --           ;
; AB4      ; 57         ; 3A       ; RESERVED_INPUT_WITH_WEAK_PULLUP ;        ;              ;                     ; Column I/O   ;                 ; no       ; On           ;
; AB5      ; 46         ; 3A       ; #TCK                            ; input  ;              ;                     ; --           ;                 ; --       ; --           ;
; AB6      ; 45         ; 3A       ; ^AS_DATA3, DATA3                ;        ;              ;                     ; Weak Pull Up ;                 ; --       ; On           ;
; AB23     ; 222        ; 5A       ; RESERVED_INPUT_WITH_WEAK_PULLUP ;        ;              ;                     ; Row I/O      ;                 ; no       ; On           ;
; AB24     ;            ;          ; GND                             ; gnd    ;              ;                     ; --           ;                 ; --       ; --           ;
; AB25     ; 259        ; 5B       ; RESERVED_INPUT_WITH_WEAK_PULLUP ;        ;              ;                     ; Row I/O      ;                 ; no       ; On           ;
; AB26     ; 253        ; 5B       ; RESERVED_INPUT_WITH_WEAK_PULLUP ;        ;              ;                     ; Row I/O      ;                 ; no       ; On           ;
; AB27     ;            ;          ; GND                             ; gnd    ;              ;                     ; --           ;                 ; --       ; --           ;
; AB28     ; 277        ; 6B       ; RESERVED_INPUT_WITH_WEAK_PULLUP ;        ;              ;                     ; Row I/O      ;                 ; no       ; On           ;
; AC1      ;            ;          ; GND                             ; gnd    ;              ;                     ; --           ;                 ; --       ; --           ;
; AC2      ;            ;          ; GND                             ; gnd    ;              ;                     ; --           ;                 ; --       ; --           ;
; AC3      ;            ;          ; GND                             ; gnd    ;              ;                     ; --           ;                 ; --       ; --           ;
; AC4      ; 63         ; 3A       ; RESERVED_INPUT_WITH_WEAK_PULLUP ;        ;              ;                     ; Column I/O   ;                 ; no       ; On           ;
; AC5      ; 47         ; 3A       ; ^AS_DATA2, DATA2                ;        ;              ;                     ; Weak Pull Up ;                 ; --       ; On           ;
; AC6      ; 49         ; 3A       ; ^AS_DATA1, DATA1                ;        ;              ;                     ; Weak Pull Up ;                 ; --       ; On           ;
; AC7      ; 44         ; 3A       ; #TMS                            ; input  ;              ;                     ; --           ;                 ; --       ; --           ;
; AC8      ;            ; --       ; VCC_AUX                         ; power  ;              ; 2.5V                ; --           ;                 ; --       ; --           ;
; AC21     ;            ; --       ; VCC_AUX                         ; power  ;              ; 2.5V                ; --           ;                 ; --       ; --           ;
; AC22     ; 202        ; 4A       ; RESERVED_INPUT_WITH_WEAK_PULLUP ;        ;              ;                     ; Column I/O   ;                 ; no       ; On           ;
; AC23     ; 200        ; 4A       ; RESERVED_INPUT_WITH_WEAK_PULLUP ;        ;              ;                     ; Column I/O   ;                 ; no       ; On           ;
; AC24     ; 220        ; 5A       ; RESERVED_INPUT_WITH_WEAK_PULLUP ;        ;              ;                     ; Row I/O      ;                 ; no       ; On           ;
; AC25     ;            ; 5A       ; VCCIO5A                         ; power  ;              ; 2.5V                ; --           ;                 ; --       ; --           ;
; AC26     ;            ; 5A       ; VREFB5AN0                       ; power  ;              ;                     ; --           ;                 ; --       ; --           ;
; AC27     ; 275        ; 6B       ; RESERVED_INPUT_WITH_WEAK_PULLUP ;        ;              ;                     ; Row I/O      ;                 ; no       ; On           ;
; AC28     ; 273        ; 6B       ; RESERVED_INPUT_WITH_WEAK_PULLUP ;        ;              ;                     ; Row I/O      ;                 ; no       ; On           ;
; AD1      ;            ;          ; DNU                             ;        ;              ;                     ; --           ;                 ; --       ; --           ;
; AD2      ;            ;          ; DNU                             ;        ;              ;                     ; --           ;                 ; --       ; --           ;
; AD3      ;            ;          ; GND                             ; gnd    ;              ;                     ; --           ;                 ; --       ; --           ;
; AD4      ; 61         ; 3A       ; RESERVED_INPUT_WITH_WEAK_PULLUP ;        ;              ;                     ; Column I/O   ;                 ; no       ; On           ;
; AD5      ; 67         ; 3A       ; RESERVED_INPUT_WITH_WEAK_PULLUP ;        ;              ;                     ; Column I/O   ;                 ; no       ; On           ;
; AD6      ;            ;          ; GND                             ; gnd    ;              ;                     ; --           ;                 ; --       ; --           ;
; AD7      ; 51         ; 3A       ; ^AS_DATA0, ASDO, DATA0          ;        ;              ;                     ; Weak Pull Up ;                 ; --       ; On           ;
; AD8      ;            ;          ; GND                             ; gnd    ;              ;                     ; --           ;                 ; --       ; --           ;
; AD9      ;            ; --       ; VCCPD3B4A                       ; power  ;              ; 2.5V                ; --           ;                 ; --       ; --           ;
; AD10     ; 103        ; 3B       ; RESERVED_INPUT_WITH_WEAK_PULLUP ;        ;              ;                     ; Column I/O   ;                 ; no       ; On           ;
; AD11     ; 111        ; 3B       ; RESERVED_INPUT_WITH_WEAK_PULLUP ;        ;              ;                     ; Column I/O   ;                 ; no       ; On           ;
; AD12     ; 125        ; 3B       ; avs_writedata[30]               ; input  ; 2.5 V        ;                     ; Column I/O   ; N               ; no       ; Off          ;
; AD13     ;            ; --       ; VCCPD3B4A                       ; power  ;              ; 2.5V                ; --           ;                 ; --       ; --           ;
; AD14     ;            ;          ; GND                             ; gnd    ;              ;                     ; --           ;                 ; --       ; --           ;
; AD15     ;            ; --       ; VCC_AUX                         ; power  ;              ; 2.5V                ; --           ;                 ; --       ; --           ;
; AD16     ;            ; --       ; VCCPD3B4A                       ; power  ;              ; 2.5V                ; --           ;                 ; --       ; --           ;
; AD17     ; 159        ; 4A       ; avs_address[3]                  ; input  ; 2.5 V        ;                     ; Column I/O   ; N               ; no       ; Off          ;
; AD18     ;            ; --       ; VCCPD3B4A                       ; power  ;              ; 2.5V                ; --           ;                 ; --       ; --           ;
; AD19     ; 165        ; 4A       ; avs_readdata[14]                ; output ; 2.5 V        ;                     ; Column I/O   ; N               ; no       ; Off          ;
; AD20     ; 173        ; 4A       ; avs_readdata[7]                 ; output ; 2.5 V        ;                     ; Column I/O   ; N               ; no       ; Off          ;
; AD21     ;            ; --       ; VCCPD3B4A                       ; power  ;              ; 2.5V                ; --           ;                 ; --       ; --           ;
; AD22     ;            ;          ; GND                             ; gnd    ;              ;                     ; --           ;                 ; --       ; --           ;
; AD23     ; 186        ; 4A       ; avs_readdata[1]                 ; output ; 2.5 V        ;                     ; Column I/O   ; N               ; no       ; Off          ;
; AD24     ;            ; --       ; VCCPGM                          ; power  ;              ; 1.8V/2.5V/3.0V/3.3V ; --           ;                 ; --       ; --           ;
; AD25     ;            ;          ; GND                             ; gnd    ;              ;                     ; --           ;                 ; --       ; --           ;
; AD26     ; 218        ; 5A       ; RESERVED_INPUT_WITH_WEAK_PULLUP ;        ;              ;                     ; Row I/O      ;                 ; no       ; On           ;
; AD27     ;            ; 6B       ; VCCIO6B_HPS                     ; power  ;              ; 2.5V                ; --           ;                 ; --       ; --           ;
; AD28     ; 263        ; 6B       ; RESERVED_INPUT_WITH_WEAK_PULLUP ;        ;              ;                     ; Row I/O      ;                 ; no       ; On           ;
; AE1      ;            ;          ; GND                             ; gnd    ;              ;                     ; --           ;                 ; --       ; --           ;
; AE2      ;            ;          ; GND                             ; gnd    ;              ;                     ; --           ;                 ; --       ; --           ;
; AE3      ;            ;          ; GND                             ; gnd    ;              ;                     ; --           ;                 ; --       ; --           ;
; AE4      ; 102        ; 3B       ; avs_writedata[1]                ; input  ; 2.5 V        ;                     ; Column I/O   ; N               ; no       ; Off          ;
; AE5      ;            ; 3A       ; VREFB3AN0                       ; power  ;              ;                     ; --           ;                 ; --       ; --           ;
; AE6      ; 65         ; 3A       ; RESERVED_INPUT_WITH_WEAK_PULLUP ;        ;              ;                     ; Column I/O   ;                 ; no       ; On           ;
; AE7      ; 107        ; 3B       ; RESERVED_INPUT_WITH_WEAK_PULLUP ;        ;              ;                     ; Column I/O   ;                 ; no       ; On           ;
; AE8      ; 110        ; 3B       ; avs_readdata[9]                 ; output ; 2.5 V        ;                     ; Column I/O   ; N               ; no       ; Off          ;
; AE9      ; 101        ; 3B       ; RESERVED_INPUT_WITH_WEAK_PULLUP ;        ;              ;                     ; Column I/O   ;                 ; no       ; On           ;
; AE10     ;            ; 3B       ; VCCIO3B                         ; power  ;              ; 2.5V                ; --           ;                 ; --       ; --           ;
; AE11     ; 109        ; 3B       ; avs_writedata[9]                ; input  ; 2.5 V        ;                     ; Column I/O   ; N               ; no       ; Off          ;
; AE12     ; 127        ; 3B       ; avs_readdata[12]                ; output ; 2.5 V        ;                     ; Column I/O   ; N               ; no       ; Off          ;
; AE13     ;            ; 3B       ; VCCIO3B                         ; power  ;              ; 2.5V                ; --           ;                 ; --       ; --           ;
; AE14     ;            ;          ; DNU                             ;        ;              ;                     ; --           ;                 ; --       ; --           ;
; AE15     ; 141        ; 4A       ; avs_writedata[10]               ; input  ; 2.5 V        ;                     ; Column I/O   ; N               ; no       ; Off          ;
; AE16     ;            ;          ; GND                             ; gnd    ;              ;                     ; --           ;                 ; --       ; --           ;
; AE17     ; 157        ; 4A       ; avs_address[0]                  ; input  ; 2.5 V        ;                     ; Column I/O   ; N               ; no       ; Off          ;
; AE18     ;            ;          ; GND                             ; gnd    ;              ;                     ; --           ;                 ; --       ; --           ;
; AE19     ; 167        ; 4A       ; avs_readdata[18]                ; output ; 2.5 V        ;                     ; Column I/O   ; N               ; no       ; Off          ;
; AE20     ; 175        ; 4A       ; avs_readdata[17]                ; output ; 2.5 V        ;                     ; Column I/O   ; N               ; no       ; Off          ;
; AE21     ;            ; 4A       ; VCCIO4A                         ; power  ;              ; 2.5V                ; --           ;                 ; --       ; --           ;
; AE22     ; 184        ; 4A       ; RESERVED_INPUT_WITH_WEAK_PULLUP ;        ;              ;                     ; Column I/O   ;                 ; no       ; On           ;
; AE23     ; 197        ; 4A       ; avs_readdata[29]                ; output ; 2.5 V        ;                     ; Column I/O   ; N               ; no       ; Off          ;
; AE24     ; 199        ; 4A       ; RESERVED_INPUT_WITH_WEAK_PULLUP ;        ;              ;                     ; Column I/O   ;                 ; no       ; On           ;
; AE25     ; 216        ; 5A       ; RESERVED_INPUT_WITH_WEAK_PULLUP ;        ;              ;                     ; Row I/O      ;                 ; no       ; On           ;
; AE26     ; 214        ; 5A       ; RESERVED_INPUT_WITH_WEAK_PULLUP ;        ;              ;                     ; Row I/O      ;                 ; no       ; On           ;
; AE27     ; 265        ; 6B       ; RESERVED_INPUT_WITH_WEAK_PULLUP ;        ;              ;                     ; Row I/O      ;                 ; no       ; On           ;
; AE28     ; 261        ; 6B       ; RESERVED_INPUT_WITH_WEAK_PULLUP ;        ;              ;                     ; Row I/O      ;                 ; no       ; On           ;
; AF1      ;            ;          ; GND                             ; gnd    ;              ;                     ; --           ;                 ; --       ; --           ;
; AF2      ;            ;          ; GND                             ; gnd    ;              ;                     ; --           ;                 ; --       ; --           ;
; AF3      ;            ;          ; GND                             ; gnd    ;              ;                     ; --           ;                 ; --       ; --           ;
; AF4      ; 100        ; 3B       ; RESERVED_INPUT_WITH_WEAK_PULLUP ;        ;              ;                     ; Column I/O   ;                 ; no       ; On           ;
; AF5      ; 115        ; 3B       ; RESERVED_INPUT_WITH_WEAK_PULLUP ;        ;              ;                     ; Column I/O   ;                 ; no       ; On           ;
; AF6      ; 113        ; 3B       ; RESERVED_INPUT_WITH_WEAK_PULLUP ;        ;              ;                     ; Column I/O   ;                 ; no       ; On           ;
; AF7      ; 118        ; 3B       ; avs_readdata[8]                 ; output ; 2.5 V        ;                     ; Column I/O   ; N               ; no       ; Off          ;
; AF8      ; 105        ; 3B       ; RESERVED_INPUT_WITH_WEAK_PULLUP ;        ;              ;                     ; Column I/O   ;                 ; no       ; On           ;
; AF9      ; 108        ; 3B       ; RESERVED_INPUT_WITH_WEAK_PULLUP ;        ;              ;                     ; Column I/O   ;                 ; no       ; On           ;
; AF10     ; 117        ; 3B       ; RESERVED_INPUT_WITH_WEAK_PULLUP ;        ;              ;                     ; Column I/O   ;                 ; no       ; On           ;
; AF11     ; 119        ; 3B       ; avs_writedata[7]                ; input  ; 2.5 V        ;                     ; Column I/O   ; N               ; no       ; Off          ;
; AF12     ;            ; 3B       ; VREFB3BN0                       ; power  ;              ;                     ; --           ;                 ; --       ; --           ;
; AF13     ; 133        ; 4A       ; avs_writedata[20]               ; input  ; 2.5 V        ;                     ; Column I/O   ; N               ; no       ; Off          ;
; AF14     ;            ; 4A       ; VCCIO4A                         ; power  ;              ; 2.5V                ; --           ;                 ; --       ; --           ;
; AF15     ; 143        ; 4A       ; avs_readdata[22]                ; output ; 2.5 V        ;                     ; Column I/O   ; N               ; no       ; Off          ;
; AF16     ;            ; 4A       ; VREFB4AN0                       ; power  ;              ;                     ; --           ;                 ; --       ; --           ;
; AF17     ; 151        ; 4A       ; avs_address[5]                  ; input  ; 2.5 V        ;                     ; Column I/O   ; N               ; no       ; Off          ;
; AF18     ; 166        ; 4A       ; avs_readdata[26]                ; output ; 2.5 V        ;                     ; Column I/O   ; N               ; no       ; Off          ;
; AF19     ;            ; 4A       ; VCCIO4A                         ; power  ;              ; 2.5V                ; --           ;                 ; --       ; --           ;
; AF20     ; 179        ; 4A       ; RESERVED_INPUT_WITH_WEAK_PULLUP ;        ;              ;                     ; Column I/O   ;                 ; no       ; On           ;
; AF21     ; 181        ; 4A       ; avs_readdata[15]                ; output ; 2.5 V        ;                     ; Column I/O   ; N               ; no       ; Off          ;
; AF22     ; 183        ; 4A       ; RESERVED_INPUT_WITH_WEAK_PULLUP ;        ;              ;                     ; Column I/O   ;                 ; no       ; On           ;
; AF23     ; 189        ; 4A       ; RESERVED_INPUT_WITH_WEAK_PULLUP ;        ;              ;                     ; Column I/O   ;                 ; no       ; On           ;
; AF24     ;            ;          ; GND                             ; gnd    ;              ;                     ; --           ;                 ; --       ; --           ;
; AF25     ; 207        ; 4A       ; RESERVED_INPUT_WITH_WEAK_PULLUP ;        ;              ;                     ; Column I/O   ;                 ; no       ; On           ;
; AF26     ; 212        ; 5A       ; RESERVED_INPUT_WITH_WEAK_PULLUP ;        ;              ;                     ; Row I/O      ;                 ; no       ; On           ;
; AF27     ; 211        ; 4A       ; RESERVED_INPUT_WITH_WEAK_PULLUP ;        ;              ;                     ; Column I/O   ;                 ; no       ; On           ;
; AF28     ; 209        ; 4A       ; RESERVED_INPUT_WITH_WEAK_PULLUP ;        ;              ;                     ; Column I/O   ;                 ; no       ; On           ;
; AG1      ;            ;          ; GND                             ; gnd    ;              ;                     ; --           ;                 ; --       ; --           ;
; AG2      ;            ;          ; GND                             ; gnd    ;              ;                     ; --           ;                 ; --       ; --           ;
; AG3      ;            ;          ; GND                             ; gnd    ;              ;                     ; --           ;                 ; --       ; --           ;
; AG4      ;            ; 3B       ; VCCIO3B                         ; power  ;              ; 2.5V                ; --           ;                 ; --       ; --           ;
; AG5      ; 126        ; 3B       ; irq                             ; output ; 2.5 V        ;                     ; Column I/O   ; N               ; no       ; Off          ;
; AG6      ; 116        ; 3B       ; avs_writedata[27]               ; input  ; 2.5 V        ;                     ; Column I/O   ; N               ; no       ; Off          ;
; AG7      ;            ;          ; GND                             ; gnd    ;              ;                     ; --           ;                 ; --       ; --           ;
; AG8      ; 134        ; 4A       ; avs_writedata[6]                ; input  ; 2.5 V        ;                     ; Column I/O   ; N               ; no       ; Off          ;
; AG9      ; 139        ; 4A       ; avs_writedata[19]               ; input  ; 2.5 V        ;                     ; Column I/O   ; N               ; no       ; Off          ;
; AG10     ; 142        ; 4A       ; avs_readdata[3]                 ; output ; 2.5 V        ;                     ; Column I/O   ; N               ; no       ; Off          ;
; AG11     ; 147        ; 4A       ; avs_writedata[11]               ; input  ; 2.5 V        ;                     ; Column I/O   ; N               ; no       ; Off          ;
; AG12     ;            ; 4A       ; VCCIO4A                         ; power  ;              ; 2.5V                ; --           ;                 ; --       ; --           ;
; AG13     ; 135        ; 4A       ; avs_writedata[15]               ; input  ; 2.5 V        ;                     ; Column I/O   ; N               ; no       ; Off          ;
; AG14     ; 155        ; 4A       ; avs_address[1]                  ; input  ; 2.5 V        ;                     ; Column I/O   ; N               ; no       ; Off          ;
; AG15     ; 158        ; 4A       ; avs_writedata[16]               ; input  ; 2.5 V        ;                     ; Column I/O   ; N               ; no       ; Off          ;
; AG16     ; 149        ; 4A       ; avs_read                        ; input  ; 2.5 V        ;                     ; Column I/O   ; N               ; no       ; Off          ;
; AG17     ;            ;          ; GND                             ; gnd    ;              ;                     ; --           ;                 ; --       ; --           ;
; AG18     ; 171        ; 4A       ; avs_readdata[19]                ; output ; 2.5 V        ;                     ; Column I/O   ; N               ; no       ; Off          ;
; AG19     ; 174        ; 4A       ; RESERVED_INPUT_WITH_WEAK_PULLUP ;        ;              ;                     ; Column I/O   ;                 ; no       ; On           ;
; AG20     ; 177        ; 4A       ; RESERVED_INPUT_WITH_WEAK_PULLUP ;        ;              ;                     ; Column I/O   ;                 ; no       ; On           ;
; AG21     ; 182        ; 4A       ; avs_writedata[12]               ; input  ; 2.5 V        ;                     ; Column I/O   ; N               ; no       ; Off          ;
; AG22     ;            ; 4A       ; VCCIO4A                         ; power  ;              ; 2.5V                ; --           ;                 ; --       ; --           ;
; AG23     ; 191        ; 4A       ; RESERVED_INPUT_WITH_WEAK_PULLUP ;        ;              ;                     ; Column I/O   ;                 ; no       ; On           ;
; AG24     ; 195        ; 4A       ; RESERVED_INPUT_WITH_WEAK_PULLUP ;        ;              ;                     ; Column I/O   ;                 ; no       ; On           ;
; AG25     ; 205        ; 4A       ; RESERVED_INPUT_WITH_WEAK_PULLUP ;        ;              ;                     ; Column I/O   ;                 ; no       ; On           ;
; AG26     ; 198        ; 4A       ; RESERVED_INPUT_WITH_WEAK_PULLUP ;        ;              ;                     ; Column I/O   ;                 ; no       ; On           ;
; AG27     ;            ;          ; GND                             ; gnd    ;              ;                     ; --           ;                 ; --       ; --           ;
; AG28     ; 206        ; 4A       ; RESERVED_INPUT_WITH_WEAK_PULLUP ;        ;              ;                     ; Column I/O   ;                 ; no       ; On           ;
; AH2      ; 121        ; 3B       ; avs_writedata[4]                ; input  ; 2.5 V        ;                     ; Column I/O   ; N               ; no       ; Off          ;
; AH3      ; 123        ; 3B       ; avs_readdata[16]                ; output ; 2.5 V        ;                     ; Column I/O   ; N               ; no       ; Off          ;
; AH4      ; 124        ; 3B       ; avs_writedata[29]               ; input  ; 2.5 V        ;                     ; Column I/O   ; N               ; no       ; Off          ;
; AH5      ; 129        ; 3B       ; avs_writedata[17]               ; input  ; 2.5 V        ;                     ; Column I/O   ; N               ; no       ; Off          ;
; AH6      ; 131        ; 3B       ; avs_writedata[14]               ; input  ; 2.5 V        ;                     ; Column I/O   ; N               ; no       ; Off          ;
; AH7      ; 132        ; 4A       ; avs_write                       ; input  ; 2.5 V        ;                     ; Column I/O   ; N               ; no       ; Off          ;
; AH8      ; 137        ; 4A       ; avs_readdata[13]                ; output ; 2.5 V        ;                     ; Column I/O   ; N               ; no       ; Off          ;
; AH9      ; 140        ; 4A       ; avs_readdata[31]                ; output ; 2.5 V        ;                     ; Column I/O   ; N               ; no       ; Off          ;
; AH10     ;            ;          ; GND                             ; gnd    ;              ;                     ; --           ;                 ; --       ; --           ;
; AH11     ; 145        ; 4A       ; avs_writedata[18]               ; input  ; 2.5 V        ;                     ; Column I/O   ; N               ; no       ; Off          ;
; AH12     ; 150        ; 4A       ; avs_address[4]                  ; input  ; 2.5 V        ;                     ; Column I/O   ; N               ; no       ; Off          ;
; AH13     ; 153        ; 4A       ; avs_readdata[11]                ; output ; 2.5 V        ;                     ; Column I/O   ; N               ; no       ; Off          ;
; AH14     ; 156        ; 4A       ; avs_writedata[2]                ; input  ; 2.5 V        ;                     ; Column I/O   ; N               ; no       ; Off          ;
; AH15     ;            ; 4A       ; VCCIO4A                         ; power  ;              ; 2.5V                ; --           ;                 ; --       ; --           ;
; AH16     ; 161        ; 4A       ; avs_readdata[0]                 ; output ; 2.5 V        ;                     ; Column I/O   ; N               ; no       ; Off          ;
; AH17     ; 163        ; 4A       ; avs_readdata[2]                 ; output ; 2.5 V        ;                     ; Column I/O   ; N               ; no       ; Off          ;
; AH18     ; 169        ; 4A       ; avs_readdata[27]                ; output ; 2.5 V        ;                     ; Column I/O   ; N               ; no       ; Off          ;
; AH19     ; 172        ; 4A       ; avs_readdata[10]                ; output ; 2.5 V        ;                     ; Column I/O   ; N               ; no       ; Off          ;
; AH20     ;            ;          ; GND                             ; gnd    ;              ;                     ; --           ;                 ; --       ; --           ;
; AH21     ; 185        ; 4A       ; RESERVED_INPUT_WITH_WEAK_PULLUP ;        ;              ;                     ; Column I/O   ;                 ; no       ; On           ;
; AH22     ; 188        ; 4A       ; avs_writedata[22]               ; input  ; 2.5 V        ;                     ; Column I/O   ; N               ; no       ; Off          ;
; AH23     ; 190        ; 4A       ; RESERVED_INPUT_WITH_WEAK_PULLUP ;        ;              ;                     ; Column I/O   ;                 ; no       ; On           ;
; AH24     ; 193        ; 4A       ; RESERVED_INPUT_WITH_WEAK_PULLUP ;        ;              ;                     ; Column I/O   ;                 ; no       ; On           ;
; AH25     ;            ; 4A       ; VCCIO4A                         ; power  ;              ; 2.5V                ; --           ;                 ; --       ; --           ;
; AH26     ; 201        ; 4A       ; avs_readdata[20]                ; output ; 2.5 V        ;                     ; Column I/O   ; N               ; no       ; Off          ;
; AH27     ; 204        ; 4A       ; RESERVED_INPUT_WITH_WEAK_PULLUP ;        ;              ;                     ; Column I/O   ;                 ; no       ; On           ;
; B1       ;            ;          ; GND                             ;        ;              ;                     ; --           ;                 ; --       ; --           ;
; B2       ;            ;          ; DNU                             ;        ;              ;                     ; --           ;                 ; --       ; --           ;
; B3       ;            ;          ; GND                             ; gnd    ;              ;                     ; --           ;                 ; --       ; --           ;
; B4       ; 437        ; 7C       ; RESERVED_INPUT_WITH_WEAK_PULLUP ;        ;              ;                     ; Column I/O   ;                 ; no       ; On           ;
; B5       ;            ;          ; GND                             ; gnd    ;              ;                     ; --           ;                 ; --       ; --           ;
; B6       ; 433        ; 7C       ; RESERVED_INPUT_WITH_WEAK_PULLUP ;        ;              ;                     ; Column I/O   ;                 ; no       ; On           ;
; B7       ;            ;          ; GND                             ; gnd    ;              ;                     ; --           ;                 ; --       ; --           ;
; B8       ; 439        ; 7C       ; RESERVED_INPUT_WITH_WEAK_PULLUP ;        ;              ;                     ; Column I/O   ;                 ; no       ; On           ;
; B9       ; 441        ; 7C       ; RESERVED_INPUT_WITH_WEAK_PULLUP ;        ;              ;                     ; Column I/O   ;                 ; no       ; On           ;
; B10      ;            ; 7C       ; VCCIO7C_HPS                     ; power  ;              ; 2.5V                ; --           ;                 ; --       ; --           ;
; B11      ; 440        ; 7C       ; RESERVED_INPUT_WITH_WEAK_PULLUP ;        ;              ;                     ; Column I/O   ;                 ; no       ; On           ;
; B12      ; 438        ; 7C       ; RESERVED_INPUT_WITH_WEAK_PULLUP ;        ;              ;                     ; Column I/O   ;                 ; no       ; On           ;
; B13      ;            ; 7B       ; VCCIO7B_HPS                     ; power  ;              ; 2.5V                ; --           ;                 ; --       ; --           ;
; B14      ; 427        ; 7B       ; RESERVED_INPUT_WITH_WEAK_PULLUP ;        ;              ;                     ; Column I/O   ;                 ; no       ; On           ;
; B15      ;            ;          ; GND                             ; gnd    ;              ;                     ; --           ;                 ; --       ; --           ;
; B16      ; 402        ; 7A       ; RESERVED_INPUT_WITH_WEAK_PULLUP ;        ;              ;                     ; Column I/O   ;                 ; no       ; On           ;
; B17      ;            ;          ; GND                             ; gnd    ;              ;                     ; --           ;                 ; --       ; --           ;
; B18      ; 397        ; 7A       ; RESERVED_INPUT_WITH_WEAK_PULLUP ;        ;              ;                     ; Column I/O   ;                 ; no       ; On           ;
; B19      ; 403        ; 7A       ; RESERVED_INPUT_WITH_WEAK_PULLUP ;        ;              ;                     ; Column I/O   ;                 ; no       ; On           ;
; B20      ;            ;          ; GND                             ; gnd    ;              ;                     ; --           ;                 ; --       ; --           ;
; B21      ; 388        ; 7A       ; RESERVED_INPUT_WITH_WEAK_PULLUP ;        ;              ;                     ; Column I/O   ;                 ; no       ; On           ;
; B22      ;            ;          ; GND                             ; gnd    ;              ;                     ; --           ;                 ; --       ; --           ;
; B23      ; 376        ; 7A       ; ^HPS_TDO                        ;        ;              ;                     ; --           ;                 ; --       ; --           ;
; B24      ; 363        ; 6A       ; RESERVED_INPUT_WITH_WEAK_PULLUP ;        ;              ;                     ; Row I/O      ;                 ; no       ; On           ;
; B25      ;            ;          ; GND                             ; gnd    ;              ;                     ; --           ;                 ; --       ; --           ;
; B26      ; 351        ; 6A       ; RESERVED_INPUT_WITH_WEAK_PULLUP ;        ;              ;                     ; Row I/O      ;                 ; no       ; On           ;
; B27      ;            ;          ; GND                             ; gnd    ;              ;                     ; --           ;                 ; --       ; --           ;
; B28      ; 343        ; 6A       ; RESERVED_INPUT_WITH_WEAK_PULLUP ;        ;              ;                     ; Row I/O      ;                 ; no       ; On           ;
; C1       ;            ;          ; GND                             ; gnd    ;              ;                     ; --           ;                 ; --       ; --           ;
; C2       ;            ;          ; GND                             ; gnd    ;              ;                     ; --           ;                 ; --       ; --           ;
; C3       ;            ;          ; GND                             ; gnd    ;              ;                     ; --           ;                 ; --       ; --           ;
; C4       ; 446        ; 7D       ; RESERVED_INPUT_WITH_WEAK_PULLUP ;        ;              ;                     ; Column I/O   ;                 ; no       ; On           ;
; C5       ; 453        ; 7D       ; RESERVED_INPUT_WITH_WEAK_PULLUP ;        ;              ;                     ; Column I/O   ;                 ; no       ; On           ;
; C6       ; 451        ; 7D       ; RESERVED_INPUT_WITH_WEAK_PULLUP ;        ;              ;                     ; Column I/O   ;                 ; no       ; On           ;
; C7       ; 449        ; 7D       ; RESERVED_INPUT_WITH_WEAK_PULLUP ;        ;              ;                     ; Column I/O   ;                 ; no       ; On           ;
; C8       ; 447        ; 7D       ; RESERVED_INPUT_WITH_WEAK_PULLUP ;        ;              ;                     ; Column I/O   ;                 ; no       ; On           ;
; C9       ; 445        ; 7D       ; RESERVED_INPUT_WITH_WEAK_PULLUP ;        ;              ;                     ; Column I/O   ;                 ; no       ; On           ;
; C10      ; 443        ; 7D       ; RESERVED_INPUT_WITH_WEAK_PULLUP ;        ;              ;                     ; Column I/O   ;                 ; no       ; On           ;
; C11      ;            ;          ; GND                             ; gnd    ;              ;                     ; --           ;                 ; --       ; --           ;
; C12      ; 460        ; 8A       ; avs_writedata[8]                ; input  ; 2.5 V        ;                     ; Column I/O   ; N               ; no       ; Off          ;
; C13      ; 432        ; 7C       ; RESERVED_INPUT_WITH_WEAK_PULLUP ;        ;              ;                     ; Column I/O   ;                 ; no       ; On           ;
; C14      ; 426        ; 7B       ; RESERVED_INPUT_WITH_WEAK_PULLUP ;        ;              ;                     ; Column I/O   ;                 ; no       ; On           ;
; C15      ; 418        ; 7B       ; RESERVED_INPUT_WITH_WEAK_PULLUP ;        ;              ;                     ; Column I/O   ;                 ; no       ; On           ;
; C16      ; 404        ; 7A       ; RESERVED_INPUT_WITH_WEAK_PULLUP ;        ;              ;                     ; Column I/O   ;                 ; no       ; On           ;
; C17      ; 396        ; 7A       ; RESERVED_INPUT_WITH_WEAK_PULLUP ;        ;              ;                     ; Column I/O   ;                 ; no       ; On           ;
; C18      ; 394        ; 7A       ; RESERVED_INPUT_WITH_WEAK_PULLUP ;        ;              ;                     ; Column I/O   ;                 ; no       ; On           ;
; C19      ; 401        ; 7A       ; RESERVED_INPUT_WITH_WEAK_PULLUP ;        ;              ;                     ; Column I/O   ;                 ; no       ; On           ;
; C20      ;            ; 7A       ; VCCIO7A_HPS                     ; power  ;              ; 2.5V                ; --           ;                 ; --       ; --           ;
; C21      ; 386        ; 7A       ; RESERVED_INPUT_WITH_WEAK_PULLUP ;        ;              ;                     ; Column I/O   ;                 ; no       ; On           ;
; C22      ; 380        ; 7A       ; ^HPS_TRST                       ;        ;              ;                     ; --           ;                 ; --       ; --           ;
; C23      ; 378        ; 7A       ; ^HPS_TMS                        ;        ;              ;                     ; --           ;                 ; --       ; --           ;
; C24      ; 367        ; 6A       ; RESERVED_INPUT_WITH_WEAK_PULLUP ;        ;              ;                     ; Row I/O      ;                 ; no       ; On           ;
; C25      ;            ; 6A       ; VCCIO6A_HPS                     ; power  ;              ; 2.5V                ; --           ;                 ; --       ; --           ;
; C26      ; 349        ; 6A       ; RESERVED_INPUT_WITH_WEAK_PULLUP ;        ;              ;                     ; Row I/O      ;                 ; no       ; On           ;
; C27      ;            ; 6A       ; VCCIO6A_HPS                     ; power  ;              ; 2.5V                ; --           ;                 ; --       ; --           ;
; C28      ; 341        ; 6A       ; RESERVED_INPUT_WITH_WEAK_PULLUP ;        ;              ;                     ; Row I/O      ;                 ; no       ; On           ;
; D1       ;            ;          ; DNU                             ;        ;              ;                     ; --           ;                 ; --       ; --           ;
; D2       ;            ;          ; DNU                             ;        ;              ;                     ; --           ;                 ; --       ; --           ;
; D3       ;            ;          ; GND                             ; gnd    ;              ;                     ; --           ;                 ; --       ; --           ;
; D4       ; 448        ; 7D       ; RESERVED_INPUT_WITH_WEAK_PULLUP ;        ;              ;                     ; Column I/O   ;                 ; no       ; On           ;
; D5       ; 455        ; 7D       ; RESERVED_INPUT_WITH_WEAK_PULLUP ;        ;              ;                     ; Column I/O   ;                 ; no       ; On           ;
; D6       ;            ; 7D       ; VCCIO7D_HPS                     ; power  ;              ; 2.5V                ; --           ;                 ; --       ; --           ;
; D7       ;            ; --       ; VCCBAT                          ; power  ;              ; 1.2V                ; --           ;                 ; --       ; --           ;
; D8       ; 465        ; 8A       ; avs_readdata[21]                ; output ; 2.5 V        ;                     ; Column I/O   ; N               ; no       ; Off          ;
; D9       ;            ; 8A       ; VREFB8AN0                       ; power  ;              ;                     ; --           ;                 ; --       ; --           ;
; D10      ;            ;          ; GND                             ; gnd    ;              ;                     ; --           ;                 ; --       ; --           ;
; D11      ; 476        ; 8A       ; RESERVED_INPUT_WITH_WEAK_PULLUP ;        ;              ;                     ; Column I/O   ;                 ; no       ; On           ;
; D12      ; 458        ; 8A       ; avs_writedata[28]               ; input  ; 2.5 V        ;                     ; Column I/O   ; N               ; no       ; Off          ;
; D13      ;            ;          ; GND                             ; gnd    ;              ;                     ; --           ;                 ; --       ; --           ;
; D14      ; 430        ; 7C       ; RESERVED_INPUT_WITH_WEAK_PULLUP ;        ;              ;                     ; Column I/O   ;                 ; no       ; On           ;
; D15      ; 420        ; 7B       ; RESERVED_INPUT_WITH_WEAK_PULLUP ;        ;              ;                     ; Column I/O   ;                 ; no       ; On           ;
; D16      ;            ;          ; GND                             ; gnd    ;              ;                     ; --           ;                 ; --       ; --           ;
; D17      ; 410        ; 7B       ; RESERVED_INPUT_WITH_WEAK_PULLUP ;        ;              ;                     ; Column I/O   ;                 ; no       ; On           ;
; D18      ;            ; 7A       ; VCCIO7A_HPS                     ; power  ;              ; 2.5V                ; --           ;                 ; --       ; --           ;
; D19      ;            ; --       ; VREFB7A7B7C7DN0_HPS             ; power  ;              ;                     ; --           ;                 ; --       ; --           ;
; D20      ; 385        ; 7A       ; ^HPS_CLK2                       ;        ;              ;                     ; --           ;                 ; --       ; --           ;
; D21      ; 382        ; 7A       ; ^GND                            ;        ;              ;                     ; --           ;                 ; --       ; --           ;
; D22      ; 381        ; 7A       ; ^HPS_TDI                        ;        ;              ;                     ; --           ;                 ; --       ; --           ;
; D23      ;            ;          ; DNU                             ;        ;              ;                     ; --           ;                 ; --       ; --           ;
; D24      ; 365        ; 6A       ; RESERVED_INPUT_WITH_WEAK_PULLUP ;        ;              ;                     ; Row I/O      ;                 ; no       ; On           ;
; D25      ; 371        ; 6A       ; HPS_RZQ_0                       ;        ;              ;                     ; --           ;                 ; no       ; On           ;
; D26      ; 347        ; 6A       ; RESERVED_INPUT_WITH_WEAK_PULLUP ;        ;              ;                     ; Row I/O      ;                 ; no       ; On           ;
; D27      ; 335        ; 6A       ; RESERVED_INPUT_WITH_WEAK_PULLUP ;        ;              ;                     ; Row I/O      ;                 ; no       ; On           ;
; D28      ; 333        ; 6A       ; RESERVED_INPUT_WITH_WEAK_PULLUP ;        ;              ;                     ; Row I/O      ;                 ; no       ; On           ;
; E1       ;            ;          ; GND                             ; gnd    ;              ;                     ; --           ;                 ; --       ; --           ;
; E2       ;            ;          ; GND                             ; gnd    ;              ;                     ; --           ;                 ; --       ; --           ;
; E3       ;            ;          ; GND                             ; gnd    ;              ;                     ; --           ;                 ; --       ; --           ;
; E4       ; 442        ; 7D       ; RESERVED_INPUT_WITH_WEAK_PULLUP ;        ;              ;                     ; Column I/O   ;                 ; no       ; On           ;
; E5       ; 454        ; 7D       ; RESERVED_INPUT_WITH_WEAK_PULLUP ;        ;              ;                     ; Column I/O   ;                 ; no       ; On           ;
; E6       ; 542        ; 9A       ; ^nCE                            ;        ;              ;                     ; --           ;                 ; --       ; --           ;
; E7       ;            ; 8A       ; VCCIO8A                         ; power  ;              ; 2.5V                ; --           ;                 ; --       ; --           ;
; E8       ; 463        ; 8A       ; RESERVED_INPUT_WITH_WEAK_PULLUP ;        ;              ;                     ; Column I/O   ;                 ; no       ; On           ;
; E9       ;            ;          ; GND                             ; gnd    ;              ;                     ; --           ;                 ; --       ; --           ;
; E10      ;            ; 8A       ; VCCPD8A                         ; power  ;              ; 2.5V                ; --           ;                 ; --       ; --           ;
; E11      ; 474        ; 8A       ; RESERVED_INPUT_WITH_WEAK_PULLUP ;        ;              ;                     ; Column I/O   ;                 ; no       ; On           ;
; E12      ;            ;          ; DNU                             ;        ;              ;                     ; --           ;                 ; --       ; --           ;
; E13      ;            ; 7D       ; VCCPD7D_HPS                     ; power  ;              ; 2.5V                ; --           ;                 ; --       ; --           ;
; E14      ;            ; 7C       ; VCCPD7C_HPS                     ; power  ;              ; 2.5V                ; --           ;                 ; --       ; --           ;
; E15      ;            ; --       ; VCC_AUX                         ; power  ;              ; 2.5V                ; --           ;                 ; --       ; --           ;
; E16      ; 412        ; 7B       ; RESERVED_INPUT_WITH_WEAK_PULLUP ;        ;              ;                     ; Column I/O   ;                 ; no       ; On           ;
; E17      ;            ; 7B       ; VCCPD7B_HPS                     ; power  ;              ; 2.5V                ; --           ;                 ; --       ; --           ;
; E18      ; 383        ; 7A       ; ^HPS_PORSEL                     ;        ;              ;                     ; --           ;                 ; --       ; --           ;
; E19      ;            ;          ; GND                             ; gnd    ;              ;                     ; --           ;                 ; --       ; --           ;
; E20      ; 384        ; 7A       ; ^HPS_CLK1                       ;        ;              ;                     ; --           ;                 ; --       ; --           ;
; E21      ;            ; 7A       ; VCCPD7A_HPS                     ; power  ;              ; 2.5V                ; --           ;                 ; --       ; --           ;
; E22      ;            ;          ; GND                             ; gnd    ;              ;                     ; --           ;                 ; --       ; --           ;
; E23      ; 373        ; 7A       ; ^GND                            ;        ;              ;                     ; --           ;                 ; --       ; --           ;
; E24      ;            ;          ; GND                             ; gnd    ;              ;                     ; --           ;                 ; --       ; --           ;
; E25      ; 369        ; 6A       ; RESERVED_INPUT_WITH_WEAK_PULLUP ;        ;              ;                     ; Row I/O      ;                 ; no       ; On           ;
; E26      ; 345        ; 6A       ; RESERVED_INPUT_WITH_WEAK_PULLUP ;        ;              ;                     ; Row I/O      ;                 ; no       ; On           ;
; E27      ;            ;          ; GND                             ; gnd    ;              ;                     ; --           ;                 ; --       ; --           ;
; E28      ; 337        ; 6A       ; RESERVED_INPUT_WITH_WEAK_PULLUP ;        ;              ;                     ; Row I/O      ;                 ; no       ; On           ;
; F1       ;            ;          ; GND                             ; gnd    ;              ;                     ; --           ;                 ; --       ; --           ;
; F2       ;            ;          ; GND                             ; gnd    ;              ;                     ; --           ;                 ; --       ; --           ;
; F3       ;            ;          ; GND                             ; gnd    ;              ;                     ; --           ;                 ; --       ; --           ;
; F4       ; 450        ; 7D       ; RESERVED_INPUT_WITH_WEAK_PULLUP ;        ;              ;                     ; Column I/O   ;                 ; no       ; On           ;
; F5       ; 444        ; 7D       ; RESERVED_INPUT_WITH_WEAK_PULLUP ;        ;              ;                     ; Column I/O   ;                 ; no       ; On           ;
; F6       ; 547        ; 9A       ; ^GND                            ;        ;              ;                     ; --           ;                 ; --       ; --           ;
; F7       ; 545        ; 9A       ; ^nCONFIG                        ;        ;              ;                     ; --           ;                 ; --       ; --           ;
; F8       ;            ; --       ; VCC_AUX                         ; power  ;              ; 2.5V                ; --           ;                 ; --       ; --           ;
; F21      ;            ; --       ; VCC_AUX_SHARED                  ; power  ;              ; 2.5V                ; --           ;                 ; --       ; --           ;
; F22      ;            ; --       ; VCCRSTCLK_HPS                   ; power  ;              ; 1.8V/2.5V/3.0V/3.3V ; --           ;                 ; --       ; --           ;
; F23      ; 372        ; 7A       ; ^GND                            ;        ;              ;                     ; --           ;                 ; --       ; --           ;
; F24      ; 370        ; 6A       ; RESERVED_INPUT_WITH_WEAK_PULLUP ;        ;              ;                     ; Row I/O      ;                 ; no       ; On           ;
; F25      ; 362        ; 6A       ; RESERVED_INPUT_WITH_WEAK_PULLUP ;        ;              ;                     ; Row I/O      ;                 ; no       ; On           ;
; F26      ; 360        ; 6A       ; RESERVED_INPUT_WITH_WEAK_PULLUP ;        ;              ;                     ; Row I/O      ;                 ; no       ; On           ;
; F27      ;            ; 6A       ; VCCIO6A_HPS                     ; power  ;              ; 2.5V                ; --           ;                 ; --       ; --           ;
; F28      ; 327        ; 6A       ; RESERVED_INPUT_WITH_WEAK_PULLUP ;        ;              ;                     ; Row I/O      ;                 ; no       ; On           ;
; G1       ;            ;          ; GND                             ; gnd    ;              ;                     ; --           ;                 ; --       ; --           ;
; G2       ;            ;          ; GND                             ; gnd    ;              ;                     ; --           ;                 ; --       ; --           ;
; G3       ;            ;          ; GND                             ; gnd    ;              ;                     ; --           ;                 ; --       ; --           ;
; G4       ; 452        ; 7D       ; RESERVED_INPUT_WITH_WEAK_PULLUP ;        ;              ;                     ; Column I/O   ;                 ; no       ; On           ;
; G5       ;            ; 7D       ; VCCIO7D_HPS                     ; power  ;              ; 2.5V                ; --           ;                 ; --       ; --           ;
; G6       ; 543        ; 9A       ; ^MSEL2                          ;        ;              ;                     ; --           ;                 ; --       ; --           ;
; G23      ; 368        ; 6A       ; RESERVED_INPUT_WITH_WEAK_PULLUP ;        ;              ;                     ; Row I/O      ;                 ; no       ; On           ;
; G24      ;            ; 6A       ; VCCIO6A_HPS                     ; power  ;              ; 2.5V                ; --           ;                 ; --       ; --           ;
; G25      ; 354        ; 6A       ; RESERVED_INPUT_WITH_WEAK_PULLUP ;        ;              ;                     ; Row I/O      ;                 ; no       ; On           ;
; G26      ; 331        ; 6A       ; RESERVED_INPUT_WITH_WEAK_PULLUP ;        ;              ;                     ; Row I/O      ;                 ; no       ; On           ;
; G27      ; 329        ; 6A       ; RESERVED_INPUT_WITH_WEAK_PULLUP ;        ;              ;                     ; Row I/O      ;                 ; no       ; On           ;
; G28      ; 325        ; 6A       ; RESERVED_INPUT_WITH_WEAK_PULLUP ;        ;              ;                     ; Row I/O      ;                 ; no       ; On           ;
; H1       ;            ;          ; DNU                             ;        ;              ;                     ; --           ;                 ; --       ; --           ;
; H2       ;            ;          ; DNU                             ;        ;              ;                     ; --           ;                 ; --       ; --           ;
; H3       ;            ;          ; GND                             ; gnd    ;              ;                     ; --           ;                 ; --       ; --           ;
; H4       ;            ;          ; GND                             ; gnd    ;              ;                     ; --           ;                 ; --       ; --           ;
; H5       ;            ;          ; GND                             ; gnd    ;              ;                     ; --           ;                 ; --       ; --           ;
; H6       ;            ;          ; GND                             ; gnd    ;              ;                     ; --           ;                 ; --       ; --           ;
; H8       ; 541        ; 9A       ; ^nSTATUS                        ;        ;              ;                     ; --           ;                 ; --       ; --           ;
; H9       ; 540        ; 9A       ; ^MSEL1                          ;        ;              ;                     ; --           ;                 ; --       ; --           ;
; H10      ;            ; --       ; VCCPGM                          ; power  ;              ; 1.8V/2.5V/3.0V/3.3V ; --           ;                 ; --       ; --           ;
; H11      ;            ;          ; GND                             ; gnd    ;              ;                     ; --           ;                 ; --       ; --           ;
; H12      ; 436        ; 7C       ; RESERVED_INPUT_WITH_WEAK_PULLUP ;        ;              ;                     ; Column I/O   ;                 ; no       ; On           ;
; H13      ; 434        ; 7C       ; RESERVED_INPUT_WITH_WEAK_PULLUP ;        ;              ;                     ; Column I/O   ;                 ; no       ; On           ;
; H14      ;            ; 7B       ; VCCIO7B_HPS                     ; power  ;              ; 2.5V                ; --           ;                 ; --       ; --           ;
; H15      ;            ;          ; GND                             ; gnd    ;              ;                     ; --           ;                 ; --       ; --           ;
; H16      ; 422        ; 7B       ; RESERVED_INPUT_WITH_WEAK_PULLUP ;        ;              ;                     ; Column I/O   ;                 ; no       ; On           ;
; H17      ; 400        ; 7A       ; RESERVED_INPUT_WITH_WEAK_PULLUP ;        ;              ;                     ; Column I/O   ;                 ; no       ; On           ;
; H18      ;            ;          ; GND                             ; gnd    ;              ;                     ; --           ;                 ; --       ; --           ;
; H19      ; 375        ; 7A       ; ^HPS_nPOR                       ;        ;              ;                     ; --           ;                 ; --       ; --           ;
; H20      ;            ;          ; GND                             ; gnd    ;              ;                     ; --           ;                 ; --       ; --           ;
; H21      ;            ; 6A       ; VCCIO6A_HPS                     ; power  ;              ; 2.5V                ; --           ;                 ; --       ; --           ;
; H23      ;            ; --       ; VCCPLL_HPS                      ; power  ;              ; 2.5V                ; --           ;                 ; --       ; --           ;
; H24      ;            ;          ; GND                             ; gnd    ;              ;                     ; --           ;                 ; --       ; --           ;
; H25      ; 352        ; 6A       ; RESERVED_INPUT_WITH_WEAK_PULLUP ;        ;              ;                     ; Row I/O      ;                 ; no       ; On           ;
; H26      ;            ; 6A       ; VCCIO6A_HPS                     ; power  ;              ; 2.5V                ; --           ;                 ; --       ; --           ;
; H27      ;            ;          ; GND                             ; gnd    ;              ;                     ; --           ;                 ; --       ; --           ;
; H28      ; 339        ; 6A       ; GND+                            ;        ;              ;                     ; Row I/O      ;                 ; --       ; --           ;
; J1       ;            ;          ; GND                             ; gnd    ;              ;                     ; --           ;                 ; --       ; --           ;
; J2       ;            ;          ; GND                             ; gnd    ;              ;                     ; --           ;                 ; --       ; --           ;
; J3       ;            ;          ; GND                             ; gnd    ;              ;                     ; --           ;                 ; --       ; --           ;
; J4       ;            ; --       ; VCCA_FPLL                       ; power  ;              ; 2.5V                ; --           ;                 ; --       ; --           ;
; J5       ;            ;          ; GND                             ; gnd    ;              ;                     ; --           ;                 ; --       ; --           ;
; J8       ; 539        ; 9A       ; ^CONF_DONE                      ;        ;              ;                     ; --           ;                 ; --       ; --           ;
; J9       ;            ;          ; GND                             ; gnd    ;              ;                     ; --           ;                 ; --       ; --           ;
; J10      ; 538        ; 9A       ; ^MSEL0                          ;        ;              ;                     ; --           ;                 ; --       ; --           ;
; J11      ;            ; --       ; VCC                             ; power  ;              ; 1.1V                ; --           ;                 ; --       ; --           ;
; J12      ; 416        ; 7B       ; RESERVED_INPUT_WITH_WEAK_PULLUP ;        ;              ;                     ; Column I/O   ;                 ; no       ; On           ;
; J13      ; 414        ; 7B       ; RESERVED_INPUT_WITH_WEAK_PULLUP ;        ;              ;                     ; Column I/O   ;                 ; no       ; On           ;
; J14      ; 408        ; 7B       ; RESERVED_INPUT_WITH_WEAK_PULLUP ;        ;              ;                     ; Column I/O   ;                 ; no       ; On           ;
; J15      ; 406        ; 7B       ; RESERVED_INPUT_WITH_WEAK_PULLUP ;        ;              ;                     ; Column I/O   ;                 ; no       ; On           ;
; J16      ; 424        ; 7B       ; RESERVED_INPUT_WITH_WEAK_PULLUP ;        ;              ;                     ; Column I/O   ;                 ; no       ; On           ;
; J17      ; 398        ; 7A       ; RESERVED_INPUT_WITH_WEAK_PULLUP ;        ;              ;                     ; Column I/O   ;                 ; no       ; On           ;
; J18      ; 392        ; 7A       ; RESERVED_INPUT_WITH_WEAK_PULLUP ;        ;              ;                     ; Column I/O   ;                 ; no       ; On           ;
; J19      ; 377        ; 7A       ; ^VCCRSTCLK_HPS                  ;        ;              ;                     ; --           ;                 ; --       ; --           ;
; J20      ; 346        ; 6A       ; RESERVED_INPUT_WITH_WEAK_PULLUP ;        ;              ;                     ; Row I/O      ;                 ; no       ; On           ;
; J21      ; 344        ; 6A       ; RESERVED_INPUT_WITH_WEAK_PULLUP ;        ;              ;                     ; Row I/O      ;                 ; no       ; On           ;
; J24      ; 336        ; 6A       ; RESERVED_INPUT_WITH_WEAK_PULLUP ;        ;              ;                     ; Row I/O      ;                 ; no       ; On           ;
; J25      ; 338        ; 6A       ; RESERVED_INPUT_WITH_WEAK_PULLUP ;        ;              ;                     ; Row I/O      ;                 ; no       ; On           ;
; J26      ; 330        ; 6A       ; RESERVED_INPUT_WITH_WEAK_PULLUP ;        ;              ;                     ; Row I/O      ;                 ; no       ; On           ;
; J27      ; 321        ; 6A       ; RESERVED_INPUT_WITH_WEAK_PULLUP ;        ;              ;                     ; Row I/O      ;                 ; no       ; On           ;
; J28      ; 319        ; 6A       ; RESERVED_INPUT_WITH_WEAK_PULLUP ;        ;              ;                     ; Row I/O      ;                 ; no       ; On           ;
; K1       ;            ;          ; GND                             ; gnd    ;              ;                     ; --           ;                 ; --       ; --           ;
; K2       ;            ;          ; GND                             ; gnd    ;              ;                     ; --           ;                 ; --       ; --           ;
; K3       ;            ;          ; GND                             ; gnd    ;              ;                     ; --           ;                 ; --       ; --           ;
; K4       ;            ;          ; GND                             ; gnd    ;              ;                     ; --           ;                 ; --       ; --           ;
; K5       ;            ; --       ; VCCA_FPLL                       ; power  ;              ; 2.5V                ; --           ;                 ; --       ; --           ;
; K8       ;            ;          ; GND                             ; gnd    ;              ;                     ; --           ;                 ; --       ; --           ;
; K9       ; 546        ; 9A       ; ^MSEL4                          ;        ;              ;                     ; --           ;                 ; --       ; --           ;
; K10      ; 544        ; 9A       ; ^MSEL3                          ;        ;              ;                     ; --           ;                 ; --       ; --           ;
; K11      ;            ;          ; GND                             ; gnd    ;              ;                     ; --           ;                 ; --       ; --           ;
; K12      ;            ;          ; GND                             ; gnd    ;              ;                     ; --           ;                 ; --       ; --           ;
; K13      ;            ; --       ; VCC                             ; power  ;              ; 1.1V                ; --           ;                 ; --       ; --           ;
; K14      ;            ;          ; GND                             ; gnd    ;              ;                     ; --           ;                 ; --       ; --           ;
; K15      ;            ; --       ; VCC                             ; power  ;              ; 1.1V                ; --           ;                 ; --       ; --           ;
; K16      ;            ;          ; GND                             ; gnd    ;              ;                     ; --           ;                 ; --       ; --           ;
; K17      ;            ; --       ; VCC_HPS                         ; power  ;              ; 1.1V                ; --           ;                 ; --       ; --           ;
; K18      ; 390        ; 7A       ; RESERVED_INPUT_WITH_WEAK_PULLUP ;        ;              ;                     ; Column I/O   ;                 ; no       ; On           ;
; K19      ; 379        ; 7A       ; ^HPS_TCK                        ;        ;              ;                     ; --           ;                 ; --       ; --           ;
; K20      ;            ;          ; GND                             ; gnd    ;              ;                     ; --           ;                 ; --       ; --           ;
; K21      ;            ; --       ; VCCPD6A6B_HPS                   ; power  ;              ; 2.5V                ; --           ;                 ; --       ; --           ;
; K24      ;            ; --       ; VCCPD6A6B_HPS                   ; power  ;              ; 2.5V                ; --           ;                 ; --       ; --           ;
; K25      ; 322        ; 6A       ; RESERVED_INPUT_WITH_WEAK_PULLUP ;        ;              ;                     ; Row I/O      ;                 ; no       ; On           ;
; K26      ; 328        ; 6A       ; RESERVED_INPUT_WITH_WEAK_PULLUP ;        ;              ;                     ; Row I/O      ;                 ; no       ; On           ;
; K27      ; 323        ; 6A       ; RESERVED_INPUT_WITH_WEAK_PULLUP ;        ;              ;                     ; Row I/O      ;                 ; no       ; On           ;
; K28      ; 317        ; 6A       ; RESERVED_INPUT_WITH_WEAK_PULLUP ;        ;              ;                     ; Row I/O      ;                 ; no       ; On           ;
; L1       ;            ;          ; GND                             ; gnd    ;              ;                     ; --           ;                 ; --       ; --           ;
; L2       ;            ;          ; GND                             ; gnd    ;              ;                     ; --           ;                 ; --       ; --           ;
; L3       ;            ;          ; GND                             ; gnd    ;              ;                     ; --           ;                 ; --       ; --           ;
; L4       ;            ; --       ; VCC                             ; power  ;              ; 1.1V                ; --           ;                 ; --       ; --           ;
; L5       ;            ;          ; GND                             ; gnd    ;              ;                     ; --           ;                 ; --       ; --           ;
; L8       ;            ;          ; GND                             ; gnd    ;              ;                     ; --           ;                 ; --       ; --           ;
; L9       ;            ;          ; GND                             ; gnd    ;              ;                     ; --           ;                 ; --       ; --           ;
; L10      ;            ;          ; GND                             ; gnd    ;              ;                     ; --           ;                 ; --       ; --           ;
; L11      ;            ; --       ; VCC                             ; power  ;              ; 1.1V                ; --           ;                 ; --       ; --           ;
; L12      ;            ; --       ; VCC                             ; power  ;              ; 1.1V                ; --           ;                 ; --       ; --           ;
; L13      ;            ;          ; GND                             ; gnd    ;              ;                     ; --           ;                 ; --       ; --           ;
; L14      ;            ; --       ; VCC                             ; power  ;              ; 1.1V                ; --           ;                 ; --       ; --           ;
; L15      ;            ;          ; GND                             ; gnd    ;              ;                     ; --           ;                 ; --       ; --           ;
; L16      ;            ; --       ; VCC_HPS                         ; power  ;              ; 1.1V                ; --           ;                 ; --       ; --           ;
; L17      ;            ;          ; GND                             ; gnd    ;              ;                     ; --           ;                 ; --       ; --           ;
; L18      ;            ; --       ; VCC_HPS                         ; power  ;              ; 1.1V                ; --           ;                 ; --       ; --           ;
; L19      ;            ;          ; GND                             ; gnd    ;              ;                     ; --           ;                 ; --       ; --           ;
; L20      ; 366        ; 6A       ; RESERVED_INPUT_WITH_WEAK_PULLUP ;        ;              ;                     ; Row I/O      ;                 ; no       ; On           ;
; L21      ; 364        ; 6A       ; RESERVED_INPUT_WITH_WEAK_PULLUP ;        ;              ;                     ; Row I/O      ;                 ; no       ; On           ;
; L24      ;            ;          ; GND                             ; gnd    ;              ;                     ; --           ;                 ; --       ; --           ;
; L25      ; 320        ; 6A       ; RESERVED_INPUT_WITH_WEAK_PULLUP ;        ;              ;                     ; Row I/O      ;                 ; no       ; On           ;
; L26      ;            ; 6A       ; VCCIO6A_HPS                     ; power  ;              ; 2.5V                ; --           ;                 ; --       ; --           ;
; L27      ;            ;          ; GND                             ; gnd    ;              ;                     ; --           ;                 ; --       ; --           ;
; L28      ; 315        ; 6A       ; RESERVED_INPUT_WITH_WEAK_PULLUP ;        ;              ;                     ; Row I/O      ;                 ; no       ; On           ;
; M1       ;            ;          ; DNU                             ;        ;              ;                     ; --           ;                 ; --       ; --           ;
; M2       ;            ;          ; DNU                             ;        ;              ;                     ; --           ;                 ; --       ; --           ;
; M3       ;            ;          ; GND                             ; gnd    ;              ;                     ; --           ;                 ; --       ; --           ;
; M4       ;            ; --       ; VCCA_FPLL                       ; power  ;              ; 2.5V                ; --           ;                 ; --       ; --           ;
; M5       ;            ; --       ; VCC                             ; power  ;              ; 1.1V                ; --           ;                 ; --       ; --           ;
; M8       ;            ;          ; GND                             ; gnd    ;              ;                     ; --           ;                 ; --       ; --           ;
; M9       ;            ; --       ; VCC                             ; power  ;              ; 1.1V                ; --           ;                 ; --       ; --           ;
; M10      ;            ;          ; GND                             ; gnd    ;              ;                     ; --           ;                 ; --       ; --           ;
; M11      ;            ;          ; GND                             ; gnd    ;              ;                     ; --           ;                 ; --       ; --           ;
; M12      ;            ; --       ; VCC                             ; power  ;              ; 1.1V                ; --           ;                 ; --       ; --           ;
; M13      ;            ; --       ; VCC                             ; power  ;              ; 1.1V                ; --           ;                 ; --       ; --           ;
; M14      ;            ;          ; GND                             ; gnd    ;              ;                     ; --           ;                 ; --       ; --           ;
; M15      ;            ; --       ; VCC                             ; power  ;              ; 1.1V                ; --           ;                 ; --       ; --           ;
; M16      ;            ;          ; GND                             ; gnd    ;              ;                     ; --           ;                 ; --       ; --           ;
; M17      ;            ; --       ; VCC_HPS                         ; power  ;              ; 1.1V                ; --           ;                 ; --       ; --           ;
; M18      ;            ; --       ; VCC_HPS                         ; power  ;              ; 1.1V                ; --           ;                 ; --       ; --           ;
; M19      ;            ; --       ; VCC_HPS                         ; power  ;              ; 1.1V                ; --           ;                 ; --       ; --           ;
; M20      ;            ;          ; GND                             ; gnd    ;              ;                     ; --           ;                 ; --       ; --           ;
; M21      ;            ; 6A       ; VCCIO6A_HPS                     ; power  ;              ; 2.5V                ; --           ;                 ; --       ; --           ;
; M24      ;            ; --       ; VCCPD6A6B_HPS                   ; power  ;              ; 2.5V                ; --           ;                 ; --       ; --           ;
; M25      ; 324        ; 6A       ; RESERVED_INPUT_WITH_WEAK_PULLUP ;        ;              ;                     ; Row I/O      ;                 ; no       ; On           ;
; M26      ; 312        ; 6A       ; RESERVED_INPUT_WITH_WEAK_PULLUP ;        ;              ;                     ; Row I/O      ;                 ; no       ; On           ;
; M27      ; 314        ; 6A       ; RESERVED_INPUT_WITH_WEAK_PULLUP ;        ;              ;                     ; Row I/O      ;                 ; no       ; On           ;
; M28      ; 313        ; 6A       ; RESERVED_INPUT_WITH_WEAK_PULLUP ;        ;              ;                     ; Row I/O      ;                 ; no       ; On           ;
; N1       ;            ;          ; GND                             ; gnd    ;              ;                     ; --           ;                 ; --       ; --           ;
; N2       ;            ;          ; GND                             ; gnd    ;              ;                     ; --           ;                 ; --       ; --           ;
; N3       ;            ;          ; GND                             ; gnd    ;              ;                     ; --           ;                 ; --       ; --           ;
; N4       ;            ;          ; GND                             ; gnd    ;              ;                     ; --           ;                 ; --       ; --           ;
; N5       ;            ; --       ; VCC                             ; power  ;              ; 1.1V                ; --           ;                 ; --       ; --           ;
; N8       ;            ;          ; GND                             ; gnd    ;              ;                     ; --           ;                 ; --       ; --           ;
; N9       ;            ; --       ; VCC                             ; power  ;              ; 1.1V                ; --           ;                 ; --       ; --           ;
; N10      ;            ; --       ; VCC                             ; power  ;              ; 1.1V                ; --           ;                 ; --       ; --           ;
; N11      ;            ; --       ; VCC                             ; power  ;              ; 1.1V                ; --           ;                 ; --       ; --           ;
; N12      ;            ; --       ; VCC                             ; power  ;              ; 1.1V                ; --           ;                 ; --       ; --           ;
; N13      ;            ;          ; GND                             ; gnd    ;              ;                     ; --           ;                 ; --       ; --           ;
; N14      ;            ; --       ; VCC                             ; power  ;              ; 1.1V                ; --           ;                 ; --       ; --           ;
; N15      ;            ;          ; GND                             ; gnd    ;              ;                     ; --           ;                 ; --       ; --           ;
; N16      ;            ; --       ; VCC_HPS                         ; power  ;              ; 1.1V                ; --           ;                 ; --       ; --           ;
; N17      ;            ;          ; GND                             ; gnd    ;              ;                     ; --           ;                 ; --       ; --           ;
; N18      ;            ; --       ; VCC_HPS                         ; power  ;              ; 1.1V                ; --           ;                 ; --       ; --           ;
; N19      ;            ;          ; GND                             ; gnd    ;              ;                     ; --           ;                 ; --       ; --           ;
; N20      ; 350        ; 6A       ; RESERVED_INPUT_WITH_WEAK_PULLUP ;        ;              ;                     ; Row I/O      ;                 ; no       ; On           ;
; N21      ; 348        ; 6A       ; RESERVED_INPUT_WITH_WEAK_PULLUP ;        ;              ;                     ; Row I/O      ;                 ; no       ; On           ;
; N24      ; 306        ; 6B       ; RESERVED_INPUT_WITH_WEAK_PULLUP ;        ;              ;                     ; Row I/O      ;                 ; no       ; On           ;
; N25      ; 304        ; 6B       ; RESERVED_INPUT_WITH_WEAK_PULLUP ;        ;              ;                     ; Row I/O      ;                 ; no       ; On           ;
; N26      ; 298        ; 6B       ; RESERVED_INPUT_WITH_WEAK_PULLUP ;        ;              ;                     ; Row I/O      ;                 ; no       ; On           ;
; N27      ; 296        ; 6B       ; RESERVED_INPUT_WITH_WEAK_PULLUP ;        ;              ;                     ; Row I/O      ;                 ; no       ; On           ;
; N28      ; 311        ; 6A       ; RESERVED_INPUT_WITH_WEAK_PULLUP ;        ;              ;                     ; Row I/O      ;                 ; no       ; On           ;
; P1       ;            ;          ; GND                             ; gnd    ;              ;                     ; --           ;                 ; --       ; --           ;
; P2       ;            ;          ; GND                             ; gnd    ;              ;                     ; --           ;                 ; --       ; --           ;
; P3       ;            ;          ; GND                             ; gnd    ;              ;                     ; --           ;                 ; --       ; --           ;
; P4       ;            ; --       ; VCCA_FPLL                       ; power  ;              ; 2.5V                ; --           ;                 ; --       ; --           ;
; P5       ;            ;          ; GND                             ; gnd    ;              ;                     ; --           ;                 ; --       ; --           ;
; P8       ;            ;          ; GND                             ; gnd    ;              ;                     ; --           ;                 ; --       ; --           ;
; P9       ;            ;          ; GND                             ; gnd    ;              ;                     ; --           ;                 ; --       ; --           ;
; P10      ;            ;          ; GND                             ; gnd    ;              ;                     ; --           ;                 ; --       ; --           ;
; P11      ;            ; --       ; VCC                             ; power  ;              ; 1.1V                ; --           ;                 ; --       ; --           ;
; P12      ;            ;          ; GND                             ; gnd    ;              ;                     ; --           ;                 ; --       ; --           ;
; P13      ;            ; --       ; VCC                             ; power  ;              ; 1.1V                ; --           ;                 ; --       ; --           ;
; P14      ;            ; --       ; VCC                             ; power  ;              ; 1.1V                ; --           ;                 ; --       ; --           ;
; P15      ;            ; --       ; VCC                             ; power  ;              ; 1.1V                ; --           ;                 ; --       ; --           ;
; P16      ;            ;          ; GND                             ; gnd    ;              ;                     ; --           ;                 ; --       ; --           ;
; P17      ;            ; --       ; VCC_HPS                         ; power  ;              ; 1.1V                ; --           ;                 ; --       ; --           ;
; P18      ;            ;          ; GND                             ; gnd    ;              ;                     ; --           ;                 ; --       ; --           ;
; P19      ;            ; --       ; VCC_HPS                         ; power  ;              ; 1.1V                ; --           ;                 ; --       ; --           ;
; P20      ;            ;          ; GND                             ; gnd    ;              ;                     ; --           ;                 ; --       ; --           ;
; P21      ;            ; --       ; VCCPD6A6B_HPS                   ; power  ;              ; 2.5V                ; --           ;                 ; --       ; --           ;
; P24      ;            ; --       ; VCCPD6A6B_HPS                   ; power  ;              ; 2.5V                ; --           ;                 ; --       ; --           ;
; P25      ;            ;          ; GND                             ; gnd    ;              ;                     ; --           ;                 ; --       ; --           ;
; P26      ; 299        ; 6B       ; RESERVED_INPUT_WITH_WEAK_PULLUP ;        ;              ;                     ; Row I/O      ;                 ; no       ; On           ;
; P27      ;            ; 6B       ; VCCIO6B_HPS                     ; power  ;              ; 2.5V                ; --           ;                 ; --       ; --           ;
; P28      ; 309        ; 6A       ; RESERVED_INPUT_WITH_WEAK_PULLUP ;        ;              ;                     ; Row I/O      ;                 ; no       ; On           ;
; R1       ;            ;          ; GND                             ; gnd    ;              ;                     ; --           ;                 ; --       ; --           ;
; R2       ;            ;          ; GND                             ; gnd    ;              ;                     ; --           ;                 ; --       ; --           ;
; R3       ;            ;          ; GND                             ; gnd    ;              ;                     ; --           ;                 ; --       ; --           ;
; R4       ;            ; --       ; VCCA_FPLL                       ; power  ;              ; 2.5V                ; --           ;                 ; --       ; --           ;
; R5       ;            ; --       ; VCC                             ; power  ;              ; 1.1V                ; --           ;                 ; --       ; --           ;
; R8       ;            ;          ; GND                             ; gnd    ;              ;                     ; --           ;                 ; --       ; --           ;
; R9       ;            ; --       ; VCC                             ; power  ;              ; 1.1V                ; --           ;                 ; --       ; --           ;
; R10      ;            ; --       ; VCC                             ; power  ;              ; 1.1V                ; --           ;                 ; --       ; --           ;
; R11      ;            ;          ; GND                             ; gnd    ;              ;                     ; --           ;                 ; --       ; --           ;
; R12      ;            ; --       ; VCC                             ; power  ;              ; 1.1V                ; --           ;                 ; --       ; --           ;
; R13      ;            ;          ; GND                             ; gnd    ;              ;                     ; --           ;                 ; --       ; --           ;
; R14      ;            ; --       ; VCC                             ; power  ;              ; 1.1V                ; --           ;                 ; --       ; --           ;
; R15      ;            ;          ; GND                             ; gnd    ;              ;                     ; --           ;                 ; --       ; --           ;
; R16      ; 334        ; 6A       ; RESERVED_INPUT_WITH_WEAK_PULLUP ;        ;              ;                     ; Row I/O      ;                 ; no       ; On           ;
; R17      ; 332        ; 6A       ; RESERVED_INPUT_WITH_WEAK_PULLUP ;        ;              ;                     ; Row I/O      ;                 ; no       ; On           ;
; R18      ; 318        ; 6A       ; RESERVED_INPUT_WITH_WEAK_PULLUP ;        ;              ;                     ; Row I/O      ;                 ; no       ; On           ;
; R19      ; 316        ; 6A       ; RESERVED_INPUT_WITH_WEAK_PULLUP ;        ;              ;                     ; Row I/O      ;                 ; no       ; On           ;
; R20      ; 310        ; 6A       ; RESERVED_INPUT_WITH_WEAK_PULLUP ;        ;              ;                     ; Row I/O      ;                 ; no       ; On           ;
; R21      ; 308        ; 6A       ; RESERVED_INPUT_WITH_WEAK_PULLUP ;        ;              ;                     ; Row I/O      ;                 ; no       ; On           ;
; R24      ; 282        ; 6B       ; RESERVED_INPUT_WITH_WEAK_PULLUP ;        ;              ;                     ; Row I/O      ;                 ; no       ; On           ;
; R25      ; 288        ; 6B       ; RESERVED_INPUT_WITH_WEAK_PULLUP ;        ;              ;                     ; Row I/O      ;                 ; no       ; On           ;
; R26      ; 290        ; 6B       ; RESERVED_INPUT_WITH_WEAK_PULLUP ;        ;              ;                     ; Row I/O      ;                 ; no       ; On           ;
; R27      ; 297        ; 6B       ; RESERVED_INPUT_WITH_WEAK_PULLUP ;        ;              ;                     ; Row I/O      ;                 ; no       ; On           ;
; R28      ; 307        ; 6B       ; RESERVED_INPUT_WITH_WEAK_PULLUP ;        ;              ;                     ; Row I/O      ;                 ; no       ; On           ;
; T1       ;            ;          ; DNU                             ;        ;              ;                     ; --           ;                 ; --       ; --           ;
; T2       ;            ;          ; DNU                             ;        ;              ;                     ; --           ;                 ; --       ; --           ;
; T3       ;            ;          ; GND                             ; gnd    ;              ;                     ; --           ;                 ; --       ; --           ;
; T4       ;            ; --       ; VCC                             ; power  ;              ; 1.1V                ; --           ;                 ; --       ; --           ;
; T5       ;            ; --       ; VCC                             ; power  ;              ; 1.1V                ; --           ;                 ; --       ; --           ;
; T8       ; 56         ; 3A       ; RESERVED_INPUT_WITH_WEAK_PULLUP ;        ;              ;                     ; Column I/O   ;                 ; no       ; On           ;
; T9       ;            ; --       ; VCC                             ; power  ;              ; 1.1V                ; --           ;                 ; --       ; --           ;
; T10      ;            ;          ; GND                             ; gnd    ;              ;                     ; --           ;                 ; --       ; --           ;
; T11      ; 106        ; 3B       ; RESERVED_INPUT_WITH_WEAK_PULLUP ;        ;              ;                     ; Column I/O   ;                 ; no       ; On           ;
; T12      ; 120        ; 3B       ; RESERVED_INPUT_WITH_WEAK_PULLUP ;        ;              ;                     ; Column I/O   ;                 ; no       ; On           ;
; T13      ; 122        ; 3B       ; avs_writedata[31]               ; input  ; 2.5 V        ;                     ; Column I/O   ; N               ; no       ; Off          ;
; T14      ;            ;          ; GND                             ; gnd    ;              ;                     ; --           ;                 ; --       ; --           ;
; T15      ;            ; --       ; VCC                             ; power  ;              ; 1.1V                ; --           ;                 ; --       ; --           ;
; T16      ; 292        ; 6B       ; RESERVED_INPUT_WITH_WEAK_PULLUP ;        ;              ;                     ; Row I/O      ;                 ; no       ; On           ;
; T17      ; 294        ; 6B       ; RESERVED_INPUT_WITH_WEAK_PULLUP ;        ;              ;                     ; Row I/O      ;                 ; no       ; On           ;
; T18      ; 302        ; 6B       ; RESERVED_INPUT_WITH_WEAK_PULLUP ;        ;              ;                     ; Row I/O      ;                 ; no       ; On           ;
; T19      ; 300        ; 6B       ; RESERVED_INPUT_WITH_WEAK_PULLUP ;        ;              ;                     ; Row I/O      ;                 ; no       ; On           ;
; T20      ; 286        ; 6B       ; RESERVED_INPUT_WITH_WEAK_PULLUP ;        ;              ;                     ; Row I/O      ;                 ; no       ; On           ;
; T21      ;            ; 6B       ; VCCIO6B_HPS                     ; power  ;              ; 2.5V                ; --           ;                 ; --       ; --           ;
; T24      ; 280        ; 6B       ; RESERVED_INPUT_WITH_WEAK_PULLUP ;        ;              ;                     ; Row I/O      ;                 ; no       ; On           ;
; T25      ;            ; 6B       ; VCCIO6B_HPS                     ; power  ;              ; 2.5V                ; --           ;                 ; --       ; --           ;
; T26      ; 274        ; 6B       ; RESERVED_INPUT_WITH_WEAK_PULLUP ;        ;              ;                     ; Row I/O      ;                 ; no       ; On           ;
; T27      ; 283        ; 6B       ; GND+                            ;        ;              ;                     ; Row I/O      ;                 ; --       ; --           ;
; T28      ; 305        ; 6B       ; RESERVED_INPUT_WITH_WEAK_PULLUP ;        ;              ;                     ; Row I/O      ;                 ; no       ; On           ;
; U1       ;            ;          ; GND                             ; gnd    ;              ;                     ; --           ;                 ; --       ; --           ;
; U2       ;            ;          ; GND                             ; gnd    ;              ;                     ; --           ;                 ; --       ; --           ;
; U3       ;            ;          ; GND                             ; gnd    ;              ;                     ; --           ;                 ; --       ; --           ;
; U4       ;            ; --       ; VCCA_FPLL                       ; power  ;              ; 2.5V                ; --           ;                 ; --       ; --           ;
; U5       ;            ;          ; GND                             ; gnd    ;              ;                     ; --           ;                 ; --       ; --           ;
; U8       ;            ;          ; DNU                             ;        ;              ;                     ; --           ;                 ; --       ; --           ;
; U9       ; 58         ; 3A       ; RESERVED_INPUT_WITH_WEAK_PULLUP ;        ;              ;                     ; Column I/O   ;                 ; no       ; On           ;
; U10      ; 62         ; 3A       ; RESERVED_INPUT_WITH_WEAK_PULLUP ;        ;              ;                     ; Column I/O   ;                 ; no       ; On           ;
; U11      ; 104        ; 3B       ; RESERVED_INPUT_WITH_WEAK_PULLUP ;        ;              ;                     ; Column I/O   ;                 ; no       ; On           ;
; U12      ;            ;          ; GND                             ; gnd    ;              ;                     ; --           ;                 ; --       ; --           ;
; U13      ; 136        ; 4A       ; avs_readdata[6]                 ; output ; 2.5 V        ;                     ; Column I/O   ; N               ; no       ; Off          ;
; U14      ; 138        ; 4A       ; avs_readdata[23]                ; output ; 2.5 V        ;                     ; Column I/O   ; N               ; no       ; Off          ;
; U15      ; 278        ; 6B       ; RESERVED_INPUT_WITH_WEAK_PULLUP ;        ;              ;                     ; Row I/O      ;                 ; no       ; On           ;
; U16      ; 276        ; 6B       ; RESERVED_INPUT_WITH_WEAK_PULLUP ;        ;              ;                     ; Row I/O      ;                 ; no       ; On           ;
; U17      ;            ;          ; GND                             ; gnd    ;              ;                     ; --           ;                 ; --       ; --           ;
; U18      ;            ; 6B       ; VCCIO6B_HPS                     ; power  ;              ; 2.5V                ; --           ;                 ; --       ; --           ;
; U19      ; 284        ; 6B       ; RESERVED_INPUT_WITH_WEAK_PULLUP ;        ;              ;                     ; Row I/O      ;                 ; no       ; On           ;
; U20      ;            ;          ; GND                             ; gnd    ;              ;                     ; --           ;                 ; --       ; --           ;
; U21      ;            ; --       ; VCC_HPS                         ; power  ;              ; 1.1V                ; --           ;                 ; --       ; --           ;
; U24      ;            ;          ; GND                             ; gnd    ;              ;                     ; --           ;                 ; --       ; --           ;
; U25      ; 272        ; 6B       ; RESERVED_INPUT_WITH_WEAK_PULLUP ;        ;              ;                     ; Row I/O      ;                 ; no       ; On           ;
; U26      ;            ; --       ; VCC                             ; power  ;              ; 1.1V                ; --           ;                 ; --       ; --           ;
; U27      ;            ;          ; GND                             ; gnd    ;              ;                     ; --           ;                 ; --       ; --           ;
; U28      ; 303        ; 6B       ; RESERVED_INPUT_WITH_WEAK_PULLUP ;        ;              ;                     ; Row I/O      ;                 ; no       ; On           ;
; V1       ;            ;          ; GND                             ; gnd    ;              ;                     ; --           ;                 ; --       ; --           ;
; V2       ;            ;          ; GND                             ; gnd    ;              ;                     ; --           ;                 ; --       ; --           ;
; V3       ;            ;          ; GND                             ; gnd    ;              ;                     ; --           ;                 ; --       ; --           ;
; V4       ;            ;          ; GND                             ; gnd    ;              ;                     ; --           ;                 ; --       ; --           ;
; V5       ;            ;          ; GND                             ; gnd    ;              ;                     ; --           ;                 ; --       ; --           ;
; V8       ;            ;          ; GND                             ; gnd    ;              ;                     ; --           ;                 ; --       ; --           ;
; V9       ;            ;          ; GND                             ; gnd    ;              ;                     ; --           ;                 ; --       ; --           ;
; V10      ; 60         ; 3A       ; RESERVED_INPUT_WITH_WEAK_PULLUP ;        ;              ;                     ; Column I/O   ;                 ; no       ; On           ;
; V11      ; 114        ; 3B       ; RESERVED_INPUT_WITH_WEAK_PULLUP ;        ;              ;                     ; Column I/O   ;                 ; no       ; On           ;
; V12      ; 130        ; 3B       ; avs_writedata[5]                ; input  ; 2.5 V        ;                     ; Column I/O   ; N               ; no       ; Off          ;
; V13      ; 152        ; 4A       ; avs_address[2]                  ; input  ; 2.5 V        ;                     ; Column I/O   ; N               ; no       ; Off          ;
; V14      ;            ;          ; GND                             ; gnd    ;              ;                     ; --           ;                 ; --       ; --           ;
; V15      ; 227        ; 5A       ; avs_readdata[24]                ; output ; 2.5 V        ;                     ; Row I/O      ; N               ; no       ; Off          ;
; V16      ; 225        ; 5A       ; avs_writedata[21]               ; input  ; 2.5 V        ;                     ; Row I/O      ; N               ; no       ; Off          ;
; V17      ; 270        ; 6B       ; RESERVED_INPUT_WITH_WEAK_PULLUP ;        ;              ;                     ; Row I/O      ;                 ; no       ; On           ;
; V18      ; 268        ; 6B       ; RESERVED_INPUT_WITH_WEAK_PULLUP ;        ;              ;                     ; Row I/O      ;                 ; no       ; On           ;
; V19      ; 266        ; 6B       ; RESERVED_INPUT_WITH_WEAK_PULLUP ;        ;              ;                     ; Row I/O      ;                 ; no       ; On           ;
; V20      ; 264        ; 6B       ; RESERVED_INPUT_WITH_WEAK_PULLUP ;        ;              ;                     ; Row I/O      ;                 ; no       ; On           ;
; V21      ;            ;          ; GND                             ; gnd    ;              ;                     ; --           ;                 ; --       ; --           ;
; V24      ; 269        ; 6B       ; RESERVED_INPUT_WITH_WEAK_PULLUP ;        ;              ;                     ; Row I/O      ;                 ; no       ; On           ;
; V25      ; 271        ; 6B       ; RESERVED_INPUT_WITH_WEAK_PULLUP ;        ;              ;                     ; Row I/O      ;                 ; no       ; On           ;
; V26      ;            ;          ; GND                             ; gnd    ;              ;                     ; --           ;                 ; --       ; --           ;
; V27      ; 295        ; 6B       ; RESERVED_INPUT_WITH_WEAK_PULLUP ;        ;              ;                     ; Row I/O      ;                 ; no       ; On           ;
; V28      ; 301        ; 6B       ; RESERVED_INPUT_WITH_WEAK_PULLUP ;        ;              ;                     ; Row I/O      ;                 ; no       ; On           ;
; W1       ;            ;          ; GND                             ; gnd    ;              ;                     ; --           ;                 ; --       ; --           ;
; W2       ;            ;          ; GND                             ; gnd    ;              ;                     ; --           ;                 ; --       ; --           ;
; W3       ;            ;          ; GND                             ; gnd    ;              ;                     ; --           ;                 ; --       ; --           ;
; W4       ;            ;          ; GND                             ; gnd    ;              ;                     ; --           ;                 ; --       ; --           ;
; W5       ;            ; --       ; VCCA_FPLL                       ; power  ;              ; 2.5V                ; --           ;                 ; --       ; --           ;
; W8       ; 54         ; 3A       ; RESERVED_INPUT_WITH_WEAK_PULLUP ;        ;              ;                     ; Column I/O   ;                 ; no       ; On           ;
; W9       ;            ; 3A       ; VCCIO3A                         ; power  ;              ; 2.5V                ; --           ;                 ; --       ; --           ;
; W10      ; 48         ; 3A       ; #TDI                            ; input  ;              ;                     ; --           ;                 ; --       ; --           ;
; W11      ; 112        ; 3B       ; RESERVED_INPUT_WITH_WEAK_PULLUP ;        ;              ;                     ; Column I/O   ;                 ; no       ; On           ;
; W12      ; 128        ; 3B       ; avs_writedata[26]               ; input  ; 2.5 V        ;                     ; Column I/O   ; N               ; no       ; Off          ;
; W13      ;            ; 4A       ; VCCIO4A                         ; power  ;              ; 2.5V                ; --           ;                 ; --       ; --           ;
; W14      ; 154        ; 4A       ; avs_readdata[30]                ; output ; 2.5 V        ;                     ; Column I/O   ; N               ; no       ; Off          ;
; W15      ; 223        ; 5A       ; RESERVED_INPUT_WITH_WEAK_PULLUP ;        ;              ;                     ; Row I/O      ;                 ; no       ; On           ;
; W16      ;            ;          ; GND                             ; gnd    ;              ;                     ; --           ;                 ; --       ; --           ;
; W17      ;            ; 5A       ; VCCIO5A                         ; power  ;              ; 2.5V                ; --           ;                 ; --       ; --           ;
; W18      ;            ;          ; GND                             ; gnd    ;              ;                     ; --           ;                 ; --       ; --           ;
; W19      ;            ; 5B       ; VCCPD5B                         ; power  ;              ; 2.5V                ; --           ;                 ; --       ; --           ;
; W20      ; 254        ; 5B       ; clk                             ; input  ; 2.5 V        ;                     ; Row I/O      ; N               ; no       ; Off          ;
; W21      ; 252        ; 5B       ; RESERVED_INPUT_WITH_WEAK_PULLUP ;        ;              ;                     ; Row I/O      ;                 ; no       ; On           ;
; W24      ; 258        ; 5B       ; reset_n                         ; input  ; 2.5 V        ;                     ; Row I/O      ; N               ; no       ; Off          ;
; W25      ;            ; 5B       ; VCCIO5B                         ; power  ;              ; 2.5V                ; --           ;                 ; --       ; --           ;
; W26      ; 287        ; 6B       ; RESERVED_INPUT_WITH_WEAK_PULLUP ;        ;              ;                     ; Row I/O      ;                 ; no       ; On           ;
; W27      ;            ; 6B       ; VCCIO6B_HPS                     ; power  ;              ; 2.5V                ; --           ;                 ; --       ; --           ;
; W28      ; 293        ; 6B       ; RESERVED_INPUT_WITH_WEAK_PULLUP ;        ;              ;                     ; Row I/O      ;                 ; no       ; On           ;
; Y1       ;            ;          ; DNU                             ;        ;              ;                     ; --           ;                 ; --       ; --           ;
; Y2       ;            ;          ; DNU                             ;        ;              ;                     ; --           ;                 ; --       ; --           ;
; Y3       ;            ;          ; GND                             ; gnd    ;              ;                     ; --           ;                 ; --       ; --           ;
; Y4       ; 53         ; 3A       ; RESERVED_INPUT_WITH_WEAK_PULLUP ;        ;              ;                     ; Column I/O   ;                 ; no       ; On           ;
; Y5       ; 55         ; 3A       ; RESERVED_INPUT_WITH_WEAK_PULLUP ;        ;              ;                     ; Column I/O   ;                 ; no       ; On           ;
; Y8       ; 52         ; 3A       ; RESERVED_INPUT_WITH_WEAK_PULLUP ;        ;              ;                     ; Column I/O   ;                 ; no       ; On           ;
; Y9       ; 42         ; 3A       ; #TDO                            ; output ;              ;                     ; --           ;                 ; --       ; --           ;
; Y10      ;            ; --       ; VCCPGM                          ; power  ;              ; 1.8V/2.5V/3.0V/3.3V ; --           ;                 ; --       ; --           ;
; Y11      ; 66         ; 3A       ; RESERVED_INPUT_WITH_WEAK_PULLUP ;        ;              ;                     ; Column I/O   ;                 ; no       ; On           ;
; Y12      ;            ;          ; GND                             ; gnd    ;              ;                     ; --           ;                 ; --       ; --           ;
; Y13      ; 146        ; 4A       ; avs_readdata[5]                 ; output ; 2.5 V        ;                     ; Column I/O   ; N               ; no       ; Off          ;
; Y14      ;            ;          ; GND                             ; gnd    ;              ;                     ; --           ;                 ; --       ; --           ;
; Y15      ; 162        ; 4A       ; avs_readdata[25]                ; output ; 2.5 V        ;                     ; Column I/O   ; N               ; no       ; Off          ;
; Y16      ; 221        ; 5A       ; RESERVED_INPUT_WITH_WEAK_PULLUP ;        ;              ;                     ; Row I/O      ;                 ; no       ; On           ;
; Y17      ; 217        ; 5A       ; RESERVED_INPUT_WITH_WEAK_PULLUP ;        ;              ;                     ; Row I/O      ;                 ; no       ; On           ;
; Y18      ; 219        ; 5A       ; avs_writedata[23]               ; input  ; 2.5 V        ;                     ; Row I/O      ; N               ; no       ; Off          ;
; Y19      ; 215        ; 5A       ; RESERVED_INPUT_WITH_WEAK_PULLUP ;        ;              ;                     ; Row I/O      ;                 ; no       ; On           ;
; Y20      ;            ;          ; GND                             ; gnd    ;              ;                     ; --           ;                 ; --       ; --           ;
; Y21      ;            ; 5A       ; VCCPD5A                         ; power  ;              ; 2.5V                ; --           ;                 ; --       ; --           ;
; Y24      ; 256        ; 5B       ; RESERVED_INPUT_WITH_WEAK_PULLUP ;        ;              ;                     ; Row I/O      ;                 ; no       ; On           ;
; Y25      ;            ;          ; GND                             ; gnd    ;              ;                     ; --           ;                 ; --       ; --           ;
; Y26      ; 285        ; 6B       ; RESERVED_INPUT_WITH_WEAK_PULLUP ;        ;              ;                     ; Row I/O      ;                 ; no       ; On           ;
; Y27      ; 281        ; 6B       ; RESERVED_INPUT_WITH_WEAK_PULLUP ;        ;              ;                     ; Row I/O      ;                 ; no       ; On           ;
; Y28      ; 291        ; 6B       ; RESERVED_INPUT_WITH_WEAK_PULLUP ;        ;              ;                     ; Row I/O      ;                 ; no       ; On           ;
+----------+------------+----------+---------------------------------+--------+--------------+---------------------+--------------+-----------------+----------+--------------+
Note: Pin directions (input, output or bidir) are based on device operating in user mode.


+--------------------------------------------------------------------------------------------------------------------------------------------------------------------------------------------------------------------------------------------------------------------------------------------------------------------------------------------------------------------------------------------------------------------------------------------------------------------------------+
; Fitter Resource Utilization by Entity                                                                                                                                                                                                                                                                                                                                                                                                                                          ;
+----------------------------------------------+----------------------+----------------------------------+---------------------------------------------------+----------------------------------+----------------------+---------------------+---------------------------+---------------+-------------------+-------+------------+------+--------------+---------------------------------------------------------------------------------------------------------+--------------+
; Compilation Hierarchy Node                   ; ALMs needed [=A-B+C] ; [A] ALMs used in final placement ; [B] Estimate of ALMs recoverable by dense packing ; [C] Estimate of ALMs unavailable ; ALMs used for memory ; Combinational ALUTs ; Dedicated Logic Registers ; I/O Registers ; Block Memory Bits ; M10Ks ; DSP Blocks ; Pins ; Virtual Pins ; Full Hierarchy Name                                                                                     ; Library Name ;
+----------------------------------------------+----------------------+----------------------------------+---------------------------------------------------+----------------------------------+----------------------+---------------------+---------------------------+---------------+-------------------+-------+------------+------+--------------+---------------------------------------------------------------------------------------------------------+--------------+
; |sha256_accelerator                          ; 1366.0 (0.5)         ; 1346.0 (0.5)                     ; 56.5 (0.0)                                        ; 76.5 (0.0)                       ; 0.0 (0.0)            ; 1583 (1)            ; 1562 (0)                  ; 0 (0)         ; 2048              ; 1     ; 0          ; 75   ; 0            ; |sha256_accelerator                                                                                     ; work         ;
;    |sha256_core:u_core|                      ; 1072.4 (0.0)         ; 1050.4 (0.0)                     ; 43.6 (0.0)                                        ; 65.7 (0.0)                       ; 0.0 (0.0)            ; 1272 (0)            ; 1378 (0)                  ; 0 (0)         ; 2048              ; 1     ; 0          ; 0    ; 0            ; |sha256_accelerator|sha256_core:u_core                                                                  ; work         ;
;       |hash_adder:u_hadder|                  ; 62.9 (62.9)          ; 62.9 (62.9)                      ; 0.0 (0.0)                                         ; 0.0 (0.0)                        ; 0.0 (0.0)            ; 256 (256)           ; 0 (0)                     ; 0 (0)         ; 0                 ; 0     ; 0          ; 0    ; 0            ; |sha256_accelerator|sha256_core:u_core|hash_adder:u_hadder                                              ; work         ;
;       |hram:u_hram|                          ; 62.4 (62.4)          ; 65.1 (65.1)                      ; 2.7 (2.7)                                         ; 0.0 (0.0)                        ; 0.0 (0.0)            ; 0 (0)               ; 267 (267)                 ; 0 (0)         ; 0                 ; 0     ; 0          ; 0    ; 0            ; |sha256_accelerator|sha256_core:u_core|hram:u_hram                                                      ; work         ;
;       |k_rom:u_krom|                         ; 0.0 (0.0)            ; 0.0 (0.0)                        ; 0.0 (0.0)                                         ; 0.0 (0.0)                        ; 0.0 (0.0)            ; 0 (0)               ; 0 (0)                     ; 0 (0)         ; 2048              ; 1     ; 0          ; 0    ; 0            ; |sha256_accelerator|sha256_core:u_core|k_rom:u_krom                                                     ; work         ;
;          |altsyncram:rom_rtl_0|              ; 0.0 (0.0)            ; 0.0 (0.0)                        ; 0.0 (0.0)                                         ; 0.0 (0.0)                        ; 0.0 (0.0)            ; 0 (0)               ; 0 (0)                     ; 0 (0)         ; 2048              ; 1     ; 0          ; 0    ; 0            ; |sha256_accelerator|sha256_core:u_core|k_rom:u_krom|altsyncram:rom_rtl_0                                ; work         ;
;             |altsyncram_6ue1:auto_generated| ; 0.0 (0.0)            ; 0.0 (0.0)                        ; 0.0 (0.0)                                         ; 0.0 (0.0)                        ; 0.0 (0.0)            ; 0 (0)               ; 0 (0)                     ; 0 (0)         ; 2048              ; 1     ; 0          ; 0    ; 0            ; |sha256_accelerator|sha256_core:u_core|k_rom:u_krom|altsyncram:rom_rtl_0|altsyncram_6ue1:auto_generated ; work         ;
;       |mc:u_mc|                              ; 479.0 (479.0)        ; 475.6 (475.6)                    ; 35.2 (35.2)                                       ; 38.6 (38.6)                      ; 0.0 (0.0)            ; 663 (663)           ; 441 (441)                 ; 0 (0)         ; 0                 ; 0     ; 0          ; 0    ; 0            ; |sha256_accelerator|sha256_core:u_core|mc:u_mc                                                          ; work         ;
;       |me:u_me|                              ; 72.5 (72.5)          ; 63.0 (63.0)                      ; 0.0 (0.0)                                         ; 9.5 (9.5)                        ; 0.0 (0.0)            ; 128 (128)           ; 0 (0)                     ; 0 (0)         ; 0                 ; 0     ; 0          ; 0    ; 0            ; |sha256_accelerator|sha256_core:u_core|me:u_me                                                          ; work         ;
;       |pad_fn:u_pad|                         ; 7.0 (7.0)            ; 7.0 (7.0)                        ; 0.0 (0.0)                                         ; 0.0 (0.0)                        ; 0.0 (0.0)            ; 15 (15)             ; 0 (0)                     ; 0 (0)         ; 0                 ; 0     ; 0          ; 0    ; 0            ; |sha256_accelerator|sha256_core:u_core|pad_fn:u_pad                                                     ; work         ;
;       |sha256_fsm:u_fsm|                     ; 92.6 (92.6)          ; 92.6 (92.6)                      ; 5.4 (5.4)                                         ; 5.5 (5.5)                        ; 0.0 (0.0)            ; 152 (152)           ; 125 (125)                 ; 0 (0)         ; 0                 ; 0     ; 0          ; 0    ; 0            ; |sha256_accelerator|sha256_core:u_core|sha256_fsm:u_fsm                                                 ; work         ;
;       |wram:u_wram|                          ; 293.6 (293.6)        ; 284.2 (284.2)                    ; 2.7 (2.7)                                         ; 12.1 (12.1)                      ; 0.0 (0.0)            ; 58 (58)             ; 545 (545)                 ; 0 (0)         ; 0                 ; 0     ; 0          ; 0    ; 0            ; |sha256_accelerator|sha256_core:u_core|wram:u_wram                                                      ; work         ;
;    |sha256_csr:u_csr|                        ; 293.1 (293.1)        ; 295.1 (295.1)                    ; 12.9 (12.9)                                       ; 10.8 (10.8)                      ; 0.0 (0.0)            ; 310 (310)           ; 184 (184)                 ; 0 (0)         ; 0                 ; 0     ; 0          ; 0    ; 0            ; |sha256_accelerator|sha256_csr:u_csr                                                                    ; work         ;
+----------------------------------------------+----------------------+----------------------------------+---------------------------------------------------+----------------------------------+----------------------+---------------------+---------------------------+---------------+-------------------+-------+------------+------+--------------+---------------------------------------------------------------------------------------------------------+--------------+
Note: For table entries with two numbers listed, the numbers in parentheses indicate the number of resources of the given type used by the specific entity alone. The numbers listed outside of parentheses indicate the total resources of the given type used by the specific entity and all of its sub-entities in the hierarchy.


+----------------------------------------------------------------------------------------------------------------------------------+
; Delay Chain Summary                                                                                                              ;
+-------------------+----------+----+------+------+----+------+-------+--------+------------------------+--------------------------+
; Name              ; Pin Type ; D1 ; D3_0 ; D3_1 ; D4 ; D5   ; D5 OE ; D5 OCT ; T11 (Postamble Gating) ; T11 (Postamble Ungating) ;
+-------------------+----------+----+------+------+----+------+-------+--------+------------------------+--------------------------+
; avs_readdata[0]   ; Output   ; -- ; --   ; --   ; -- ; (0)  ; (31)  ; --     ; --                     ; --                       ;
; avs_readdata[1]   ; Output   ; -- ; --   ; --   ; -- ; (0)  ; (31)  ; --     ; --                     ; --                       ;
; avs_readdata[2]   ; Output   ; -- ; --   ; --   ; -- ; (0)  ; (31)  ; --     ; --                     ; --                       ;
; avs_readdata[3]   ; Output   ; -- ; --   ; --   ; -- ; (0)  ; (31)  ; --     ; --                     ; --                       ;
; avs_readdata[4]   ; Output   ; -- ; --   ; --   ; -- ; (0)  ; (31)  ; --     ; --                     ; --                       ;
; avs_readdata[5]   ; Output   ; -- ; --   ; --   ; -- ; (0)  ; (31)  ; --     ; --                     ; --                       ;
; avs_readdata[6]   ; Output   ; -- ; --   ; --   ; -- ; (0)  ; (31)  ; --     ; --                     ; --                       ;
; avs_readdata[7]   ; Output   ; -- ; --   ; --   ; -- ; (0)  ; (31)  ; --     ; --                     ; --                       ;
; avs_readdata[8]   ; Output   ; -- ; --   ; --   ; -- ; (0)  ; (31)  ; --     ; --                     ; --                       ;
; avs_readdata[9]   ; Output   ; -- ; --   ; --   ; -- ; (0)  ; (31)  ; --     ; --                     ; --                       ;
; avs_readdata[10]  ; Output   ; -- ; --   ; --   ; -- ; (0)  ; (31)  ; --     ; --                     ; --                       ;
; avs_readdata[11]  ; Output   ; -- ; --   ; --   ; -- ; (0)  ; (31)  ; --     ; --                     ; --                       ;
; avs_readdata[12]  ; Output   ; -- ; --   ; --   ; -- ; (0)  ; (31)  ; --     ; --                     ; --                       ;
; avs_readdata[13]  ; Output   ; -- ; --   ; --   ; -- ; (0)  ; (31)  ; --     ; --                     ; --                       ;
; avs_readdata[14]  ; Output   ; -- ; --   ; --   ; -- ; (0)  ; (31)  ; --     ; --                     ; --                       ;
; avs_readdata[15]  ; Output   ; -- ; --   ; --   ; -- ; (0)  ; (31)  ; --     ; --                     ; --                       ;
; avs_readdata[16]  ; Output   ; -- ; --   ; --   ; -- ; (0)  ; (31)  ; --     ; --                     ; --                       ;
; avs_readdata[17]  ; Output   ; -- ; --   ; --   ; -- ; (0)  ; (31)  ; --     ; --                     ; --                       ;
; avs_readdata[18]  ; Output   ; -- ; --   ; --   ; -- ; (0)  ; (31)  ; --     ; --                     ; --                       ;
; avs_readdata[19]  ; Output   ; -- ; --   ; --   ; -- ; (0)  ; (31)  ; --     ; --                     ; --                       ;
; avs_readdata[20]  ; Output   ; -- ; --   ; --   ; -- ; (0)  ; (31)  ; --     ; --                     ; --                       ;
; avs_readdata[21]  ; Output   ; -- ; --   ; --   ; -- ; (0)  ; (31)  ; --     ; --                     ; --                       ;
; avs_readdata[22]  ; Output   ; -- ; --   ; --   ; -- ; (0)  ; (31)  ; --     ; --                     ; --                       ;
; avs_readdata[23]  ; Output   ; -- ; --   ; --   ; -- ; (0)  ; (31)  ; --     ; --                     ; --                       ;
; avs_readdata[24]  ; Output   ; -- ; --   ; --   ; -- ; (0)  ; (31)  ; --     ; --                     ; --                       ;
; avs_readdata[25]  ; Output   ; -- ; --   ; --   ; -- ; (0)  ; (31)  ; --     ; --                     ; --                       ;
; avs_readdata[26]  ; Output   ; -- ; --   ; --   ; -- ; (0)  ; (31)  ; --     ; --                     ; --                       ;
; avs_readdata[27]  ; Output   ; -- ; --   ; --   ; -- ; (0)  ; (31)  ; --     ; --                     ; --                       ;
; avs_readdata[28]  ; Output   ; -- ; --   ; --   ; -- ; (0)  ; (31)  ; --     ; --                     ; --                       ;
; avs_readdata[29]  ; Output   ; -- ; --   ; --   ; -- ; (0)  ; (31)  ; --     ; --                     ; --                       ;
; avs_readdata[30]  ; Output   ; -- ; --   ; --   ; -- ; (0)  ; (31)  ; --     ; --                     ; --                       ;
; avs_readdata[31]  ; Output   ; -- ; --   ; --   ; -- ; (0)  ; (31)  ; --     ; --                     ; --                       ;
; irq               ; Output   ; -- ; --   ; --   ; -- ; (0)  ; (31)  ; --     ; --                     ; --                       ;
; avs_address[0]    ; Input    ; -- ; (0)  ; --   ; -- ; --   ; --    ; --     ; --                     ; --                       ;
; avs_address[4]    ; Input    ; -- ; (0)  ; (0)  ; -- ; --   ; --    ; --     ; --                     ; --                       ;
; avs_address[1]    ; Input    ; -- ; (0)  ; --   ; -- ; --   ; --    ; --     ; --                     ; --                       ;
; avs_address[5]    ; Input    ; -- ; (0)  ; --   ; -- ; --   ; --    ; --     ; --                     ; --                       ;
; avs_address[2]    ; Input    ; -- ; --   ; (0)  ; -- ; --   ; --    ; --     ; --                     ; --                       ;
; avs_address[3]    ; Input    ; -- ; (0)  ; --   ; -- ; --   ; --    ; --     ; --                     ; --                       ;
; clk               ; Input    ; -- ; (0)  ; --   ; -- ; --   ; --    ; --     ; --                     ; --                       ;
; reset_n           ; Input    ; -- ; (0)  ; --   ; -- ; --   ; --    ; --     ; --                     ; --                       ;
; avs_read          ; Input    ; -- ; (0)  ; --   ; -- ; --   ; --    ; --     ; --                     ; --                       ;
; avs_write         ; Input    ; -- ; --   ; (0)  ; -- ; --   ; --    ; --     ; --                     ; --                       ;
; avs_writedata[1]  ; Input    ; -- ; (0)  ; --   ; -- ; --   ; --    ; --     ; --                     ; --                       ;
; avs_writedata[0]  ; Input    ; -- ; --   ; (0)  ; -- ; --   ; --    ; --     ; --                     ; --                       ;
; avs_writedata[6]  ; Input    ; -- ; (0)  ; --   ; -- ; --   ; --    ; --     ; --                     ; --                       ;
; avs_writedata[2]  ; Input    ; -- ; (0)  ; --   ; -- ; --   ; --    ; --     ; --                     ; --                       ;
; avs_writedata[3]  ; Input    ; -- ; (0)  ; --   ; -- ; --   ; --    ; --     ; --                     ; --                       ;
; avs_writedata[4]  ; Input    ; -- ; (0)  ; --   ; -- ; --   ; --    ; --     ; --                     ; --                       ;
; avs_writedata[5]  ; Input    ; -- ; (0)  ; --   ; -- ; --   ; --    ; --     ; --                     ; --                       ;
; avs_writedata[7]  ; Input    ; -- ; --   ; (0)  ; -- ; --   ; --    ; --     ; --                     ; --                       ;
; avs_writedata[8]  ; Input    ; -- ; --   ; (0)  ; -- ; --   ; --    ; --     ; --                     ; --                       ;
; avs_writedata[9]  ; Input    ; -- ; --   ; (0)  ; -- ; --   ; --    ; --     ; --                     ; --                       ;
; avs_writedata[10] ; Input    ; -- ; (0)  ; --   ; -- ; --   ; --    ; --     ; --                     ; --                       ;
; avs_writedata[11] ; Input    ; -- ; (0)  ; --   ; -- ; --   ; --    ; --     ; --                     ; --                       ;
; avs_writedata[12] ; Input    ; -- ; (0)  ; --   ; -- ; --   ; --    ; --     ; --                     ; --                       ;
; avs_writedata[13] ; Input    ; -- ; --   ; (0)  ; -- ; --   ; --    ; --     ; --                     ; --                       ;
; avs_writedata[14] ; Input    ; -- ; (0)  ; --   ; -- ; --   ; --    ; --     ; --                     ; --                       ;
; avs_writedata[15] ; Input    ; -- ; --   ; (0)  ; -- ; --   ; --    ; --     ; --                     ; --                       ;
; avs_writedata[16] ; Input    ; -- ; (0)  ; --   ; -- ; --   ; --    ; --     ; --                     ; --                       ;
; avs_writedata[17] ; Input    ; -- ; (0)  ; --   ; -- ; --   ; --    ; --     ; --                     ; --                       ;
; avs_writedata[18] ; Input    ; -- ; (0)  ; --   ; -- ; --   ; --    ; --     ; --                     ; --                       ;
; avs_writedata[19] ; Input    ; -- ; --   ; (0)  ; -- ; --   ; --    ; --     ; --                     ; --                       ;
; avs_writedata[20] ; Input    ; -- ; (0)  ; --   ; -- ; --   ; --    ; --     ; --                     ; --                       ;
; avs_writedata[21] ; Input    ; -- ; --   ; (0)  ; -- ; --   ; --    ; --     ; --                     ; --                       ;
; avs_writedata[22] ; Input    ; -- ; --   ; (0)  ; -- ; --   ; --    ; --     ; --                     ; --                       ;
; avs_writedata[23] ; Input    ; -- ; (0)  ; --   ; -- ; --   ; --    ; --     ; --                     ; --                       ;
; avs_writedata[24] ; Input    ; -- ; (0)  ; --   ; -- ; --   ; --    ; --     ; --                     ; --                       ;
; avs_writedata[25] ; Input    ; -- ; --   ; (0)  ; -- ; --   ; --    ; --     ; --                     ; --                       ;
; avs_writedata[26] ; Input    ; -- ; --   ; (0)  ; -- ; --   ; --    ; --     ; --                     ; --                       ;
; avs_writedata[27] ; Input    ; -- ; --   ; (0)  ; -- ; --   ; --    ; --     ; --                     ; --                       ;
; avs_writedata[28] ; Input    ; -- ; --   ; (0)  ; -- ; --   ; --    ; --     ; --                     ; --                       ;
; avs_writedata[29] ; Input    ; -- ; --   ; (0)  ; -- ; --   ; --    ; --     ; --                     ; --                       ;
; avs_writedata[30] ; Input    ; -- ; (0)  ; --   ; -- ; --   ; --    ; --     ; --                     ; --                       ;
; avs_writedata[31] ; Input    ; -- ; (0)  ; --   ; -- ; --   ; --    ; --     ; --                     ; --                       ;
+-------------------+----------+----+------+------+----+------+-------+--------+------------------------+--------------------------+


+------------------------------------------------------------------------------+
; Pad To Core Delay Chain Fanout                                               ;
+------------------------------------------------+-------------------+---------+
; Source Pin / Fanout                            ; Pad To Core Index ; Setting ;
+------------------------------------------------+-------------------+---------+
; avs_address[0]                                 ;                   ;         ;
;      - sha256_csr:u_csr|Selector31~0           ; 0                 ; 0       ;
;      - sha256_csr:u_csr|avs_readdata[2]~0      ; 0                 ; 0       ;
;      - sha256_csr:u_csr|Selector31~2           ; 0                 ; 0       ;
;      - sha256_csr:u_csr|Selector31~3           ; 0                 ; 0       ;
;      - sha256_csr:u_csr|Selector31~4           ; 0                 ; 0       ;
;      - sha256_csr:u_csr|avs_readdata[2]~6      ; 0                 ; 0       ;
;      - sha256_csr:u_csr|avs_readdata[2]~7      ; 0                 ; 0       ;
;      - sha256_csr:u_csr|Selector31~6           ; 0                 ; 0       ;
;      - sha256_csr:u_csr|Selector30~0           ; 0                 ; 0       ;
;      - sha256_csr:u_csr|Selector30~2           ; 0                 ; 0       ;
;      - sha256_csr:u_csr|Selector30~3           ; 0                 ; 0       ;
;      - sha256_csr:u_csr|Selector30~4           ; 0                 ; 0       ;
;      - sha256_csr:u_csr|Selector30~6           ; 0                 ; 0       ;
;      - sha256_csr:u_csr|Selector29~0           ; 0                 ; 0       ;
;      - sha256_csr:u_csr|Selector29~2           ; 0                 ; 0       ;
;      - sha256_csr:u_csr|Selector29~3           ; 0                 ; 0       ;
;      - sha256_csr:u_csr|Selector29~4           ; 0                 ; 0       ;
;      - sha256_csr:u_csr|Selector29~6           ; 0                 ; 0       ;
;      - sha256_csr:u_csr|Selector28~0           ; 0                 ; 0       ;
;      - sha256_csr:u_csr|Selector28~1           ; 0                 ; 0       ;
;      - sha256_csr:u_csr|Selector28~2           ; 0                 ; 0       ;
;      - sha256_csr:u_csr|avs_readdata[10]~8     ; 0                 ; 0       ;
;      - sha256_csr:u_csr|Selector28~4           ; 0                 ; 0       ;
;      - sha256_csr:u_csr|Selector28~5           ; 0                 ; 0       ;
;      - sha256_csr:u_csr|avs_readdata[10]~11    ; 0                 ; 0       ;
;      - sha256_csr:u_csr|Selector27~0           ; 0                 ; 0       ;
;      - sha256_csr:u_csr|Selector27~1           ; 0                 ; 0       ;
;      - sha256_csr:u_csr|Selector27~2           ; 0                 ; 0       ;
;      - sha256_csr:u_csr|Selector27~4           ; 0                 ; 0       ;
;      - sha256_csr:u_csr|Selector27~5           ; 0                 ; 0       ;
;      - sha256_csr:u_csr|avs_readdata[15]~12    ; 0                 ; 0       ;
;      - sha256_csr:u_csr|avs_readdata[15]~13    ; 0                 ; 0       ;
;      - sha256_csr:u_csr|Selector26~0           ; 0                 ; 0       ;
;      - sha256_csr:u_csr|Selector26~1           ; 0                 ; 0       ;
;      - sha256_csr:u_csr|Selector26~3           ; 0                 ; 0       ;
;      - sha256_csr:u_csr|Selector26~4           ; 0                 ; 0       ;
;      - sha256_csr:u_csr|avs_readdata[15]~14    ; 0                 ; 0       ;
;      - sha256_csr:u_csr|Selector25~0           ; 0                 ; 0       ;
;      - sha256_csr:u_csr|Selector25~1           ; 0                 ; 0       ;
;      - sha256_csr:u_csr|Selector25~3           ; 0                 ; 0       ;
;      - sha256_csr:u_csr|Selector25~4           ; 0                 ; 0       ;
;      - sha256_csr:u_csr|Selector24~0           ; 0                 ; 0       ;
;      - sha256_csr:u_csr|Selector24~1           ; 0                 ; 0       ;
;      - sha256_csr:u_csr|Selector24~2           ; 0                 ; 0       ;
;      - sha256_csr:u_csr|Selector24~4           ; 0                 ; 0       ;
;      - sha256_csr:u_csr|Selector24~5           ; 0                 ; 0       ;
;      - sha256_csr:u_csr|Selector23~0           ; 0                 ; 0       ;
;      - sha256_csr:u_csr|Selector23~1           ; 0                 ; 0       ;
;      - sha256_csr:u_csr|Selector23~2           ; 0                 ; 0       ;
;      - sha256_csr:u_csr|Selector23~4           ; 0                 ; 0       ;
;      - sha256_csr:u_csr|Selector23~5           ; 0                 ; 0       ;
;      - sha256_csr:u_csr|Selector22~0           ; 0                 ; 0       ;
;      - sha256_csr:u_csr|Selector22~1           ; 0                 ; 0       ;
;      - sha256_csr:u_csr|Selector22~2           ; 0                 ; 0       ;
;      - sha256_csr:u_csr|Selector22~4           ; 0                 ; 0       ;
;      - sha256_csr:u_csr|Selector22~5           ; 0                 ; 0       ;
;      - sha256_csr:u_csr|Selector21~0           ; 0                 ; 0       ;
;      - sha256_csr:u_csr|Selector21~1           ; 0                 ; 0       ;
;      - sha256_csr:u_csr|Selector21~2           ; 0                 ; 0       ;
;      - sha256_csr:u_csr|Selector21~4           ; 0                 ; 0       ;
;      - sha256_csr:u_csr|Selector21~5           ; 0                 ; 0       ;
;      - sha256_csr:u_csr|Selector20~0           ; 0                 ; 0       ;
;      - sha256_csr:u_csr|Selector20~1           ; 0                 ; 0       ;
;      - sha256_csr:u_csr|Selector20~2           ; 0                 ; 0       ;
;      - sha256_csr:u_csr|Selector20~4           ; 0                 ; 0       ;
;      - sha256_csr:u_csr|Selector20~5           ; 0                 ; 0       ;
;      - sha256_csr:u_csr|Selector19~0           ; 0                 ; 0       ;
;      - sha256_csr:u_csr|Selector19~1           ; 0                 ; 0       ;
;      - sha256_csr:u_csr|Selector19~2           ; 0                 ; 0       ;
;      - sha256_csr:u_csr|Selector19~4           ; 0                 ; 0       ;
;      - sha256_csr:u_csr|Selector19~5           ; 0                 ; 0       ;
;      - sha256_csr:u_csr|Selector18~0           ; 0                 ; 0       ;
;      - sha256_csr:u_csr|Selector18~1           ; 0                 ; 0       ;
;      - sha256_csr:u_csr|Selector18~3           ; 0                 ; 0       ;
;      - sha256_csr:u_csr|Selector18~4           ; 0                 ; 0       ;
;      - sha256_csr:u_csr|Selector17~0           ; 0                 ; 0       ;
;      - sha256_csr:u_csr|Selector17~1           ; 0                 ; 0       ;
;      - sha256_csr:u_csr|Selector17~3           ; 0                 ; 0       ;
;      - sha256_csr:u_csr|Selector17~4           ; 0                 ; 0       ;
;      - sha256_csr:u_csr|Selector16~0           ; 0                 ; 0       ;
;      - sha256_csr:u_csr|Selector16~1           ; 0                 ; 0       ;
;      - sha256_csr:u_csr|Selector16~3           ; 0                 ; 0       ;
;      - sha256_csr:u_csr|Selector16~4           ; 0                 ; 0       ;
;      - sha256_csr:u_csr|Selector15~0           ; 0                 ; 0       ;
;      - sha256_csr:u_csr|Selector15~1           ; 0                 ; 0       ;
;      - sha256_csr:u_csr|Selector15~3           ; 0                 ; 0       ;
;      - sha256_csr:u_csr|Selector15~4           ; 0                 ; 0       ;
;      - sha256_csr:u_csr|Selector14~0           ; 0                 ; 0       ;
;      - sha256_csr:u_csr|Selector14~1           ; 0                 ; 0       ;
;      - sha256_csr:u_csr|Selector14~3           ; 0                 ; 0       ;
;      - sha256_csr:u_csr|Selector14~4           ; 0                 ; 0       ;
;      - sha256_csr:u_csr|Selector13~0           ; 0                 ; 0       ;
;      - sha256_csr:u_csr|Selector13~1           ; 0                 ; 0       ;
;      - sha256_csr:u_csr|Selector13~3           ; 0                 ; 0       ;
;      - sha256_csr:u_csr|Selector13~4           ; 0                 ; 0       ;
;      - sha256_csr:u_csr|Selector12~0           ; 0                 ; 0       ;
;      - sha256_csr:u_csr|Selector12~1           ; 0                 ; 0       ;
;      - sha256_csr:u_csr|Selector12~3           ; 0                 ; 0       ;
;      - sha256_csr:u_csr|Selector12~4           ; 0                 ; 0       ;
;      - sha256_csr:u_csr|Selector11~0           ; 0                 ; 0       ;
;      - sha256_csr:u_csr|Selector11~1           ; 0                 ; 0       ;
;      - sha256_csr:u_csr|Selector11~3           ; 0                 ; 0       ;
;      - sha256_csr:u_csr|Selector11~4           ; 0                 ; 0       ;
;      - sha256_csr:u_csr|Selector10~0           ; 0                 ; 0       ;
;      - sha256_csr:u_csr|Selector10~1           ; 0                 ; 0       ;
;      - sha256_csr:u_csr|Selector10~3           ; 0                 ; 0       ;
;      - sha256_csr:u_csr|Selector10~4           ; 0                 ; 0       ;
;      - sha256_csr:u_csr|Selector9~0            ; 0                 ; 0       ;
;      - sha256_csr:u_csr|Selector9~1            ; 0                 ; 0       ;
;      - sha256_csr:u_csr|Selector9~3            ; 0                 ; 0       ;
;      - sha256_csr:u_csr|Selector9~4            ; 0                 ; 0       ;
;      - sha256_csr:u_csr|Selector8~0            ; 0                 ; 0       ;
;      - sha256_csr:u_csr|Selector8~1            ; 0                 ; 0       ;
;      - sha256_csr:u_csr|Selector8~3            ; 0                 ; 0       ;
;      - sha256_csr:u_csr|Selector8~4            ; 0                 ; 0       ;
;      - sha256_csr:u_csr|Selector7~0            ; 0                 ; 0       ;
;      - sha256_csr:u_csr|Selector7~1            ; 0                 ; 0       ;
;      - sha256_csr:u_csr|Selector7~3            ; 0                 ; 0       ;
;      - sha256_csr:u_csr|Selector7~4            ; 0                 ; 0       ;
;      - sha256_csr:u_csr|Selector6~0            ; 0                 ; 0       ;
;      - sha256_csr:u_csr|Selector6~1            ; 0                 ; 0       ;
;      - sha256_csr:u_csr|Selector6~3            ; 0                 ; 0       ;
;      - sha256_csr:u_csr|Selector6~4            ; 0                 ; 0       ;
;      - sha256_csr:u_csr|Selector5~0            ; 0                 ; 0       ;
;      - sha256_csr:u_csr|Selector5~1            ; 0                 ; 0       ;
;      - sha256_csr:u_csr|Selector5~3            ; 0                 ; 0       ;
;      - sha256_csr:u_csr|Selector5~4            ; 0                 ; 0       ;
;      - sha256_csr:u_csr|Selector4~0            ; 0                 ; 0       ;
;      - sha256_csr:u_csr|Selector4~1            ; 0                 ; 0       ;
;      - sha256_csr:u_csr|Selector4~3            ; 0                 ; 0       ;
;      - sha256_csr:u_csr|Selector4~4            ; 0                 ; 0       ;
;      - sha256_csr:u_csr|Selector3~0            ; 0                 ; 0       ;
;      - sha256_csr:u_csr|Selector3~1            ; 0                 ; 0       ;
;      - sha256_csr:u_csr|Selector3~3            ; 0                 ; 0       ;
;      - sha256_csr:u_csr|Selector3~4            ; 0                 ; 0       ;
;      - sha256_csr:u_csr|Selector2~0            ; 0                 ; 0       ;
;      - sha256_csr:u_csr|Selector2~1            ; 0                 ; 0       ;
;      - sha256_csr:u_csr|Selector2~3            ; 0                 ; 0       ;
;      - sha256_csr:u_csr|Selector2~4            ; 0                 ; 0       ;
;      - sha256_csr:u_csr|Selector1~0            ; 0                 ; 0       ;
;      - sha256_csr:u_csr|Selector1~1            ; 0                 ; 0       ;
;      - sha256_csr:u_csr|Selector1~3            ; 0                 ; 0       ;
;      - sha256_csr:u_csr|Selector1~4            ; 0                 ; 0       ;
;      - sha256_csr:u_csr|Selector0~0            ; 0                 ; 0       ;
;      - sha256_csr:u_csr|Selector0~1            ; 0                 ; 0       ;
;      - sha256_csr:u_csr|Selector0~3            ; 0                 ; 0       ;
;      - sha256_csr:u_csr|Selector0~4            ; 0                 ; 0       ;
;      - sha256_csr:u_csr|Equal0~0               ; 0                 ; 0       ;
;      - sha256_csr:u_csr|Equal3~0               ; 0                 ; 0       ;
;      - sha256_csr:u_csr|irq_mask_q[0]~0        ; 0                 ; 0       ;
;      - sha256_csr:u_csr|host_data_r[10]~0      ; 0                 ; 0       ;
;      - sha256_csr:u_csr|msg_len_q[31]~0        ; 0                 ; 0       ;
;      - sha256_csr:u_csr|leg_idx_r[0]           ; 0                 ; 0       ;
;      - sha256_csr:u_csr|host_idx_r[0]          ; 0                 ; 0       ;
; avs_address[4]                                 ;                   ;         ;
;      - sha256_csr:u_csr|Selector31~0           ; 0                 ; 0       ;
;      - sha256_csr:u_csr|avs_readdata[2]~0      ; 1                 ; 0       ;
;      - sha256_csr:u_csr|Selector31~1           ; 1                 ; 0       ;
;      - sha256_csr:u_csr|avs_readdata[2]~1      ; 1                 ; 0       ;
;      - sha256_csr:u_csr|avs_readdata[2]~2      ; 1                 ; 0       ;
;      - sha256_csr:u_csr|avs_readdata[2]~3      ; 1                 ; 0       ;
;      - sha256_csr:u_csr|avs_readdata[2]~4      ; 1                 ; 0       ;
;      - sha256_csr:u_csr|avs_readdata[2]~5      ; 1                 ; 0       ;
;      - sha256_csr:u_csr|Selector30~0           ; 1                 ; 0       ;
;      - sha256_csr:u_csr|Selector30~1           ; 1                 ; 0       ;
;      - sha256_csr:u_csr|Selector29~0           ; 1                 ; 0       ;
;      - sha256_csr:u_csr|Selector29~1           ; 1                 ; 0       ;
;      - sha256_csr:u_csr|Selector28~0           ; 0                 ; 0       ;
;      - sha256_csr:u_csr|avs_readdata[10]~9     ; 1                 ; 0       ;
;      - sha256_csr:u_csr|avs_readdata[10]~10    ; 1                 ; 0       ;
;      - sha256_csr:u_csr|avs_readdata[10]~11    ; 1                 ; 0       ;
;      - sha256_csr:u_csr|Selector27~0           ; 1                 ; 0       ;
;      - sha256_csr:u_csr|avs_readdata[15]~12    ; 1                 ; 0       ;
;      - sha256_csr:u_csr|avs_readdata[15]~13    ; 1                 ; 0       ;
;      - sha256_csr:u_csr|is_hram~0              ; 1                 ; 0       ;
;      - sha256_csr:u_csr|avs_readdata[15]~14    ; 1                 ; 0       ;
;      - sha256_csr:u_csr|Selector24~0           ; 0                 ; 0       ;
;      - sha256_csr:u_csr|Selector23~0           ; 1                 ; 0       ;
;      - sha256_csr:u_csr|Selector22~0           ; 0                 ; 0       ;
;      - sha256_csr:u_csr|Selector21~0           ; 0                 ; 0       ;
;      - sha256_csr:u_csr|Selector20~0           ; 0                 ; 0       ;
;      - sha256_csr:u_csr|Selector19~0           ; 0                 ; 0       ;
;      - sha256_csr:u_csr|Equal0~0               ; 1                 ; 0       ;
;      - sha256_csr:u_csr|Equal3~0               ; 0                 ; 0       ;
;      - sha256_csr:u_csr|irq_mask_q[0]~0        ; 1                 ; 0       ;
;      - sha256_csr:u_csr|leg_we_r~0             ; 0                 ; 0       ;
;      - sha256_csr:u_csr|host_data_r[10]~0      ; 1                 ; 0       ;
;      - sha256_csr:u_csr|err_q~2                ; 1                 ; 0       ;
;      - sha256_csr:u_csr|Equal1~0               ; 1                 ; 0       ;
;      - sha256_csr:u_csr|host_data_r[10]~1      ; 0                 ; 0       ;
; avs_address[1]                                 ;                   ;         ;
;      - sha256_csr:u_csr|Selector31~0           ; 0                 ; 0       ;
;      - sha256_csr:u_csr|avs_readdata[2]~0      ; 0                 ; 0       ;
;      - sha256_csr:u_csr|Selector31~1           ; 0                 ; 0       ;
;      - sha256_csr:u_csr|avs_readdata[2]~1      ; 0                 ; 0       ;
;      - sha256_csr:u_csr|Selector31~2           ; 0                 ; 0       ;
;      - sha256_csr:u_csr|avs_readdata[2]~2      ; 0                 ; 0       ;
;      - sha256_csr:u_csr|avs_readdata[2]~3      ; 0                 ; 0       ;
;      - sha256_csr:u_csr|Selector31~3           ; 0                 ; 0       ;
;      - sha256_csr:u_csr|Selector31~4           ; 0                 ; 0       ;
;      - sha256_csr:u_csr|avs_readdata[2]~4      ; 0                 ; 0       ;
;      - sha256_csr:u_csr|avs_readdata[2]~5      ; 0                 ; 0       ;
;      - sha256_csr:u_csr|avs_readdata[2]~6      ; 0                 ; 0       ;
;      - sha256_csr:u_csr|avs_readdata[2]~7      ; 0                 ; 0       ;
;      - sha256_csr:u_csr|Selector31~6           ; 0                 ; 0       ;
;      - sha256_csr:u_csr|Selector30~0           ; 0                 ; 0       ;
;      - sha256_csr:u_csr|Selector30~1           ; 0                 ; 0       ;
;      - sha256_csr:u_csr|Selector30~2           ; 0                 ; 0       ;
;      - sha256_csr:u_csr|Selector30~3           ; 0                 ; 0       ;
;      - sha256_csr:u_csr|Selector30~4           ; 0                 ; 0       ;
;      - sha256_csr:u_csr|Selector30~6           ; 0                 ; 0       ;
;      - sha256_csr:u_csr|Selector29~0           ; 0                 ; 0       ;
;      - sha256_csr:u_csr|Selector29~1           ; 0                 ; 0       ;
;      - sha256_csr:u_csr|Selector29~2           ; 0                 ; 0       ;
;      - sha256_csr:u_csr|Selector29~3           ; 0                 ; 0       ;
;      - sha256_csr:u_csr|Selector29~4           ; 0                 ; 0       ;
;      - sha256_csr:u_csr|Selector29~6           ; 0                 ; 0       ;
;      - sha256_csr:u_csr|Selector28~0           ; 0                 ; 0       ;
;      - sha256_csr:u_csr|Selector28~1           ; 0                 ; 0       ;
;      - sha256_csr:u_csr|Selector28~2           ; 0                 ; 0       ;
;      - sha256_csr:u_csr|Selector28~4           ; 0                 ; 0       ;
;      - sha256_csr:u_csr|Selector28~5           ; 0                 ; 0       ;
;      - sha256_csr:u_csr|avs_readdata[10]~9     ; 0                 ; 0       ;
;      - sha256_csr:u_csr|avs_readdata[10]~11    ; 0                 ; 0       ;
;      - sha256_csr:u_csr|Selector27~0           ; 0                 ; 0       ;
;      - sha256_csr:u_csr|Selector27~1           ; 0                 ; 0       ;
;      - sha256_csr:u_csr|Selector27~2           ; 0                 ; 0       ;
;      - sha256_csr:u_csr|Selector27~4           ; 0                 ; 0       ;
;      - sha256_csr:u_csr|Selector27~5           ; 0                 ; 0       ;
;      - sha256_csr:u_csr|avs_readdata[15]~12    ; 0                 ; 0       ;
;      - sha256_csr:u_csr|avs_readdata[15]~13    ; 0                 ; 0       ;
;      - sha256_csr:u_csr|Selector26~0           ; 0                 ; 0       ;
;      - sha256_csr:u_csr|Selector26~1           ; 0                 ; 0       ;
;      - sha256_csr:u_csr|Selector26~3           ; 0                 ; 0       ;
;      - sha256_csr:u_csr|Selector26~4           ; 0                 ; 0       ;
;      - sha256_csr:u_csr|avs_readdata[15]~14    ; 0                 ; 0       ;
;      - sha256_csr:u_csr|Selector25~0           ; 0                 ; 0       ;
;      - sha256_csr:u_csr|Selector25~1           ; 0                 ; 0       ;
;      - sha256_csr:u_csr|Selector25~3           ; 0                 ; 0       ;
;      - sha256_csr:u_csr|Selector25~4           ; 0                 ; 0       ;
;      - sha256_csr:u_csr|Selector24~0           ; 0                 ; 0       ;
;      - sha256_csr:u_csr|Selector24~1           ; 0                 ; 0       ;
;      - sha256_csr:u_csr|Selector24~2           ; 0                 ; 0       ;
;      - sha256_csr:u_csr|Selector24~4           ; 0                 ; 0       ;
;      - sha256_csr:u_csr|Selector24~5           ; 0                 ; 0       ;
;      - sha256_csr:u_csr|Selector23~0           ; 0                 ; 0       ;
;      - sha256_csr:u_csr|Selector23~1           ; 0                 ; 0       ;
;      - sha256_csr:u_csr|Selector23~2           ; 0                 ; 0       ;
;      - sha256_csr:u_csr|Selector23~4           ; 0                 ; 0       ;
;      - sha256_csr:u_csr|Selector23~5           ; 0                 ; 0       ;
;      - sha256_csr:u_csr|Selector22~0           ; 0                 ; 0       ;
;      - sha256_csr:u_csr|Selector22~1           ; 0                 ; 0       ;
;      - sha256_csr:u_csr|Selector22~2           ; 0                 ; 0       ;
;      - sha256_csr:u_csr|Selector22~4           ; 0                 ; 0       ;
;      - sha256_csr:u_csr|Selector22~5           ; 0                 ; 0       ;
;      - sha256_csr:u_csr|Selector21~0           ; 0                 ; 0       ;
;      - sha256_csr:u_csr|Selector21~1           ; 0                 ; 0       ;
;      - sha256_csr:u_csr|Selector21~2           ; 0                 ; 0       ;
;      - sha256_csr:u_csr|Selector21~4           ; 0                 ; 0       ;
;      - sha256_csr:u_csr|Selector21~5           ; 0                 ; 0       ;
;      - sha256_csr:u_csr|Selector20~0           ; 0                 ; 0       ;
;      - sha256_csr:u_csr|Selector20~1           ; 0                 ; 0       ;
;      - sha256_csr:u_csr|Selector20~2           ; 0                 ; 0       ;
;      - sha256_csr:u_csr|Selector20~4           ; 0                 ; 0       ;
;      - sha256_csr:u_csr|Selector20~5           ; 0                 ; 0       ;
;      - sha256_csr:u_csr|Selector19~0           ; 0                 ; 0       ;
;      - sha256_csr:u_csr|Selector19~1           ; 0                 ; 0       ;
;      - sha256_csr:u_csr|Selector19~2           ; 0                 ; 0       ;
;      - sha256_csr:u_csr|Selector19~4           ; 0                 ; 0       ;
;      - sha256_csr:u_csr|Selector19~5           ; 0                 ; 0       ;
;      - sha256_csr:u_csr|Selector18~0           ; 0                 ; 0       ;
;      - sha256_csr:u_csr|Selector18~1           ; 0                 ; 0       ;
;      - sha256_csr:u_csr|Selector18~3           ; 0                 ; 0       ;
;      - sha256_csr:u_csr|Selector18~4           ; 0                 ; 0       ;
;      - sha256_csr:u_csr|Selector17~0           ; 0                 ; 0       ;
;      - sha256_csr:u_csr|Selector17~1           ; 0                 ; 0       ;
;      - sha256_csr:u_csr|Selector17~3           ; 0                 ; 0       ;
;      - sha256_csr:u_csr|Selector17~4           ; 0                 ; 0       ;
;      - sha256_csr:u_csr|Selector16~0           ; 0                 ; 0       ;
;      - sha256_csr:u_csr|Selector16~1           ; 0                 ; 0       ;
;      - sha256_csr:u_csr|Selector16~3           ; 0                 ; 0       ;
;      - sha256_csr:u_csr|Selector16~4           ; 0                 ; 0       ;
;      - sha256_csr:u_csr|Selector15~0           ; 0                 ; 0       ;
;      - sha256_csr:u_csr|Selector15~1           ; 0                 ; 0       ;
;      - sha256_csr:u_csr|Selector15~3           ; 0                 ; 0       ;
;      - sha256_csr:u_csr|Selector15~4           ; 0                 ; 0       ;
;      - sha256_csr:u_csr|Selector14~0           ; 0                 ; 0       ;
;      - sha256_csr:u_csr|Selector14~1           ; 0                 ; 0       ;
;      - sha256_csr:u_csr|Selector14~3           ; 0                 ; 0       ;
;      - sha256_csr:u_csr|Selector14~4           ; 0                 ; 0       ;
;      - sha256_csr:u_csr|Selector13~0           ; 0                 ; 0       ;
;      - sha256_csr:u_csr|Selector13~1           ; 0                 ; 0       ;
;      - sha256_csr:u_csr|Selector13~3           ; 0                 ; 0       ;
;      - sha256_csr:u_csr|Selector13~4           ; 0                 ; 0       ;
;      - sha256_csr:u_csr|Selector12~0           ; 0                 ; 0       ;
;      - sha256_csr:u_csr|Selector12~1           ; 0                 ; 0       ;
;      - sha256_csr:u_csr|Selector12~3           ; 0                 ; 0       ;
;      - sha256_csr:u_csr|Selector12~4           ; 0                 ; 0       ;
;      - sha256_csr:u_csr|Selector11~0           ; 0                 ; 0       ;
;      - sha256_csr:u_csr|Selector11~1           ; 0                 ; 0       ;
;      - sha256_csr:u_csr|Selector11~3           ; 0                 ; 0       ;
;      - sha256_csr:u_csr|Selector11~4           ; 0                 ; 0       ;
;      - sha256_csr:u_csr|Selector10~0           ; 0                 ; 0       ;
;      - sha256_csr:u_csr|Selector10~1           ; 0                 ; 0       ;
;      - sha256_csr:u_csr|Selector10~3           ; 0                 ; 0       ;
;      - sha256_csr:u_csr|Selector10~4           ; 0                 ; 0       ;
;      - sha256_csr:u_csr|Selector9~0            ; 0                 ; 0       ;
;      - sha256_csr:u_csr|Selector9~1            ; 0                 ; 0       ;
;      - sha256_csr:u_csr|Selector9~3            ; 0                 ; 0       ;
;      - sha256_csr:u_csr|Selector9~4            ; 0                 ; 0       ;
;      - sha256_csr:u_csr|Selector8~0            ; 0                 ; 0       ;
;      - sha256_csr:u_csr|Selector8~1            ; 0                 ; 0       ;
;      - sha256_csr:u_csr|Selector8~3            ; 0                 ; 0       ;
;      - sha256_csr:u_csr|Selector8~4            ; 0                 ; 0       ;
;      - sha256_csr:u_csr|Selector7~0            ; 0                 ; 0       ;
;      - sha256_csr:u_csr|Selector7~1            ; 0                 ; 0       ;
;      - sha256_csr:u_csr|Selector7~3            ; 0                 ; 0       ;
;      - sha256_csr:u_csr|Selector7~4            ; 0                 ; 0       ;
;      - sha256_csr:u_csr|Selector6~0            ; 0                 ; 0       ;
;      - sha256_csr:u_csr|Selector6~1            ; 0                 ; 0       ;
;      - sha256_csr:u_csr|Selector6~3            ; 0                 ; 0       ;
;      - sha256_csr:u_csr|Selector6~4            ; 0                 ; 0       ;
;      - sha256_csr:u_csr|Selector5~0            ; 0                 ; 0       ;
;      - sha256_csr:u_csr|Selector5~1            ; 0                 ; 0       ;
;      - sha256_csr:u_csr|Selector5~3            ; 0                 ; 0       ;
;      - sha256_csr:u_csr|Selector5~4            ; 0                 ; 0       ;
;      - sha256_csr:u_csr|Selector4~0            ; 0                 ; 0       ;
;      - sha256_csr:u_csr|Selector4~1            ; 0                 ; 0       ;
;      - sha256_csr:u_csr|Selector4~3            ; 0                 ; 0       ;
;      - sha256_csr:u_csr|Selector4~4            ; 0                 ; 0       ;
;      - sha256_csr:u_csr|Selector3~0            ; 0                 ; 0       ;
;      - sha256_csr:u_csr|Selector3~1            ; 0                 ; 0       ;
;      - sha256_csr:u_csr|Selector3~3            ; 0                 ; 0       ;
;      - sha256_csr:u_csr|Selector3~4            ; 0                 ; 0       ;
;      - sha256_csr:u_csr|Selector2~0            ; 0                 ; 0       ;
;      - sha256_csr:u_csr|Selector2~1            ; 0                 ; 0       ;
;      - sha256_csr:u_csr|Selector2~3            ; 0                 ; 0       ;
;      - sha256_csr:u_csr|Selector2~4            ; 0                 ; 0       ;
;      - sha256_csr:u_csr|Selector1~0            ; 0                 ; 0       ;
;      - sha256_csr:u_csr|Selector1~1            ; 0                 ; 0       ;
;      - sha256_csr:u_csr|Selector1~3            ; 0                 ; 0       ;
;      - sha256_csr:u_csr|Selector1~4            ; 0                 ; 0       ;
;      - sha256_csr:u_csr|Selector0~0            ; 0                 ; 0       ;
;      - sha256_csr:u_csr|Selector0~1            ; 0                 ; 0       ;
;      - sha256_csr:u_csr|Selector0~3            ; 0                 ; 0       ;
;      - sha256_csr:u_csr|Selector0~4            ; 0                 ; 0       ;
;      - sha256_csr:u_csr|Equal0~0               ; 0                 ; 0       ;
;      - sha256_csr:u_csr|Equal3~0               ; 0                 ; 0       ;
;      - sha256_csr:u_csr|Equal2~0               ; 0                 ; 0       ;
;      - sha256_csr:u_csr|leg_we_r~0             ; 0                 ; 0       ;
;      - sha256_csr:u_csr|host_data_r[10]~0      ; 0                 ; 0       ;
;      - sha256_csr:u_csr|err_q~2                ; 0                 ; 0       ;
;      - sha256_csr:u_csr|msg_len_q[31]~0        ; 0                 ; 0       ;
;      - sha256_csr:u_csr|leg_idx_r[1]           ; 0                 ; 0       ;
;      - sha256_csr:u_csr|host_idx_r[1]          ; 0                 ; 0       ;
; avs_address[5]                                 ;                   ;         ;
;      - sha256_csr:u_csr|avs_readdata[2]~0      ; 0                 ; 0       ;
;      - sha256_csr:u_csr|Selector31~1           ; 0                 ; 0       ;
;      - sha256_csr:u_csr|avs_readdata[2]~1      ; 0                 ; 0       ;
;      - sha256_csr:u_csr|avs_readdata[2]~2      ; 0                 ; 0       ;
;      - sha256_csr:u_csr|avs_readdata[2]~3      ; 0                 ; 0       ;
;      - sha256_csr:u_csr|avs_readdata[2]~4      ; 0                 ; 0       ;
;      - sha256_csr:u_csr|avs_readdata[2]~5      ; 0                 ; 0       ;
;      - sha256_csr:u_csr|Selector30~1           ; 0                 ; 0       ;
;      - sha256_csr:u_csr|Selector29~1           ; 0                 ; 0       ;
;      - sha256_csr:u_csr|avs_readdata[10]~9     ; 0                 ; 0       ;
;      - sha256_csr:u_csr|avs_readdata[10]~10    ; 0                 ; 0       ;
;      - sha256_csr:u_csr|avs_readdata[10]~11    ; 0                 ; 0       ;
;      - sha256_csr:u_csr|avs_readdata[15]~12    ; 0                 ; 0       ;
;      - sha256_csr:u_csr|avs_readdata[15]~13    ; 0                 ; 0       ;
;      - sha256_csr:u_csr|is_hram~0              ; 0                 ; 0       ;
;      - sha256_csr:u_csr|avs_readdata[15]~14    ; 0                 ; 0       ;
;      - sha256_csr:u_csr|Equal0~0               ; 0                 ; 0       ;
;      - sha256_csr:u_csr|Equal3~0               ; 0                 ; 0       ;
;      - sha256_csr:u_csr|irq_mask_q[0]~0        ; 0                 ; 0       ;
;      - sha256_csr:u_csr|leg_we_r~0             ; 0                 ; 0       ;
;      - sha256_csr:u_csr|host_data_r[10]~0      ; 0                 ; 0       ;
;      - sha256_csr:u_csr|err_q~2                ; 0                 ; 0       ;
;      - sha256_csr:u_csr|Equal1~0               ; 0                 ; 0       ;
;      - sha256_csr:u_csr|host_data_r[10]~1      ; 0                 ; 0       ;
; avs_address[2]                                 ;                   ;         ;
;      - sha256_csr:u_csr|avs_readdata[2]~0      ; 1                 ; 0       ;
;      - sha256_csr:u_csr|Selector31~1           ; 1                 ; 0       ;
;      - sha256_csr:u_csr|avs_readdata[2]~1      ; 1                 ; 0       ;
;      - sha256_csr:u_csr|avs_readdata[2]~2      ; 1                 ; 0       ;
;      - sha256_csr:u_csr|avs_readdata[2]~3      ; 1                 ; 0       ;
;      - sha256_csr:u_csr|avs_readdata[2]~4      ; 1                 ; 0       ;
;      - sha256_csr:u_csr|avs_readdata[2]~5      ; 1                 ; 0       ;
;      - sha256_csr:u_csr|avs_readdata[2]~6      ; 1                 ; 0       ;
;      - sha256_csr:u_csr|avs_readdata[2]~7      ; 1                 ; 0       ;
;      - sha256_csr:u_csr|Selector30~1           ; 1                 ; 0       ;
;      - sha256_csr:u_csr|Selector29~1           ; 1                 ; 0       ;
;      - sha256_csr:u_csr|avs_readdata[10]~8     ; 1                 ; 0       ;
;      - sha256_csr:u_csr|avs_readdata[10]~9     ; 1                 ; 0       ;
;      - sha256_csr:u_csr|avs_readdata[10]~10    ; 1                 ; 0       ;
;      - sha256_csr:u_csr|avs_readdata[10]~11    ; 1                 ; 0       ;
;      - sha256_csr:u_csr|avs_readdata[15]~12    ; 1                 ; 0       ;
;      - sha256_csr:u_csr|avs_readdata[15]~13    ; 1                 ; 0       ;
;      - sha256_csr:u_csr|is_hram~0              ; 1                 ; 0       ;
;      - sha256_csr:u_csr|Selector26~5           ; 1                 ; 0       ;
;      - sha256_csr:u_csr|avs_readdata[15]~14    ; 1                 ; 0       ;
;      - sha256_csr:u_csr|Selector25~5           ; 1                 ; 0       ;
;      - sha256_csr:u_csr|Selector18~5           ; 1                 ; 0       ;
;      - sha256_csr:u_csr|Selector17~5           ; 1                 ; 0       ;
;      - sha256_csr:u_csr|Selector16~5           ; 1                 ; 0       ;
;      - sha256_csr:u_csr|Selector15~5           ; 1                 ; 0       ;
;      - sha256_csr:u_csr|Selector14~5           ; 1                 ; 0       ;
;      - sha256_csr:u_csr|Selector13~5           ; 1                 ; 0       ;
;      - sha256_csr:u_csr|Selector12~5           ; 1                 ; 0       ;
;      - sha256_csr:u_csr|Selector11~5           ; 1                 ; 0       ;
;      - sha256_csr:u_csr|Selector10~5           ; 1                 ; 0       ;
;      - sha256_csr:u_csr|Selector9~5            ; 1                 ; 0       ;
;      - sha256_csr:u_csr|Selector8~5            ; 1                 ; 0       ;
;      - sha256_csr:u_csr|Selector7~5            ; 1                 ; 0       ;
;      - sha256_csr:u_csr|Selector6~5            ; 1                 ; 0       ;
;      - sha256_csr:u_csr|Selector5~5            ; 1                 ; 0       ;
;      - sha256_csr:u_csr|Selector4~5            ; 1                 ; 0       ;
;      - sha256_csr:u_csr|Selector3~5            ; 1                 ; 0       ;
;      - sha256_csr:u_csr|Selector2~5            ; 1                 ; 0       ;
;      - sha256_csr:u_csr|Selector1~5            ; 1                 ; 0       ;
;      - sha256_csr:u_csr|Selector0~5            ; 1                 ; 0       ;
;      - sha256_csr:u_csr|Equal0~0               ; 1                 ; 0       ;
;      - sha256_csr:u_csr|Equal3~0               ; 1                 ; 0       ;
;      - sha256_csr:u_csr|Equal2~0               ; 1                 ; 0       ;
;      - sha256_csr:u_csr|leg_we_r~0             ; 1                 ; 0       ;
;      - sha256_csr:u_csr|host_data_r[10]~0      ; 1                 ; 0       ;
;      - sha256_csr:u_csr|err_q~2                ; 1                 ; 0       ;
;      - sha256_csr:u_csr|Equal1~0               ; 1                 ; 0       ;
;      - sha256_csr:u_csr|leg_idx_r[2]           ; 1                 ; 0       ;
;      - sha256_csr:u_csr|host_data_r[10]~1      ; 1                 ; 0       ;
;      - sha256_csr:u_csr|avs_readdata[10]~15    ; 1                 ; 0       ;
;      - sha256_csr:u_csr|host_idx_r[2]~0        ; 1                 ; 0       ;
; avs_address[3]                                 ;                   ;         ;
;      - sha256_csr:u_csr|avs_readdata[2]~0      ; 0                 ; 0       ;
;      - sha256_csr:u_csr|Selector31~1           ; 0                 ; 0       ;
;      - sha256_csr:u_csr|avs_readdata[2]~1      ; 0                 ; 0       ;
;      - sha256_csr:u_csr|avs_readdata[2]~2      ; 0                 ; 0       ;
;      - sha256_csr:u_csr|avs_readdata[2]~3      ; 0                 ; 0       ;
;      - sha256_csr:u_csr|avs_readdata[2]~4      ; 0                 ; 0       ;
;      - sha256_csr:u_csr|avs_readdata[2]~5      ; 0                 ; 0       ;
;      - sha256_csr:u_csr|avs_readdata[2]~6      ; 0                 ; 0       ;
;      - sha256_csr:u_csr|avs_readdata[2]~7      ; 0                 ; 0       ;
;      - sha256_csr:u_csr|Selector30~1           ; 0                 ; 0       ;
;      - sha256_csr:u_csr|Selector29~1           ; 0                 ; 0       ;
;      - sha256_csr:u_csr|avs_readdata[10]~8     ; 0                 ; 0       ;
;      - sha256_csr:u_csr|Selector28~3           ; 0                 ; 0       ;
;      - sha256_csr:u_csr|avs_readdata[10]~9     ; 0                 ; 0       ;
;      - sha256_csr:u_csr|avs_readdata[10]~10    ; 0                 ; 0       ;
;      - sha256_csr:u_csr|avs_readdata[10]~11    ; 0                 ; 0       ;
;      - sha256_csr:u_csr|Selector27~3           ; 0                 ; 0       ;
;      - sha256_csr:u_csr|avs_readdata[15]~12    ; 0                 ; 0       ;
;      - sha256_csr:u_csr|avs_readdata[15]~13    ; 0                 ; 0       ;
;      - sha256_csr:u_csr|is_hram~0              ; 0                 ; 0       ;
;      - sha256_csr:u_csr|Selector26~2           ; 0                 ; 0       ;
;      - sha256_csr:u_csr|avs_readdata[15]~14    ; 0                 ; 0       ;
;      - sha256_csr:u_csr|Selector25~2           ; 0                 ; 0       ;
;      - sha256_csr:u_csr|Selector24~3           ; 0                 ; 0       ;
;      - sha256_csr:u_csr|Selector23~3           ; 0                 ; 0       ;
;      - sha256_csr:u_csr|Selector22~3           ; 0                 ; 0       ;
;      - sha256_csr:u_csr|Selector21~3           ; 0                 ; 0       ;
;      - sha256_csr:u_csr|Selector20~3           ; 0                 ; 0       ;
;      - sha256_csr:u_csr|Selector19~3           ; 0                 ; 0       ;
;      - sha256_csr:u_csr|Selector18~2           ; 0                 ; 0       ;
;      - sha256_csr:u_csr|Selector17~2           ; 0                 ; 0       ;
;      - sha256_csr:u_csr|Selector16~2           ; 0                 ; 0       ;
;      - sha256_csr:u_csr|Selector15~2           ; 0                 ; 0       ;
;      - sha256_csr:u_csr|Selector14~2           ; 0                 ; 0       ;
;      - sha256_csr:u_csr|Selector13~2           ; 0                 ; 0       ;
;      - sha256_csr:u_csr|Selector12~2           ; 0                 ; 0       ;
;      - sha256_csr:u_csr|Selector11~2           ; 0                 ; 0       ;
;      - sha256_csr:u_csr|Selector10~2           ; 0                 ; 0       ;
;      - sha256_csr:u_csr|Selector9~2            ; 0                 ; 0       ;
;      - sha256_csr:u_csr|Selector8~2            ; 0                 ; 0       ;
;      - sha256_csr:u_csr|Selector7~2            ; 0                 ; 0       ;
;      - sha256_csr:u_csr|Selector6~2            ; 0                 ; 0       ;
;      - sha256_csr:u_csr|Selector5~2            ; 0                 ; 0       ;
;      - sha256_csr:u_csr|Selector4~2            ; 0                 ; 0       ;
;      - sha256_csr:u_csr|Selector3~2            ; 0                 ; 0       ;
;      - sha256_csr:u_csr|Selector2~2            ; 0                 ; 0       ;
;      - sha256_csr:u_csr|Selector1~2            ; 0                 ; 0       ;
;      - sha256_csr:u_csr|Selector0~2            ; 0                 ; 0       ;
;      - sha256_csr:u_csr|Equal0~0               ; 0                 ; 0       ;
;      - sha256_csr:u_csr|Equal3~0               ; 0                 ; 0       ;
;      - sha256_csr:u_csr|Equal2~0               ; 0                 ; 0       ;
;      - sha256_csr:u_csr|leg_we_r~0             ; 0                 ; 0       ;
;      - sha256_csr:u_csr|host_data_r[10]~0      ; 0                 ; 0       ;
;      - sha256_csr:u_csr|err_q~2                ; 0                 ; 0       ;
;      - sha256_csr:u_csr|Equal1~0               ; 0                 ; 0       ;
;      - sha256_csr:u_csr|leg_idx_r[3]           ; 0                 ; 0       ;
;      - sha256_csr:u_csr|host_data_r[10]~1      ; 0                 ; 0       ;
;      - sha256_csr:u_csr|avs_readdata[10]~15    ; 0                 ; 0       ;
; clk                                            ;                   ;         ;
; reset_n                                        ;                   ;         ;
; avs_read                                       ;                   ;         ;
;      - sha256_csr:u_csr|avs_readdata[15]       ; 0                 ; 0       ;
;      - sha256_csr:u_csr|avs_readdata[31]       ; 0                 ; 0       ;
;      - sha256_csr:u_csr|avs_readdata[14]       ; 0                 ; 0       ;
;      - sha256_csr:u_csr|avs_readdata[13]       ; 0                 ; 0       ;
;      - sha256_csr:u_csr|avs_readdata[30]       ; 0                 ; 0       ;
;      - sha256_csr:u_csr|avs_readdata[29]       ; 0                 ; 0       ;
;      - sha256_csr:u_csr|avs_readdata[17]       ; 0                 ; 0       ;
;      - sha256_csr:u_csr|avs_readdata[18]       ; 0                 ; 0       ;
;      - sha256_csr:u_csr|avs_readdata[19]       ; 0                 ; 0       ;
;      - sha256_csr:u_csr|avs_readdata[20]       ; 0                 ; 0       ;
;      - sha256_csr:u_csr|avs_readdata[5]        ; 0                 ; 0       ;
;      - sha256_csr:u_csr|avs_readdata[22]       ; 0                 ; 0       ;
;      - sha256_csr:u_csr|avs_readdata[23]       ; 0                 ; 0       ;
;      - sha256_csr:u_csr|avs_readdata[24]       ; 0                 ; 0       ;
;      - sha256_csr:u_csr|avs_readdata[25]       ; 0                 ; 0       ;
;      - sha256_csr:u_csr|avs_readdata[21]       ; 0                 ; 0       ;
;      - sha256_csr:u_csr|avs_readdata[26]       ; 0                 ; 0       ;
;      - sha256_csr:u_csr|avs_readdata[16]       ; 0                 ; 0       ;
;      - sha256_csr:u_csr|avs_readdata[27]       ; 0                 ; 0       ;
;      - sha256_csr:u_csr|avs_readdata[6]        ; 0                 ; 0       ;
;      - sha256_csr:u_csr|avs_readdata[28]       ; 0                 ; 0       ;
;      - sha256_csr:u_csr|avs_readdata[10]       ; 0                 ; 0       ;
;      - sha256_csr:u_csr|avs_readdata[11]       ; 0                 ; 0       ;
;      - sha256_csr:u_csr|avs_readdata[12]       ; 0                 ; 0       ;
;      - sha256_csr:u_csr|avs_readdata[3]        ; 0                 ; 0       ;
;      - sha256_csr:u_csr|avs_readdata[9]        ; 0                 ; 0       ;
;      - sha256_csr:u_csr|avs_readdata[8]        ; 0                 ; 0       ;
;      - sha256_csr:u_csr|avs_readdata[7]        ; 0                 ; 0       ;
;      - sha256_csr:u_csr|avs_readdata[4]        ; 0                 ; 0       ;
;      - sha256_csr:u_csr|avs_readdata[0]        ; 0                 ; 0       ;
;      - sha256_csr:u_csr|avs_readdata[2]        ; 0                 ; 0       ;
;      - sha256_csr:u_csr|avs_readdata[1]        ; 0                 ; 0       ;
; avs_write                                      ;                   ;         ;
;      - sha256_csr:u_csr|soft_rst_q             ; 1                 ; 0       ;
;      - sha256_csr:u_csr|err_q~4                ; 1                 ; 0       ;
;      - sha256_csr:u_csr|msg_done_q~1           ; 1                 ; 0       ;
;      - sha256_csr:u_csr|block_done_q~1         ; 1                 ; 0       ;
;      - sha256_csr:u_csr|irq_mask_q[0]~0        ; 1                 ; 0       ;
;      - sha256_csr:u_csr|block_cnt_q[18]~0      ; 1                 ; 0       ;
;      - sha256_csr:u_csr|busy_q~1               ; 1                 ; 0       ;
;      - sha256_csr:u_csr|msg_len_q[31]~0        ; 1                 ; 0       ;
;      - sha256_csr:u_csr|msg_active_q~1         ; 1                 ; 0       ;
;      - sha256_csr:u_csr|leg_data_r[0]~0        ; 1                 ; 0       ;
;      - sha256_csr:u_csr|first_q~0              ; 1                 ; 0       ;
;      - sha256_csr:u_csr|leg_step_req_q~0       ; 1                 ; 0       ;
;      - sha256_csr:u_csr|host_data_r[10]~1      ; 1                 ; 0       ;
; avs_writedata[1]                               ;                   ;         ;
;      - sha256_csr:u_csr|irq_mask_q[1]          ; 0                 ; 0       ;
;      - sha256_csr:u_csr|msg_len_q[1]           ; 0                 ; 0       ;
;      - sha256_csr:u_csr|msg_done_q~1           ; 0                 ; 0       ;
;      - sha256_csr:u_csr|block_done_q~1         ; 0                 ; 0       ;
;      - sha256_csr:u_csr|block_cnt_q[18]~0      ; 0                 ; 0       ;
;      - sha256_csr:u_csr|busy_q~1               ; 0                 ; 0       ;
;      - sha256_csr:u_csr|leg_data_r[1]          ; 0                 ; 0       ;
;      - sha256_csr:u_csr|msg_active_q~1         ; 0                 ; 0       ;
;      - sha256_csr:u_csr|soft_rst_q~0           ; 0                 ; 0       ;
;      - sha256_csr:u_csr|first_q~0              ; 0                 ; 0       ;
;      - sha256_csr:u_csr|leg_step_req_q~0       ; 0                 ; 0       ;
;      - sha256_csr:u_csr|host_data_r[1]         ; 0                 ; 0       ;
;      - sha256_csr:u_csr|err_q~4                ; 0                 ; 0       ;
; avs_writedata[0]                               ;                   ;         ;
;      - sha256_csr:u_csr|irq_mask_q[0]          ; 1                 ; 0       ;
;      - sha256_csr:u_csr|msg_len_q[0]           ; 1                 ; 0       ;
;      - sha256_csr:u_csr|block_done_q~0         ; 1                 ; 0       ;
;      - sha256_csr:u_csr|err_q~0                ; 1                 ; 0       ;
;      - sha256_csr:u_csr|busy_q~0               ; 1                 ; 0       ;
;      - sha256_csr:u_csr|leg_data_r[0]          ; 1                 ; 0       ;
;      - sha256_csr:u_csr|start_req_q~0          ; 1                 ; 0       ;
;      - sha256_csr:u_csr|leg_step_req_q~0       ; 1                 ; 0       ;
;      - sha256_csr:u_csr|host_data_r[0]         ; 1                 ; 0       ;
; avs_writedata[6]                               ;                   ;         ;
;      - sha256_csr:u_csr|block_done_q~0         ; 0                 ; 0       ;
;      - sha256_csr:u_csr|err_q~0                ; 0                 ; 0       ;
;      - sha256_csr:u_csr|busy_q~0               ; 0                 ; 0       ;
;      - sha256_csr:u_csr|start_req_q~0          ; 0                 ; 0       ;
;      - sha256_csr:u_csr|leg_data_r[6]          ; 0                 ; 0       ;
;      - sha256_csr:u_csr|leg_step_req_q~0       ; 0                 ; 0       ;
;      - sha256_csr:u_csr|msg_len_q[6]~feeder    ; 0                 ; 0       ;
;      - sha256_csr:u_csr|host_data_r[6]~feeder  ; 0                 ; 0       ;
; avs_writedata[2]                               ;                   ;         ;
;      - sha256_csr:u_csr|irq_mask_q[2]          ; 0                 ; 0       ;
;      - sha256_csr:u_csr|msg_len_q[2]           ; 0                 ; 0       ;
;      - sha256_csr:u_csr|block_done_q~0         ; 0                 ; 0       ;
;      - sha256_csr:u_csr|msg_done_q~0           ; 0                 ; 0       ;
;      - sha256_csr:u_csr|err_q~0                ; 0                 ; 0       ;
;      - sha256_csr:u_csr|busy_q~0               ; 0                 ; 0       ;
;      - sha256_csr:u_csr|start_req_q~0          ; 0                 ; 0       ;
;      - sha256_csr:u_csr|first_q                ; 0                 ; 0       ;
;      - sha256_csr:u_csr|host_data_r[2]         ; 0                 ; 0       ;
;      - sha256_csr:u_csr|leg_data_r[2]~feeder   ; 0                 ; 0       ;
; avs_writedata[3]                               ;                   ;         ;
;      - sha256_csr:u_csr|msg_len_q[3]           ; 0                 ; 0       ;
;      - sha256_csr:u_csr|err_q~1                ; 0                 ; 0       ;
;      - sha256_csr:u_csr|last_q                 ; 0                 ; 0       ;
;      - sha256_csr:u_csr|host_data_r[3]         ; 0                 ; 0       ;
;      - sha256_csr:u_csr|leg_data_r[3]~feeder   ; 0                 ; 0       ;
; avs_writedata[4]                               ;                   ;         ;
;      - sha256_csr:u_csr|msg_len_q[4]           ; 0                 ; 0       ;
;      - sha256_csr:u_csr|leg_data_r[4]          ; 0                 ; 0       ;
;      - sha256_csr:u_csr|host_data_r[4]         ; 0                 ; 0       ;
; avs_writedata[5]                               ;                   ;         ;
;      - sha256_csr:u_csr|leg_data_r[5]          ; 0                 ; 0       ;
;      - sha256_csr:u_csr|auto_q                 ; 0                 ; 0       ;
;      - sha256_csr:u_csr|host_data_r[5]~feeder  ; 0                 ; 0       ;
;      - sha256_csr:u_csr|msg_len_q[5]~feeder    ; 0                 ; 0       ;
; avs_writedata[7]                               ;                   ;         ;
;      - sha256_csr:u_csr|msg_len_q[7]           ; 1                 ; 0       ;
;      - sha256_csr:u_csr|leg_data_r[7]          ; 1                 ; 0       ;
;      - sha256_csr:u_csr|host_data_r[7]         ; 1                 ; 0       ;
; avs_writedata[8]                               ;                   ;         ;
;      - sha256_csr:u_csr|msg_len_q[8]           ; 1                 ; 0       ;
;      - sha256_csr:u_csr|leg_data_r[8]          ; 1                 ; 0       ;
;      - sha256_csr:u_csr|host_data_r[8]~feeder  ; 1                 ; 0       ;
; avs_writedata[9]                               ;                   ;         ;
;      - sha256_csr:u_csr|msg_len_q[9]           ; 1                 ; 0       ;
;      - sha256_csr:u_csr|leg_data_r[9]~feeder   ; 1                 ; 0       ;
;      - sha256_csr:u_csr|host_data_r[9]~feeder  ; 1                 ; 0       ;
; avs_writedata[10]                              ;                   ;         ;
;      - sha256_csr:u_csr|msg_len_q[10]          ; 0                 ; 0       ;
;      - sha256_csr:u_csr|leg_data_r[10]         ; 0                 ; 0       ;
;      - sha256_csr:u_csr|host_data_r[10]        ; 0                 ; 0       ;
; avs_writedata[11]                              ;                   ;         ;
;      - sha256_csr:u_csr|msg_len_q[11]          ; 0                 ; 0       ;
;      - sha256_csr:u_csr|leg_data_r[11]         ; 0                 ; 0       ;
;      - sha256_csr:u_csr|host_data_r[11]~feeder ; 0                 ; 0       ;
; avs_writedata[12]                              ;                   ;         ;
;      - sha256_csr:u_csr|msg_len_q[12]          ; 0                 ; 0       ;
;      - sha256_csr:u_csr|leg_data_r[12]~feeder  ; 0                 ; 0       ;
;      - sha256_csr:u_csr|host_data_r[12]~feeder ; 0                 ; 0       ;
; avs_writedata[13]                              ;                   ;         ;
;      - sha256_csr:u_csr|msg_len_q[13]          ; 1                 ; 0       ;
;      - sha256_csr:u_csr|host_data_r[13]        ; 1                 ; 0       ;
;      - sha256_csr:u_csr|leg_data_r[13]~feeder  ; 1                 ; 0       ;
; avs_writedata[14]                              ;                   ;         ;
;      - sha256_csr:u_csr|msg_len_q[14]          ; 0                 ; 0       ;
;      - sha256_csr:u_csr|leg_data_r[14]         ; 0                 ; 0       ;
;      - sha256_csr:u_csr|host_data_r[14]~feeder ; 0                 ; 0       ;
; avs_writedata[15]                              ;                   ;         ;
;      - sha256_csr:u_csr|leg_data_r[15]         ; 1                 ; 0       ;
;      - sha256_csr:u_csr|msg_len_q[15]~feeder   ; 1                 ; 0       ;
;      - sha256_csr:u_csr|host_data_r[15]~feeder ; 1                 ; 0       ;
; avs_writedata[16]                              ;                   ;         ;
;      - sha256_csr:u_csr|msg_len_q[16]          ; 0                 ; 0       ;
;      - sha256_csr:u_csr|leg_data_r[16]         ; 0                 ; 0       ;
;      - sha256_csr:u_csr|host_data_r[16]        ; 0                 ; 0       ;
; avs_writedata[17]                              ;                   ;         ;
;      - sha256_csr:u_csr|msg_len_q[17]          ; 0                 ; 0       ;
;      - sha256_csr:u_csr|leg_data_r[17]         ; 0                 ; 0       ;
;      - sha256_csr:u_csr|host_data_r[17]        ; 0                 ; 0       ;
; avs_writedata[18]                              ;                   ;         ;
;      - sha256_csr:u_csr|msg_len_q[18]          ; 0                 ; 0       ;
;      - sha256_csr:u_csr|host_data_r[18]~feeder ; 0                 ; 0       ;
;      - sha256_csr:u_csr|leg_data_r[18]~feeder  ; 0                 ; 0       ;
; avs_writedata[19]                              ;                   ;         ;
;      - sha256_csr:u_csr|msg_len_q[19]          ; 1                 ; 0       ;
;      - sha256_csr:u_csr|leg_data_r[19]         ; 1                 ; 0       ;
;      - sha256_csr:u_csr|host_data_r[19]        ; 1                 ; 0       ;
; avs_writedata[20]                              ;                   ;         ;
;      - sha256_csr:u_csr|msg_len_q[20]          ; 0                 ; 0       ;
;      - sha256_csr:u_csr|leg_data_r[20]         ; 0                 ; 0       ;
;      - sha256_csr:u_csr|host_data_r[20]        ; 0                 ; 0       ;
; avs_writedata[21]                              ;                   ;         ;
;      - sha256_csr:u_csr|msg_len_q[21]          ; 1                 ; 0       ;
;      - sha256_csr:u_csr|leg_data_r[21]         ; 1                 ; 0       ;
;      - sha256_csr:u_csr|host_data_r[21]        ; 1                 ; 0       ;
; avs_writedata[22]                              ;                   ;         ;
;      - sha256_csr:u_csr|msg_len_q[22]          ; 1                 ; 0       ;
;      - sha256_csr:u_csr|leg_data_r[22]         ; 1                 ; 0       ;
;      - sha256_csr:u_csr|host_data_r[22]        ; 1                 ; 0       ;
; avs_writedata[23]                              ;                   ;         ;
;      - sha256_csr:u_csr|msg_len_q[23]          ; 0                 ; 0       ;
;      - sha256_csr:u_csr|leg_data_r[23]         ; 0                 ; 0       ;
;      - sha256_csr:u_csr|host_data_r[23]        ; 0                 ; 0       ;
; avs_writedata[24]                              ;                   ;         ;
;      - sha256_csr:u_csr|msg_len_q[24]          ; 0                 ; 0       ;
;      - sha256_csr:u_csr|leg_data_r[24]         ; 0                 ; 0       ;
;      - sha256_csr:u_csr|host_data_r[24]~feeder ; 0                 ; 0       ;
; avs_writedata[25]                              ;                   ;         ;
;      - sha256_csr:u_csr|msg_len_q[25]          ; 1                 ; 0       ;
;      - sha256_csr:u_csr|leg_data_r[25]~feeder  ; 1                 ; 0       ;
;      - sha256_csr:u_csr|host_data_r[25]~feeder ; 1                 ; 0       ;
; avs_writedata[26]                              ;                   ;         ;
;      - sha256_csr:u_csr|msg_len_q[26]          ; 1                 ; 0       ;
;      - sha256_csr:u_csr|leg_data_r[26]         ; 1                 ; 0       ;
;      - sha256_csr:u_csr|host_data_r[26]~feeder ; 1                 ; 0       ;
; avs_writedata[27]                              ;                   ;         ;
;      - sha256_csr:u_csr|msg_len_q[27]          ; 1                 ; 0       ;
;      - sha256_csr:u_csr|host_data_r[27]        ; 1                 ; 0       ;
;      - sha256_csr:u_csr|leg_data_r[27]~feeder  ; 1                 ; 0       ;
; avs_writedata[28]                              ;                   ;         ;
;      - sha256_csr:u_csr|msg_len_q[28]          ; 1                 ; 0       ;
;      - sha256_csr:u_csr|host_data_r[28]        ; 1                 ; 0       ;
;      - sha256_csr:u_csr|leg_data_r[28]~feeder  ; 1                 ; 0       ;
; avs_writedata[29]                              ;                   ;         ;
;      - sha256_csr:u_csr|msg_len_q[29]          ; 1                 ; 0       ;
;      - sha256_csr:u_csr|leg_data_r[29]         ; 1                 ; 0       ;
;      - sha256_csr:u_csr|host_data_r[29]~feeder ; 1                 ; 0       ;
; avs_writedata[30]                              ;                   ;         ;
;      - sha256_csr:u_csr|msg_len_q[30]          ; 0                 ; 0       ;
;      - sha256_csr:u_csr|leg_data_r[30]         ; 0                 ; 0       ;
;      - sha256_csr:u_csr|host_data_r[30]~feeder ; 0                 ; 0       ;
; avs_writedata[31]                              ;                   ;         ;
;      - sha256_csr:u_csr|msg_len_q[31]          ; 0                 ; 0       ;
;      - sha256_csr:u_csr|leg_data_r[31]         ; 0                 ; 0       ;
;      - sha256_csr:u_csr|host_data_r[31]        ; 0                 ; 0       ;
+------------------------------------------------+-------------------+---------+


+-------------------------------------------------------------------------------------------------------------------------------------------------------------------------------------------------+
; Control Signals                                                                                                                                                                                 ;
+-----------------------------------------------------+----------------------+---------+---------------------------+--------+----------------------+------------------+---------------------------+
; Name                                                ; Location             ; Fan-Out ; Usage                     ; Global ; Global Resource Used ; Global Line Name ; Enable Signal Source Name ;
+-----------------------------------------------------+----------------------+---------+---------------------------+--------+----------------------+------------------+---------------------------+
; avs_read                                            ; PIN_AG16             ; 32      ; Clock enable              ; no     ; --                   ; --               ; --                        ;
; avs_write                                           ; PIN_AH7              ; 13      ; Sync. clear               ; no     ; --                   ; --               ; --                        ;
; clk                                                 ; PIN_W20              ; 1563    ; Clock                     ; yes    ; Global Clock         ; GCLK11           ; --                        ;
; reset_n                                             ; PIN_W24              ; 1017    ; Async. clear              ; yes    ; Global Clock         ; GCLK10           ; --                        ;
; sha256_core:u_core|mc:u_mc|hkw[2]~0                 ; LABCELL_X53_Y14_N51  ; 34      ; Clock enable              ; no     ; --                   ; --               ; --                        ;
; sha256_core:u_core|mc:u_mc|register_file[0][13]~3   ; LABCELL_X46_Y17_N9   ; 39      ; Clock enable              ; no     ; --                   ; --               ; --                        ;
; sha256_core:u_core|mc:u_mc|register_file[1][23]~6   ; LABCELL_X53_Y14_N48  ; 42      ; Clock enable              ; no     ; --                   ; --               ; --                        ;
; sha256_core:u_core|mc:u_mc|register_file[2][6]~8    ; LABCELL_X53_Y14_N39  ; 41      ; Clock enable              ; no     ; --                   ; --               ; --                        ;
; sha256_core:u_core|mc:u_mc|register_file[3][13]~10  ; LABCELL_X50_Y18_N57  ; 36      ; Clock enable              ; no     ; --                   ; --               ; --                        ;
; sha256_core:u_core|mc:u_mc|register_file[4][20]~13  ; LABCELL_X53_Y17_N21  ; 48      ; Clock enable              ; no     ; --                   ; --               ; --                        ;
; sha256_core:u_core|mc:u_mc|register_file[5][21]~15  ; LABCELL_X53_Y14_N24  ; 42      ; Clock enable              ; no     ; --                   ; --               ; --                        ;
; sha256_core:u_core|mc:u_mc|register_file[6][20]~17  ; LABCELL_X53_Y14_N33  ; 45      ; Clock enable              ; no     ; --                   ; --               ; --                        ;
; sha256_core:u_core|mc:u_mc|register_file[7][18]~19  ; LABCELL_X53_Y14_N27  ; 40      ; Clock enable              ; no     ; --                   ; --               ; --                        ;
; sha256_core:u_core|mc:u_mc|register_file[8][0]~20   ; LABCELL_X53_Y14_N57  ; 43      ; Clock enable              ; no     ; --                   ; --               ; --                        ;
; sha256_core:u_core|mc:u_mc|register_file[9][0]~11   ; LABCELL_X53_Y14_N54  ; 33      ; Clock enable              ; no     ; --                   ; --               ; --                        ;
; sha256_core:u_core|sha256_fsm:u_fsm|Mux0~0          ; LABCELL_X50_Y9_N12   ; 10      ; Sync. clear               ; no     ; --                   ; --               ; --                        ;
; sha256_core:u_core|sha256_fsm:u_fsm|bytes_left[6]~1 ; MLABCELL_X47_Y9_N42  ; 28      ; Clock enable              ; no     ; --                   ; --               ; --                        ;
; sha256_core:u_core|sha256_fsm:u_fsm|cyc[5]~0        ; MLABCELL_X47_Y10_N36 ; 9       ; Clock enable              ; no     ; --                   ; --               ; --                        ;
; sha256_core:u_core|sha256_fsm:u_fsm|hram_we         ; FF_X59_Y15_N41       ; 267     ; Clock enable              ; no     ; --                   ; --               ; --                        ;
; sha256_core:u_core|sha256_fsm:u_fsm|ins80~0         ; MLABCELL_X47_Y9_N3   ; 2       ; Clock enable              ; no     ; --                   ; --               ; --                        ;
; sha256_core:u_core|sha256_fsm:u_fsm|k_addr[0]~1     ; LABCELL_X56_Y10_N9   ; 6       ; Clock enable              ; no     ; --                   ; --               ; --                        ;
; sha256_core:u_core|sha256_fsm:u_fsm|keep[5]~0       ; MLABCELL_X47_Y10_N57 ; 7       ; Clock enable              ; no     ; --                   ; --               ; --                        ;
; sha256_core:u_core|sha256_fsm:u_fsm|msg_len_q[7]~0  ; LABCELL_X48_Y17_N15  ; 13      ; Clock enable              ; no     ; --                   ; --               ; --                        ;
; sha256_core:u_core|sha256_fsm:u_fsm|msg_len_q[7]~1  ; LABCELL_X48_Y17_N3   ; 32      ; Clock enable              ; no     ; --                   ; --               ; --                        ;
; sha256_core:u_core|sha256_fsm:u_fsm|pad_cnt[3]~0    ; MLABCELL_X47_Y10_N42 ; 5       ; Clock enable              ; no     ; --                   ; --               ; --                        ;
; sha256_core:u_core|sha256_fsm:u_fsm|round[5]~1      ; LABCELL_X56_Y10_N51  ; 6       ; Clock enable              ; no     ; --                   ; --               ; --                        ;
; sha256_core:u_core|sha256_fsm:u_fsm|state[2]        ; FF_X47_Y10_N20       ; 64      ; Sync. load                ; no     ; --                   ; --               ; --                        ;
; sha256_core:u_core|wram:u_wram|w[0][21]~8           ; LABCELL_X56_Y14_N42  ; 44      ; Clock enable              ; no     ; --                   ; --               ; --                        ;
; sha256_core:u_core|wram:u_wram|w[10][18]~48         ; LABCELL_X56_Y14_N30  ; 32      ; Clock enable              ; no     ; --                   ; --               ; --                        ;
; sha256_core:u_core|wram:u_wram|w[11][17]~50         ; LABCELL_X56_Y14_N0   ; 32      ; Clock enable              ; no     ; --                   ; --               ; --                        ;
; sha256_core:u_core|wram:u_wram|w[12][9]~52          ; LABCELL_X56_Y14_N33  ; 32      ; Clock enable              ; no     ; --                   ; --               ; --                        ;
; sha256_core:u_core|wram:u_wram|w[13][30]~54         ; LABCELL_X56_Y14_N3   ; 32      ; Clock enable              ; no     ; --                   ; --               ; --                        ;
; sha256_core:u_core|wram:u_wram|w[14][20]~2          ; LABCELL_X56_Y14_N36  ; 40      ; Clock enable              ; no     ; --                   ; --               ; --                        ;
; sha256_core:u_core|wram:u_wram|w[15][4]~10          ; LABCELL_X56_Y14_N51  ; 32      ; Clock enable              ; no     ; --                   ; --               ; --                        ;
; sha256_core:u_core|wram:u_wram|w[1][3]~4            ; LABCELL_X56_Y14_N18  ; 42      ; Clock enable              ; no     ; --                   ; --               ; --                        ;
; sha256_core:u_core|wram:u_wram|w[2][17]~13          ; LABCELL_X56_Y14_N45  ; 32      ; Clock enable              ; no     ; --                   ; --               ; --                        ;
; sha256_core:u_core|wram:u_wram|w[3][18]~49          ; LABCELL_X56_Y14_N21  ; 32      ; Clock enable              ; no     ; --                   ; --               ; --                        ;
; sha256_core:u_core|wram:u_wram|w[4][19]~51          ; LABCELL_X56_Y14_N54  ; 32      ; Clock enable              ; no     ; --                   ; --               ; --                        ;
; sha256_core:u_core|wram:u_wram|w[5][2]~53           ; LABCELL_X56_Y14_N12  ; 32      ; Clock enable              ; no     ; --                   ; --               ; --                        ;
; sha256_core:u_core|wram:u_wram|w[6][28]~55          ; LABCELL_X56_Y14_N57  ; 32      ; Clock enable              ; no     ; --                   ; --               ; --                        ;
; sha256_core:u_core|wram:u_wram|w[7][24]~56          ; LABCELL_X56_Y14_N15  ; 32      ; Clock enable              ; no     ; --                   ; --               ; --                        ;
; sha256_core:u_core|wram:u_wram|w[8][28]~57          ; LABCELL_X56_Y14_N27  ; 32      ; Clock enable              ; no     ; --                   ; --               ; --                        ;
; sha256_core:u_core|wram:u_wram|w[9][29]~6           ; LABCELL_X56_Y14_N24  ; 35      ; Clock enable              ; no     ; --                   ; --               ; --                        ;
; sha256_csr:u_csr|avs_readdata[10]~11                ; LABCELL_X53_Y18_N54  ; 8       ; Sync. clear               ; no     ; --                   ; --               ; --                        ;
; sha256_csr:u_csr|avs_readdata[15]~14                ; LABCELL_X48_Y21_N6   ; 21      ; Sync. clear               ; no     ; --                   ; --               ; --                        ;
; sha256_csr:u_csr|block_cnt_q[18]~0                  ; LABCELL_X55_Y9_N0    ; 32      ; Sync. clear               ; no     ; --                   ; --               ; --                        ;
; sha256_csr:u_csr|first_q~0                          ; LABCELL_X48_Y9_N6    ; 4       ; Clock enable              ; no     ; --                   ; --               ; --                        ;
; sha256_csr:u_csr|host_data_r[10]~2                  ; LABCELL_X55_Y9_N57   ; 36      ; Clock enable              ; no     ; --                   ; --               ; --                        ;
; sha256_csr:u_csr|host_we_r                          ; FF_X55_Y9_N44        ; 550     ; Sync. load                ; no     ; --                   ; --               ; --                        ;
; sha256_csr:u_csr|irq_mask_q[0]~0                    ; LABCELL_X48_Y20_N0   ; 3       ; Clock enable              ; no     ; --                   ; --               ; --                        ;
; sha256_csr:u_csr|leg_data_r[0]~0                    ; LABCELL_X48_Y9_N9    ; 37      ; Clock enable              ; no     ; --                   ; --               ; --                        ;
; sha256_csr:u_csr|msg_len_q[31]~0                    ; LABCELL_X62_Y18_N18  ; 32      ; Clock enable              ; no     ; --                   ; --               ; --                        ;
; sha256_csr:u_csr|soft_rst_q                         ; FF_X55_Y9_N38        ; 29      ; Clock enable, Sync. clear ; no     ; --                   ; --               ; --                        ;
+-----------------------------------------------------+----------------------+---------+---------------------------+--------+----------------------+------------------+---------------------------+


+----------------------------------------------------------------------------------------------------+
; Global & Other Fast Signals                                                                        ;
+---------+----------+---------+----------------------+------------------+---------------------------+
; Name    ; Location ; Fan-Out ; Global Resource Used ; Global Line Name ; Enable Signal Source Name ;
+---------+----------+---------+----------------------+------------------+---------------------------+
; clk     ; PIN_W20  ; 1563    ; Global Clock         ; GCLK11           ; --                        ;
; reset_n ; PIN_W24  ; 1017    ; Global Clock         ; GCLK10           ; --                        ;
+---------+----------+---------+----------------------+------------------+---------------------------+


+---------------------------------------------------------------------+
; Non-Global High Fan-Out Signals                                     ;
+-----------------------------------------------------------+---------+
; Name                                                      ; Fan-Out ;
+-----------------------------------------------------------+---------+
; sha256_csr:u_csr|host_we_r                                ; 550     ;
; sha256_core:u_core|sha256_fsm:u_fsm|load                  ; 317     ;
; sha256_core:u_core|sha256_fsm:u_fsm|round_en              ; 316     ;
; sha256_core:u_core|sha256_fsm:u_fsm|first_q               ; 279     ;
; sha256_core:u_core|sha256_fsm:u_fsm|hram_we               ; 267     ;
; sha256_core:u_core|sha256_fsm:u_fsm|first_eff             ; 245     ;
; avs_address[1]~input                                      ; 164     ;
; sha256_core:u_core|sha256_fsm:u_fsm|second_pass~DUPLICATE ; 161     ;
; avs_address[0]~input                                      ; 154     ;
; sha256_core:u_core|sha256_fsm:u_fsm|second_pass           ; 130     ;
; sha256_core:u_core|sha256_fsm:u_fsm|sched_en              ; 83      ;
; sha256_core:u_core|sha256_fsm:u_fsm|state[2]              ; 64      ;
; avs_address[3]~input                                      ; 58      ;
; avs_address[2]~input                                      ; 51      ;
; sha256_csr:u_csr|first_q                                  ; 48      ;
; sha256_core:u_core|mc:u_mc|register_file[4][20]~13        ; 48      ;
; sha256_core:u_core|mc:u_mc|register_file[6][20]~17        ; 45      ;
; sha256_core:u_core|wram:u_wram|w[0][21]~8                 ; 44      ;
; sha256_core:u_core|mc:u_mc|register_file[8][0]~20         ; 43      ;
; sha256_core:u_core|wram:u_wram|w[1][3]~4                  ; 42      ;
; sha256_core:u_core|mc:u_mc|register_file[5][21]~15        ; 42      ;
; sha256_core:u_core|mc:u_mc|register_file[1][23]~6         ; 42      ;
; sha256_core:u_core|mc:u_mc|register_file[2][6]~8          ; 41      ;
; sha256_core:u_core|wram:u_wram|w[14][20]~2                ; 40      ;
; sha256_core:u_core|mc:u_mc|register_file[7][18]~19        ; 40      ;
; sha256_core:u_core|mc:u_mc|register_file[0][13]~3         ; 39      ;
; sha256_csr:u_csr|leg_data_r[0]~0                          ; 37      ;
; sha256_csr:u_csr|host_data_r[10]~2                        ; 36      ;
; sha256_core:u_core|mc:u_mc|register_file[3][13]~10        ; 36      ;
; avs_address[4]~input                                      ; 35      ;
; sha256_core:u_core|wram:u_wram|w[9][29]~6                 ; 35      ;
; sha256_core:u_core|mc:u_mc|hkw[2]~0                       ; 34      ;
; sha256_core:u_core|mc:u_mc|register_file[9][0]~11         ; 33      ;
; avs_read~input                                            ; 32      ;
; sha256_core:u_core|wram:u_wram|w[8][28]~57                ; 32      ;
; sha256_core:u_core|wram:u_wram|w[7][24]~56                ; 32      ;
; sha256_core:u_core|wram:u_wram|w[6][28]~55                ; 32      ;
; sha256_core:u_core|wram:u_wram|w[13][30]~54               ; 32      ;
; sha256_core:u_core|wram:u_wram|w[5][2]~53                 ; 32      ;
; sha256_core:u_core|wram:u_wram|w[12][9]~52                ; 32      ;
; sha256_core:u_core|wram:u_wram|w[4][19]~51                ; 32      ;
; sha256_core:u_core|wram:u_wram|w[11][17]~50               ; 32      ;
; sha256_core:u_core|wram:u_wram|w[3][18]~49                ; 32      ;
; sha256_core:u_core|sha256_fsm:u_fsm|msg_len_q[7]~1        ; 32      ;
; sha256_core:u_core|wram:u_wram|w[10][18]~48               ; 32      ;
; sha256_core:u_core|wram:u_wram|w[2][17]~13                ; 32      ;
; sha256_core:u_core|wram:u_wram|w[15][4]~10                ; 32      ;
; sha256_core:u_core|sha256_fsm:u_fsm|Equal0~0              ; 32      ;
; sha256_csr:u_csr|msg_len_q[31]~0                          ; 32      ;
; sha256_csr:u_csr|block_cnt_q[18]~0                        ; 32      ;
; sha256_core:u_core|pad_fn:u_pad|comb~1                    ; 29      ;
; sha256_csr:u_csr|avs_readdata[10]~8                       ; 29      ;
; sha256_csr:u_csr|soft_rst_q                               ; 29      ;
; sha256_core:u_core|sha256_fsm:u_fsm|state[1]              ; 29      ;
; sha256_core:u_core|sha256_fsm:u_fsm|bytes_left[6]~1       ; 28      ;
; avs_address[5]~input                                      ; 24      ;
; sha256_csr:u_csr|avs_readdata[15]~14                      ; 21      ;
; sha256_csr:u_csr|is_hram~0                                ; 21      ;
; sha256_csr:u_csr|avs_readdata[15]~13                      ; 21      ;
; sha256_csr:u_csr|avs_readdata[15]~12                      ; 21      ;
; sha256_csr:u_csr|host_data_r[14]                          ; 19      ;
; sha256_csr:u_csr|host_data_r[13]                          ; 18      ;
; sha256_csr:u_csr|host_data_r[6]                           ; 18      ;
; sha256_csr:u_csr|host_data_r[12]                          ; 18      ;
; sha256_csr:u_csr|host_data_r[20]                          ; 18      ;
; sha256_csr:u_csr|host_data_r[17]                          ; 18      ;
; sha256_csr:u_csr|host_data_r[19]                          ; 18      ;
; sha256_csr:u_csr|host_data_r[2]                           ; 17      ;
; sha256_csr:u_csr|host_data_r[1]                           ; 17      ;
; sha256_csr:u_csr|host_data_r[0]                           ; 17      ;
; sha256_csr:u_csr|host_data_r[30]                          ; 17      ;
; sha256_csr:u_csr|host_data_r[29]                          ; 17      ;
; sha256_csr:u_csr|host_data_r[26]                          ; 17      ;
; sha256_csr:u_csr|host_data_r[16]                          ; 17      ;
; sha256_csr:u_csr|host_data_r[24]                          ; 17      ;
; sha256_csr:u_csr|host_data_r[23]                          ; 17      ;
; sha256_csr:u_csr|host_data_r[22]                          ; 17      ;
; sha256_csr:u_csr|host_data_r[21]                          ; 17      ;
; sha256_csr:u_csr|host_data_r[9]                           ; 17      ;
; sha256_csr:u_csr|host_data_r[5]                           ; 17      ;
; sha256_csr:u_csr|host_data_r[4]                           ; 17      ;
; sha256_csr:u_csr|host_data_r[18]                          ; 17      ;
; sha256_csr:u_csr|host_data_r[3]                           ; 17      ;
; sha256_csr:u_csr|host_data_r[7]                           ; 17      ;
; sha256_csr:u_csr|host_data_r[10]                          ; 17      ;
; sha256_core:u_core|sha256_fsm:u_fsm|state[0]              ; 17      ;
; sha256_csr:u_csr|host_data_r[31]                          ; 16      ;
; sha256_csr:u_csr|host_data_r[28]                          ; 16      ;
; sha256_csr:u_csr|host_data_r[27]                          ; 16      ;
; sha256_csr:u_csr|host_data_r[25]                          ; 16      ;
; sha256_csr:u_csr|host_data_r[15]                          ; 16      ;
; sha256_csr:u_csr|host_data_r[8]                           ; 16      ;
; sha256_csr:u_csr|host_data_r[11]                          ; 16      ;
; sha256_core:u_core|wram:u_wram|w[14][20]~1                ; 16      ;
; sha256_csr:u_csr|host_idx_r[1]                            ; 16      ;
; sha256_csr:u_csr|host_idx_r[2]                            ; 16      ;
; sha256_core:u_core|sha256_fsm:u_fsm|sched_en~DUPLICATE    ; 14      ;
; avs_writedata[1]~input                                    ; 13      ;
; avs_write~input                                           ; 13      ;
; sha256_core:u_core|sha256_fsm:u_fsm|msg_len_q[7]~0        ; 13      ;
; sha256_core:u_core|mc:u_mc|register_file~174              ; 12      ;
; sha256_core:u_core|mc:u_mc|register_file~173              ; 12      ;
; sha256_csr:u_csr|leg_data_r[30]                           ; 11      ;
; sha256_csr:u_csr|leg_data_r[28]                           ; 11      ;
; sha256_csr:u_csr|leg_data_r[27]                           ; 11      ;
; sha256_csr:u_csr|leg_data_r[18]                           ; 11      ;
; sha256_csr:u_csr|leg_data_r[15]                           ; 11      ;
; sha256_csr:u_csr|leg_data_r[14]                           ; 11      ;
; sha256_csr:u_csr|leg_data_r[11]                           ; 11      ;
; sha256_csr:u_csr|leg_data_r[9]                            ; 11      ;
; sha256_csr:u_csr|leg_data_r[7]                            ; 11      ;
; sha256_csr:u_csr|leg_data_r[1]                            ; 11      ;
; sha256_csr:u_csr|leg_data_r[0]                            ; 11      ;
; sha256_core:u_core|sha256_fsm:u_fsm|state[0]~DUPLICATE    ; 10      ;
; sha256_core:u_core|sha256_fsm:u_fsm|first_q~DUPLICATE     ; 10      ;
; avs_writedata[2]~input                                    ; 10      ;
; sha256_core:u_core|sha256_fsm:u_fsm|Mux0~0                ; 10      ;
; sha256_csr:u_csr|leg_data_r[29]                           ; 10      ;
; sha256_csr:u_csr|leg_data_r[25]                           ; 10      ;
; sha256_csr:u_csr|leg_data_r[24]                           ; 10      ;
; sha256_csr:u_csr|leg_data_r[20]                           ; 10      ;
; sha256_csr:u_csr|leg_data_r[19]                           ; 10      ;
; sha256_csr:u_csr|leg_data_r[17]                           ; 10      ;
; sha256_csr:u_csr|leg_data_r[16]                           ; 10      ;
; sha256_csr:u_csr|leg_data_r[13]                           ; 10      ;
; sha256_csr:u_csr|leg_data_r[12]                           ; 10      ;
; sha256_csr:u_csr|leg_data_r[10]                           ; 10      ;
; sha256_csr:u_csr|leg_data_r[8]                            ; 10      ;
; sha256_csr:u_csr|leg_data_r[6]                            ; 10      ;
; sha256_csr:u_csr|leg_data_r[5]                            ; 10      ;
; sha256_csr:u_csr|leg_data_r[4]                            ; 10      ;
; sha256_csr:u_csr|leg_data_r[3]                            ; 10      ;
; sha256_csr:u_csr|leg_data_r[2]                            ; 10      ;
; sha256_csr:u_csr|Equal0~0                                 ; 10      ;
; sha256_csr:u_csr|busy_q                                   ; 10      ;
; avs_writedata[0]~input                                    ; 9       ;
; sha256_core:u_core|sha256_fsm:u_fsm|bytes_left[5]~0       ; 9       ;
; sha256_core:u_core|sha256_fsm:u_fsm|always0~0             ; 9       ;
; sha256_csr:u_csr|leg_data_r[31]                           ; 9       ;
; sha256_csr:u_csr|leg_data_r[26]                           ; 9       ;
; sha256_csr:u_csr|leg_data_r[23]                           ; 9       ;
; sha256_csr:u_csr|leg_data_r[22]                           ; 9       ;
; sha256_csr:u_csr|leg_data_r[21]                           ; 9       ;
; sha256_core:u_core|mc:u_mc|Add4~0                         ; 9       ;
; sha256_core:u_core|sha256_fsm:u_fsm|cyc[5]~0              ; 9       ;
; avs_writedata[6]~input                                    ; 8       ;
; sha256_core:u_core|pad_fn:u_pad|Equal0~0                  ; 8       ;
; sha256_core:u_core|pad_fn:u_pad|mask[10]~1                ; 8       ;
; sha256_core:u_core|pad_fn:u_pad|mask[17]~0                ; 8       ;
; sha256_core:u_core|sha256_fsm:u_fsm|pad_cnt[0]            ; 8       ;
; sha256_csr:u_csr|avs_readdata[10]~11                      ; 8       ;
; sha256_csr:u_csr|avs_readdata[10]~10                      ; 8       ;
; sha256_csr:u_csr|avs_readdata[10]~9                       ; 8       ;
; sha256_core:u_core|sha256_fsm:u_fsm|keep[5]~0             ; 7       ;
; sha256_core:u_core|pad_fn:u_pad|kb[2]~0                   ; 7       ;
; sha256_core:u_core|sha256_fsm:u_fsm|keep[0]               ; 7       ;
; sha256_core:u_core|sha256_fsm:u_fsm|bl~0                  ; 7       ;
; sha256_core:u_core|sha256_fsm:u_fsm|pad_cnt[1]            ; 7       ;
; sha256_csr:u_csr|leg_idx_r[1]                             ; 7       ;
; sha256_csr:u_csr|leg_idx_r[2]                             ; 7       ;
; sha256_core:u_core|mc:u_mc|register_file[4][31]           ; 7       ;
; sha256_core:u_core|mc:u_mc|register_file[0][31]           ; 7       ;
; sha256_core:u_core|mc:u_mc|register_file[0][30]           ; 7       ;
; sha256_core:u_core|mc:u_mc|register_file[0][28]           ; 7       ;
; sha256_core:u_core|mc:u_mc|register_file[4][26]           ; 7       ;
; sha256_core:u_core|mc:u_mc|register_file[0][26]           ; 7       ;
; sha256_core:u_core|mc:u_mc|register_file[4][25]           ; 7       ;
; sha256_core:u_core|mc:u_mc|register_file[4][24]           ; 7       ;
; sha256_core:u_core|mc:u_mc|register_file[0][24]           ; 7       ;
; sha256_core:u_core|mc:u_mc|register_file[4][23]           ; 7       ;
; sha256_core:u_core|mc:u_mc|register_file[0][23]           ; 7       ;
; sha256_core:u_core|mc:u_mc|register_file[0][22]           ; 7       ;
; sha256_core:u_core|mc:u_mc|register_file[4][21]           ; 7       ;
; sha256_core:u_core|mc:u_mc|register_file[4][20]           ; 7       ;
; sha256_core:u_core|mc:u_mc|register_file[0][20]           ; 7       ;
; sha256_core:u_core|mc:u_mc|register_file[4][19]           ; 7       ;
; sha256_core:u_core|mc:u_mc|register_file[0][19]           ; 7       ;
; sha256_core:u_core|mc:u_mc|register_file[0][18]           ; 7       ;
; sha256_core:u_core|mc:u_mc|register_file[4][17]           ; 7       ;
; sha256_core:u_core|mc:u_mc|register_file[0][17]           ; 7       ;
; sha256_core:u_core|mc:u_mc|register_file[0][16]           ; 7       ;
; sha256_core:u_core|mc:u_mc|register_file[4][15]           ; 7       ;
; sha256_core:u_core|mc:u_mc|register_file[0][15]           ; 7       ;
; sha256_core:u_core|mc:u_mc|register_file[4][14]           ; 7       ;
; sha256_core:u_core|mc:u_mc|register_file[0][14]           ; 7       ;
; sha256_core:u_core|mc:u_mc|register_file[0][13]           ; 7       ;
; sha256_core:u_core|mc:u_mc|register_file[4][12]           ; 7       ;
; sha256_core:u_core|mc:u_mc|register_file[0][12]           ; 7       ;
; sha256_core:u_core|mc:u_mc|register_file[0][11]           ; 7       ;
; sha256_core:u_core|mc:u_mc|register_file[0][10]           ; 7       ;
; sha256_core:u_core|mc:u_mc|register_file[0][8]            ; 7       ;
; sha256_core:u_core|mc:u_mc|register_file[4][7]            ; 7       ;
; sha256_core:u_core|mc:u_mc|register_file[0][7]            ; 7       ;
; sha256_core:u_core|mc:u_mc|register_file[4][6]            ; 7       ;
; sha256_core:u_core|mc:u_mc|register_file[0][6]            ; 7       ;
; sha256_core:u_core|mc:u_mc|register_file[0][5]            ; 7       ;
; sha256_core:u_core|mc:u_mc|register_file[4][4]            ; 7       ;
; sha256_core:u_core|mc:u_mc|register_file[0][4]            ; 7       ;
; sha256_core:u_core|mc:u_mc|register_file[4][3]            ; 7       ;
; sha256_core:u_core|mc:u_mc|register_file[0][2]            ; 7       ;
; sha256_core:u_core|mc:u_mc|register_file[0][0]            ; 7       ;
; sha256_core:u_core|mc:u_mc|register_file[4][16]~DUPLICATE ; 6       ;
; sha256_core:u_core|mc:u_mc|register_file[0][9]~DUPLICATE  ; 6       ;
; sha256_core:u_core|mc:u_mc|register_file[0][3]~DUPLICATE  ; 6       ;
; sha256_core:u_core|mc:u_mc|register_file[4][2]~DUPLICATE  ; 6       ;
; sha256_core:u_core|mc:u_mc|register_file[0][1]~DUPLICATE  ; 6       ;
; sha256_core:u_core|sha256_fsm:u_fsm|k_addr[0]~1           ; 6       ;
; sha256_core:u_core|sha256_fsm:u_fsm|inslen~0              ; 6       ;
; sha256_core:u_core|sha256_fsm:u_fsm|auto_eff~0            ; 6       ;
; sha256_core:u_core|pad_fn:u_pad|comb~0                    ; 6       ;
; sha256_core:u_core|sha256_fsm:u_fsm|pad_cnt[2]            ; 6       ;
; sha256_core:u_core|sha256_fsm:u_fsm|round[5]~1            ; 6       ;
; sha256_csr:u_csr|msg_active_q                             ; 6       ;
; sha256_core:u_core|sha256_fsm:u_fsm|cyc[2]                ; 6       ;
; sha256_core:u_core|mc:u_mc|register_file[4][29]~DUPLICATE ; 5       ;
; sha256_core:u_core|mc:u_mc|register_file[4][28]~DUPLICATE ; 5       ;
; sha256_core:u_core|mc:u_mc|register_file[0][25]~DUPLICATE ; 5       ;
; sha256_core:u_core|mc:u_mc|register_file[0][21]~DUPLICATE ; 5       ;
; sha256_core:u_core|mc:u_mc|register_file[4][18]~DUPLICATE ; 5       ;
; sha256_core:u_core|mc:u_mc|register_file[4][11]~DUPLICATE ; 5       ;
; sha256_core:u_core|mc:u_mc|register_file[4][10]~DUPLICATE ; 5       ;
; sha256_core:u_core|mc:u_mc|register_file[4][1]~DUPLICATE  ; 5       ;
; sha256_core:u_core|mc:u_mc|register_file[4][0]~DUPLICATE  ; 5       ;
; sha256_core:u_core|sha256_fsm:u_fsm|cyc[1]~DUPLICATE      ; 5       ;
; avs_writedata[3]~input                                    ; 5       ;
; sha256_core:u_core|sha256_fsm:u_fsm|k_addr[0]~2           ; 5       ;
; sha256_core:u_core|pad_fn:u_pad|LessThan0~0               ; 5       ;
; sha256_core:u_core|sha256_fsm:u_fsm|keep[1]               ; 5       ;
; sha256_core:u_core|sha256_fsm:u_fsm|pad_cnt[3]~0          ; 5       ;
; sha256_core:u_core|sha256_fsm:u_fsm|Equal1~15             ; 5       ;
; sha256_core:u_core|sha256_fsm:u_fsm|Equal3~1              ; 5       ;
; sha256_csr:u_csr|Equal3~0                                 ; 5       ;
; sha256_core:u_core|mc:u_mc|register_file[6][31]           ; 5       ;
; sha256_core:u_core|mc:u_mc|register_file[6][30]           ; 5       ;
; sha256_core:u_core|mc:u_mc|register_file[6][29]           ; 5       ;
; sha256_core:u_core|mc:u_mc|register_file[6][28]           ; 5       ;
; sha256_core:u_core|mc:u_mc|register_file[6][27]           ; 5       ;
; sha256_core:u_core|mc:u_mc|register_file[0][27]           ; 5       ;
; sha256_core:u_core|mc:u_mc|register_file[6][26]           ; 5       ;
; sha256_core:u_core|mc:u_mc|register_file[6][22]           ; 5       ;
; sha256_core:u_core|mc:u_mc|register_file[4][22]           ; 5       ;
; sha256_core:u_core|mc:u_mc|register_file[6][21]           ; 5       ;
; sha256_core:u_core|mc:u_mc|register_file[6][20]           ; 5       ;
; sha256_core:u_core|mc:u_mc|register_file[6][18]           ; 5       ;
; sha256_core:u_core|mc:u_mc|register_file[6][16]           ; 5       ;
; sha256_core:u_core|mc:u_mc|register_file[6][15]           ; 5       ;
; sha256_core:u_core|mc:u_mc|register_file[6][13]           ; 5       ;
; sha256_core:u_core|mc:u_mc|register_file[6][11]           ; 5       ;
; sha256_core:u_core|mc:u_mc|register_file[6][10]           ; 5       ;
; sha256_core:u_core|mc:u_mc|register_file[6][8]            ; 5       ;
; sha256_core:u_core|mc:u_mc|register_file[6][6]            ; 5       ;
; sha256_core:u_core|mc:u_mc|register_file[4][5]            ; 5       ;
; sha256_core:u_core|mc:u_mc|register_file[6][3]            ; 5       ;
; sha256_core:u_core|mc:u_mc|register_file[6][0]            ; 5       ;
; sha256_csr:u_csr|err_q                                    ; 5       ;
; sha256_core:u_core|pad_fn:u_pad|Add0~1                    ; 5       ;
; sha256_core:u_core|wram:u_wram|w[1][17]                   ; 5       ;
; sha256_core:u_core|wram:u_wram|w[1][16]                   ; 5       ;
; sha256_core:u_core|wram:u_wram|w[1][26]                   ; 5       ;
; sha256_core:u_core|wram:u_wram|w[1][21]                   ; 5       ;
; sha256_core:u_core|wram:u_wram|w[1][10]                   ; 5       ;
; sha256_core:u_core|wram:u_wram|w[1][19]                   ; 5       ;
; sha256_core:u_core|wram:u_wram|w[1][4]                    ; 5       ;
; sha256_core:u_core|wram:u_wram|w[1][18]                   ; 5       ;
; sha256_core:u_core|sha256_fsm:u_fsm|cyc[5]                ; 5       ;
; sha256_core:u_core|sha256_fsm:u_fsm|cyc[3]                ; 5       ;
; sha256_core:u_core|mc:u_mc|register_file[0][29]~DUPLICATE ; 4       ;
; sha256_core:u_core|mc:u_mc|register_file[6][19]~DUPLICATE ; 4       ;
; sha256_core:u_core|mc:u_mc|register_file[6][14]~DUPLICATE ; 4       ;
; sha256_core:u_core|mc:u_mc|register_file[4][13]~DUPLICATE ; 4       ;
; sha256_core:u_core|mc:u_mc|register_file[6][5]~DUPLICATE  ; 4       ;
; sha256_core:u_core|mc:u_mc|register_file[6][2]~DUPLICATE  ; 4       ;
; sha256_core:u_core|mc:u_mc|register_file[6][1]~DUPLICATE  ; 4       ;
; sha256_core:u_core|wram:u_wram|w[1][6]~DUPLICATE          ; 4       ;
; avs_writedata[5]~input                                    ; 4       ;
; sha256_core:u_core|pad_fn:u_pad|comb~3                    ; 4       ;
; sha256_core:u_core|wram:u_wram|w[6][28]~7                 ; 4       ;
; sha256_core:u_core|wram:u_wram|w[13][30]~5                ; 4       ;
; sha256_core:u_core|wram:u_wram|w[7][24]~3                 ; 4       ;
; sha256_core:u_core|wram:u_wram|w[8][28]~0                 ; 4       ;
; sha256_csr:u_csr|host_idx_r[3]                            ; 4       ;
; sha256_csr:u_csr|host_idx_r[0]                            ; 4       ;
; sha256_csr:u_csr|first_q~0                                ; 4       ;
; sha256_core:u_core|sha256_fsm:u_fsm|cyc[6]                ; 4       ;
; sha256_core:u_core|sha256_fsm:u_fsm|Equal1~0              ; 4       ;
; sha256_core:u_core|sha256_fsm:u_fsm|bl~4                  ; 4       ;
; sha256_core:u_core|sha256_fsm:u_fsm|bl~3                  ; 4       ;
; sha256_core:u_core|sha256_fsm:u_fsm|bl~2                  ; 4       ;
; sha256_csr:u_csr|leg_step_req_q                           ; 4       ;
; sha256_core:u_core|sha256_fsm:u_fsm|hram_we~0             ; 4       ;
; sha256_core:u_core|mc:u_mc|register_file[5][21]~5         ; 4       ;
; sha256_core:u_core|mc:u_mc|register_file[0][13]~2         ; 4       ;
; sha256_core:u_core|mc:u_mc|register_file[4][20]~1         ; 4       ;
; sha256_csr:u_csr|leg_idx_r[3]                             ; 4       ;
; sha256_csr:u_csr|leg_we_r                                 ; 4       ;
; sha256_csr:u_csr|leg_idx_r[0]                             ; 4       ;
; sha256_core:u_core|hram:u_hram|mem[31]                    ; 4       ;
; sha256_core:u_core|mc:u_mc|register_file[5][31]           ; 4       ;
; sha256_core:u_core|mc:u_mc|register_file[2][31]           ; 4       ;
; sha256_core:u_core|hram:u_hram|mem[30]                    ; 4       ;
; sha256_core:u_core|mc:u_mc|register_file[5][30]           ; 4       ;
; sha256_core:u_core|mc:u_mc|register_file[4][30]           ; 4       ;
; sha256_core:u_core|mc:u_mc|register_file[1][30]           ; 4       ;
; sha256_csr:u_csr|msg_len_q[30]                            ; 4       ;
; sha256_core:u_core|hram:u_hram|mem[29]                    ; 4       ;
; sha256_core:u_core|mc:u_mc|register_file[5][29]           ; 4       ;
; sha256_core:u_core|mc:u_mc|register_file[2][29]           ; 4       ;
; sha256_core:u_core|mc:u_mc|register_file[1][29]           ; 4       ;
; sha256_csr:u_csr|msg_len_q[29]                            ; 4       ;
; sha256_core:u_core|hram:u_hram|mem[28]                    ; 4       ;
; sha256_core:u_core|mc:u_mc|register_file[5][28]           ; 4       ;
; sha256_core:u_core|mc:u_mc|register_file[1][28]           ; 4       ;
; sha256_csr:u_csr|msg_len_q[28]                            ; 4       ;
; sha256_core:u_core|hram:u_hram|mem[27]                    ; 4       ;
; sha256_core:u_core|mc:u_mc|register_file[5][27]           ; 4       ;
; sha256_core:u_core|mc:u_mc|register_file[4][27]           ; 4       ;
; sha256_core:u_core|mc:u_mc|register_file[2][27]           ; 4       ;
; sha256_csr:u_csr|msg_len_q[27]                            ; 4       ;
; sha256_core:u_core|hram:u_hram|mem[26]                    ; 4       ;
; sha256_core:u_core|mc:u_mc|register_file[2][26]           ; 4       ;
; sha256_core:u_core|mc:u_mc|register_file[1][26]           ; 4       ;
; sha256_csr:u_csr|msg_len_q[26]                            ; 4       ;
; sha256_core:u_core|hram:u_hram|mem[25]                    ; 4       ;
; sha256_core:u_core|mc:u_mc|register_file[1][25]           ; 4       ;
; sha256_csr:u_csr|msg_len_q[25]                            ; 4       ;
; sha256_core:u_core|mc:u_mc|register_file[1][24]           ; 4       ;
; sha256_csr:u_csr|msg_len_q[24]                            ; 4       ;
; sha256_core:u_core|hram:u_hram|mem[23]                    ; 4       ;
; sha256_core:u_core|mc:u_mc|register_file[5][23]           ; 4       ;
; sha256_core:u_core|mc:u_mc|register_file[2][23]           ; 4       ;
; sha256_core:u_core|mc:u_mc|register_file[1][23]           ; 4       ;
; sha256_csr:u_csr|msg_len_q[23]                            ; 4       ;
; sha256_core:u_core|hram:u_hram|mem[22]                    ; 4       ;
; sha256_core:u_core|mc:u_mc|register_file[5][22]           ; 4       ;
; sha256_core:u_core|mc:u_mc|register_file[2][22]           ; 4       ;
; sha256_core:u_core|mc:u_mc|register_file[1][22]           ; 4       ;
; sha256_csr:u_csr|msg_len_q[22]                            ; 4       ;
; sha256_core:u_core|hram:u_hram|mem[21]                    ; 4       ;
; sha256_core:u_core|mc:u_mc|register_file[5][21]           ; 4       ;
; sha256_core:u_core|mc:u_mc|register_file[2][21]           ; 4       ;
; sha256_csr:u_csr|msg_len_q[21]                            ; 4       ;
; sha256_core:u_core|hram:u_hram|mem[20]                    ; 4       ;
; sha256_core:u_core|mc:u_mc|register_file[5][20]           ; 4       ;
; sha256_core:u_core|mc:u_mc|register_file[1][20]           ; 4       ;
; sha256_csr:u_csr|msg_len_q[20]                            ; 4       ;
; sha256_core:u_core|hram:u_hram|mem[19]                    ; 4       ;
; sha256_core:u_core|mc:u_mc|register_file[5][19]           ; 4       ;
; sha256_core:u_core|mc:u_mc|register_file[2][19]           ; 4       ;
; sha256_core:u_core|mc:u_mc|register_file[1][19]           ; 4       ;
; sha256_csr:u_csr|msg_len_q[19]                            ; 4       ;
; sha256_core:u_core|hram:u_hram|mem[18]                    ; 4       ;
; sha256_core:u_core|mc:u_mc|register_file[5][18]           ; 4       ;
; sha256_csr:u_csr|msg_len_q[18]                            ; 4       ;
; sha256_core:u_core|hram:u_hram|mem[17]                    ; 4       ;
; sha256_core:u_core|mc:u_mc|register_file[6][17]           ; 4       ;
; sha256_core:u_core|mc:u_mc|register_file[5][17]           ; 4       ;
; sha256_csr:u_csr|msg_len_q[17]                            ; 4       ;
; sha256_core:u_core|hram:u_hram|mem[16]                    ; 4       ;
; sha256_core:u_core|mc:u_mc|register_file[2][16]           ; 4       ;
; sha256_core:u_core|mc:u_mc|register_file[1][16]           ; 4       ;
; sha256_csr:u_csr|msg_len_q[16]                            ; 4       ;
; sha256_core:u_core|hram:u_hram|mem[15]                    ; 4       ;
; sha256_core:u_core|mc:u_mc|register_file[2][15]           ; 4       ;
; sha256_csr:u_csr|msg_len_q[15]                            ; 4       ;
; sha256_core:u_core|hram:u_hram|mem[14]                    ; 4       ;
; sha256_core:u_core|mc:u_mc|register_file[2][14]           ; 4       ;
; sha256_core:u_core|mc:u_mc|register_file[1][14]           ; 4       ;
; sha256_csr:u_csr|msg_len_q[14]                            ; 4       ;
; sha256_core:u_core|hram:u_hram|mem[13]                    ; 4       ;
; sha256_core:u_core|mc:u_mc|register_file[5][13]           ; 4       ;
; sha256_core:u_core|mc:u_mc|register_file[2][13]           ; 4       ;
; sha256_core:u_core|mc:u_mc|register_file[1][13]           ; 4       ;
; sha256_csr:u_csr|msg_len_q[13]                            ; 4       ;
; sha256_core:u_core|mc:u_mc|register_file[5][12]           ; 4       ;
; sha256_core:u_core|mc:u_mc|register_file[2][12]           ; 4       ;
; sha256_core:u_core|mc:u_mc|register_file[1][12]           ; 4       ;
; sha256_csr:u_csr|msg_len_q[12]                            ; 4       ;
; sha256_core:u_core|hram:u_hram|mem[11]                    ; 4       ;
; sha256_core:u_core|mc:u_mc|register_file[2][11]           ; 4       ;
; sha256_core:u_core|mc:u_mc|register_file[1][11]           ; 4       ;
; sha256_csr:u_csr|msg_len_q[11]                            ; 4       ;
; sha256_core:u_core|hram:u_hram|mem[10]                    ; 4       ;
; sha256_core:u_core|mc:u_mc|register_file[5][10]           ; 4       ;
; sha256_core:u_core|mc:u_mc|register_file[2][10]           ; 4       ;
; sha256_core:u_core|mc:u_mc|register_file[1][10]           ; 4       ;
; sha256_csr:u_csr|msg_len_q[10]                            ; 4       ;
; sha256_core:u_core|hram:u_hram|mem[9]                     ; 4       ;
; sha256_core:u_core|mc:u_mc|register_file[5][9]            ; 4       ;
; sha256_core:u_core|mc:u_mc|register_file[4][9]            ; 4       ;
; sha256_core:u_core|mc:u_mc|register_file[1][9]            ; 4       ;
; sha256_csr:u_csr|msg_len_q[9]                             ; 4       ;
; sha256_core:u_core|hram:u_hram|mem[8]                     ; 4       ;
; sha256_core:u_core|mc:u_mc|register_file[4][8]            ; 4       ;
; sha256_core:u_core|mc:u_mc|register_file[2][8]            ; 4       ;
; sha256_csr:u_csr|msg_len_q[8]                             ; 4       ;
; sha256_core:u_core|hram:u_hram|mem[7]                     ; 4       ;
; sha256_core:u_core|mc:u_mc|register_file[5][7]            ; 4       ;
; sha256_core:u_core|mc:u_mc|register_file[2][7]            ; 4       ;
; sha256_core:u_core|mc:u_mc|register_file[1][7]            ; 4       ;
; sha256_csr:u_csr|msg_len_q[7]                             ; 4       ;
; sha256_core:u_core|hram:u_hram|mem[6]                     ; 4       ;
; sha256_core:u_core|mc:u_mc|register_file[5][6]            ; 4       ;
; sha256_core:u_core|mc:u_mc|register_file[2][6]            ; 4       ;
; sha256_core:u_core|mc:u_mc|register_file[1][6]            ; 4       ;
; sha256_core:u_core|hram:u_hram|mem[5]                     ; 4       ;
; sha256_core:u_core|mc:u_mc|register_file[5][5]            ; 4       ;
; sha256_core:u_core|mc:u_mc|register_file[1][5]            ; 4       ;
; sha256_core:u_core|mc:u_mc|register_file[5][4]            ; 4       ;
; sha256_core:u_core|mc:u_mc|register_file[2][4]            ; 4       ;
; sha256_core:u_core|hram:u_hram|mem[3]                     ; 4       ;
; sha256_core:u_core|mc:u_mc|register_file[2][3]            ; 4       ;
; sha256_core:u_core|hram:u_hram|mem[2]                     ; 4       ;
; sha256_core:u_core|mc:u_mc|register_file[2][2]            ; 4       ;
; sha256_core:u_core|mc:u_mc|register_file[1][2]            ; 4       ;
; sha256_core:u_core|mc:u_mc|register_file[5][1]            ; 4       ;
; sha256_core:u_core|hram:u_hram|mem[1]                     ; 4       ;
; sha256_core:u_core|mc:u_mc|register_file[2][1]            ; 4       ;
; sha256_core:u_core|mc:u_mc|register_file[1][1]            ; 4       ;
; sha256_core:u_core|mc:u_mc|register_file[5][0]            ; 4       ;
; sha256_core:u_core|mc:u_mc|register_file[2][0]            ; 4       ;
; sha256_core:u_core|wram:u_wram|w[1][31]                   ; 4       ;
; sha256_core:u_core|wram:u_wram|w[14][31]                  ; 4       ;
; sha256_core:u_core|wram:u_wram|w[1][30]                   ; 4       ;
; sha256_core:u_core|wram:u_wram|w[1][29]                   ; 4       ;
; sha256_core:u_core|wram:u_wram|w[14][29]                  ; 4       ;
; sha256_core:u_core|wram:u_wram|w[1][28]                   ; 4       ;
; sha256_core:u_core|wram:u_wram|w[14][28]                  ; 4       ;
; sha256_core:u_core|wram:u_wram|w[1][27]                   ; 4       ;
; sha256_core:u_core|wram:u_wram|w[14][27]                  ; 4       ;
; sha256_core:u_core|wram:u_wram|w[1][15]                   ; 4       ;
; sha256_core:u_core|wram:u_wram|w[14][26]                  ; 4       ;
; sha256_core:u_core|wram:u_wram|w[1][25]                   ; 4       ;
; sha256_core:u_core|wram:u_wram|w[14][16]                  ; 4       ;
; sha256_core:u_core|wram:u_wram|w[14][25]                  ; 4       ;
; sha256_core:u_core|wram:u_wram|w[1][24]                   ; 4       ;
; sha256_core:u_core|wram:u_wram|w[1][13]                   ; 4       ;
; sha256_core:u_core|wram:u_wram|w[14][15]                  ; 4       ;
; sha256_core:u_core|wram:u_wram|w[1][23]                   ; 4       ;
; sha256_core:u_core|wram:u_wram|w[1][11]                   ; 4       ;
; sha256_core:u_core|wram:u_wram|w[14][13]                  ; 4       ;
; sha256_core:u_core|wram:u_wram|w[14][22]                  ; 4       ;
; sha256_core:u_core|wram:u_wram|w[14][21]                  ; 4       ;
; sha256_core:u_core|wram:u_wram|w[1][8]                    ; 4       ;
; sha256_core:u_core|wram:u_wram|w[14][11]                  ; 4       ;
; sha256_core:u_core|wram:u_wram|w[14][20]                  ; 4       ;
; sha256_core:u_core|wram:u_wram|w[14][18]                  ; 4       ;
; sha256_core:u_core|wram:u_wram|w[1][3]                    ; 4       ;
; sha256_core:u_core|wram:u_wram|w[14][17]                  ; 4       ;
; sha256_core:u_core|wram:u_wram|w[14][10]                  ; 4       ;
; sha256_core:u_core|sha256_fsm:u_fsm|keep[1]~DUPLICATE     ; 3       ;
; sha256_core:u_core|sha256_fsm:u_fsm|pad_cnt[3]~DUPLICATE  ; 3       ;
; sha256_core:u_core|mc:u_mc|register_file[1][31]~DUPLICATE ; 3       ;
; sha256_core:u_core|mc:u_mc|register_file[4][30]~DUPLICATE ; 3       ;
; sha256_core:u_core|mc:u_mc|register_file[2][30]~DUPLICATE ; 3       ;
; sha256_core:u_core|mc:u_mc|register_file[4][27]~DUPLICATE ; 3       ;
; sha256_core:u_core|mc:u_mc|register_file[6][25]~DUPLICATE ; 3       ;
; sha256_core:u_core|mc:u_mc|register_file[5][25]~DUPLICATE ; 3       ;
; sha256_core:u_core|mc:u_mc|register_file[2][25]~DUPLICATE ; 3       ;
; sha256_core:u_core|mc:u_mc|register_file[5][24]~DUPLICATE ; 3       ;
; sha256_core:u_core|mc:u_mc|register_file[6][23]~DUPLICATE ; 3       ;
; sha256_core:u_core|mc:u_mc|register_file[1][21]~DUPLICATE ; 3       ;
; sha256_core:u_core|mc:u_mc|register_file[2][20]~DUPLICATE ; 3       ;
; sha256_core:u_core|mc:u_mc|register_file[5][15]~DUPLICATE ; 3       ;
; sha256_core:u_core|mc:u_mc|register_file[5][14]~DUPLICATE ; 3       ;
; sha256_core:u_core|mc:u_mc|register_file[6][12]~DUPLICATE ; 3       ;
; sha256_core:u_core|mc:u_mc|register_file[5][11]~DUPLICATE ; 3       ;
; sha256_core:u_core|mc:u_mc|register_file[6][9]~DUPLICATE  ; 3       ;
; sha256_core:u_core|mc:u_mc|register_file[4][9]~DUPLICATE  ; 3       ;
; sha256_core:u_core|mc:u_mc|register_file[2][9]~DUPLICATE  ; 3       ;
; sha256_core:u_core|mc:u_mc|register_file[5][8]~DUPLICATE  ; 3       ;
; sha256_core:u_core|mc:u_mc|register_file[4][8]~DUPLICATE  ; 3       ;
; sha256_core:u_core|mc:u_mc|register_file[6][7]~DUPLICATE  ; 3       ;
; sha256_core:u_core|mc:u_mc|register_file[2][5]~DUPLICATE  ; 3       ;
; sha256_core:u_core|mc:u_mc|register_file[6][4]~DUPLICATE  ; 3       ;
; sha256_core:u_core|mc:u_mc|register_file[1][4]~DUPLICATE  ; 3       ;
; sha256_core:u_core|mc:u_mc|register_file[1][3]~DUPLICATE  ; 3       ;
; sha256_core:u_core|mc:u_mc|register_file[5][2]~DUPLICATE  ; 3       ;
; sha256_core:u_core|mc:u_mc|register_file[1][0]~DUPLICATE  ; 3       ;
; sha256_core:u_core|wram:u_wram|w[1][14]~DUPLICATE         ; 3       ;
; sha256_core:u_core|wram:u_wram|w[14][24]~DUPLICATE        ; 3       ;
; sha256_core:u_core|wram:u_wram|w[14][23]~DUPLICATE        ; 3       ;
; sha256_core:u_core|wram:u_wram|w[1][5]~DUPLICATE          ; 3       ;
; sha256_core:u_core|sha256_fsm:u_fsm|cyc[4]~DUPLICATE      ; 3       ;
; avs_writedata[31]~input                                   ; 3       ;
; avs_writedata[30]~input                                   ; 3       ;
; avs_writedata[29]~input                                   ; 3       ;
; avs_writedata[28]~input                                   ; 3       ;
; avs_writedata[27]~input                                   ; 3       ;
; avs_writedata[26]~input                                   ; 3       ;
; avs_writedata[25]~input                                   ; 3       ;
; avs_writedata[24]~input                                   ; 3       ;
; avs_writedata[23]~input                                   ; 3       ;
; avs_writedata[22]~input                                   ; 3       ;
; avs_writedata[21]~input                                   ; 3       ;
; avs_writedata[20]~input                                   ; 3       ;
; avs_writedata[19]~input                                   ; 3       ;
; avs_writedata[18]~input                                   ; 3       ;
; avs_writedata[17]~input                                   ; 3       ;
; avs_writedata[16]~input                                   ; 3       ;
; avs_writedata[15]~input                                   ; 3       ;
; avs_writedata[14]~input                                   ; 3       ;
; avs_writedata[13]~input                                   ; 3       ;
; avs_writedata[12]~input                                   ; 3       ;
; avs_writedata[11]~input                                   ; 3       ;
; avs_writedata[10]~input                                   ; 3       ;
; avs_writedata[9]~input                                    ; 3       ;
; avs_writedata[8]~input                                    ; 3       ;
; avs_writedata[7]~input                                    ; 3       ;
; avs_writedata[4]~input                                    ; 3       ;
; sha256_core:u_core|pad_fn:u_pad|comb~4                    ; 3       ;
; sha256_core:u_core|sha256_fsm:u_fsm|inslen                ; 3       ;
; sha256_core:u_core|sha256_fsm:u_fsm|bl~7                  ; 3       ;
; sha256_core:u_core|sha256_fsm:u_fsm|bl~6                  ; 3       ;
; sha256_core:u_core|sha256_fsm:u_fsm|bl~5                  ; 3       ;
; sha256_core:u_core|sha256_fsm:u_fsm|bl~1                  ; 3       ;
; sha256_core:u_core|sha256_fsm:u_fsm|Mux19~1               ; 3       ;
; sha256_core:u_core|sha256_fsm:u_fsm|Mux19~0               ; 3       ;
; sha256_csr:u_csr|start_req_q                              ; 3       ;
; sha256_core:u_core|sha256_fsm:u_fsm|pass2.PASS2_NONE      ; 3       ;
; sha256_csr:u_csr|host_data_r[10]~0                        ; 3       ;
; sha256_csr:u_csr|irq_mask_q[0]~0                          ; 3       ;
; sha256_core:u_core|hram:u_hram|mem[63]                    ; 3       ;
; sha256_core:u_core|hram:u_hram|mem[127]                   ; 3       ;
; sha256_core:u_core|hram:u_hram|mem[159]                   ; 3       ;
; sha256_core:u_core|hram:u_hram|mem[191]                   ; 3       ;
; sha256_core:u_core|hram:u_hram|mem[223]                   ; 3       ;
; sha256_core:u_core|hram:u_hram|mem[255]                   ; 3       ;
; sha256_core:u_core|mc:u_mc|register_file[7][31]           ; 3       ;
; sha256_core:u_core|mc:u_mc|register_file[3][31]           ; 3       ;
; sha256_csr:u_csr|msg_len_q[31]                            ; 3       ;
; sha256_core:u_core|hram:u_hram|mem[62]                    ; 3       ;
; sha256_core:u_core|hram:u_hram|mem[94]                    ; 3       ;
; sha256_core:u_core|hram:u_hram|mem[126]                   ; 3       ;
; sha256_core:u_core|hram:u_hram|mem[158]                   ; 3       ;
; sha256_core:u_core|hram:u_hram|mem[190]                   ; 3       ;
; sha256_core:u_core|hram:u_hram|mem[222]                   ; 3       ;
; sha256_core:u_core|hram:u_hram|mem[254]                   ; 3       ;
; sha256_core:u_core|mc:u_mc|register_file[3][30]           ; 3       ;
; sha256_core:u_core|hram:u_hram|mem[61]                    ; 3       ;
; sha256_core:u_core|hram:u_hram|mem[93]                    ; 3       ;
; sha256_core:u_core|hram:u_hram|mem[125]                   ; 3       ;
; sha256_core:u_core|hram:u_hram|mem[157]                   ; 3       ;
; sha256_core:u_core|hram:u_hram|mem[189]                   ; 3       ;
; sha256_core:u_core|hram:u_hram|mem[221]                   ; 3       ;
; sha256_core:u_core|hram:u_hram|mem[253]                   ; 3       ;
; sha256_core:u_core|mc:u_mc|register_file[7][29]           ; 3       ;
; sha256_core:u_core|mc:u_mc|register_file[3][29]           ; 3       ;
; sha256_core:u_core|mc:u_mc|register_file[0][29]           ; 3       ;
; sha256_core:u_core|hram:u_hram|mem[60]                    ; 3       ;
; sha256_core:u_core|hram:u_hram|mem[92]                    ; 3       ;
; sha256_core:u_core|hram:u_hram|mem[124]                   ; 3       ;
; sha256_core:u_core|hram:u_hram|mem[156]                   ; 3       ;
; sha256_core:u_core|hram:u_hram|mem[188]                   ; 3       ;
; sha256_core:u_core|hram:u_hram|mem[220]                   ; 3       ;
; sha256_core:u_core|hram:u_hram|mem[252]                   ; 3       ;
; sha256_core:u_core|mc:u_mc|register_file[3][28]           ; 3       ;
; sha256_core:u_core|hram:u_hram|mem[59]                    ; 3       ;
; sha256_core:u_core|hram:u_hram|mem[91]                    ; 3       ;
; sha256_core:u_core|hram:u_hram|mem[123]                   ; 3       ;
; sha256_core:u_core|hram:u_hram|mem[155]                   ; 3       ;
; sha256_core:u_core|hram:u_hram|mem[187]                   ; 3       ;
; sha256_core:u_core|hram:u_hram|mem[219]                   ; 3       ;
; sha256_core:u_core|hram:u_hram|mem[251]                   ; 3       ;
; sha256_core:u_core|mc:u_mc|register_file[3][27]           ; 3       ;
; sha256_core:u_core|hram:u_hram|mem[58]                    ; 3       ;
; sha256_core:u_core|hram:u_hram|mem[90]                    ; 3       ;
; sha256_core:u_core|hram:u_hram|mem[122]                   ; 3       ;
; sha256_core:u_core|hram:u_hram|mem[154]                   ; 3       ;
; sha256_core:u_core|hram:u_hram|mem[186]                   ; 3       ;
; sha256_core:u_core|hram:u_hram|mem[218]                   ; 3       ;
; sha256_core:u_core|hram:u_hram|mem[250]                   ; 3       ;
; sha256_core:u_core|mc:u_mc|register_file[7][26]           ; 3       ;
; sha256_core:u_core|mc:u_mc|register_file[5][26]           ; 3       ;
; sha256_core:u_core|mc:u_mc|register_file[3][26]           ; 3       ;
; sha256_core:u_core|hram:u_hram|mem[57]                    ; 3       ;
; sha256_core:u_core|hram:u_hram|mem[89]                    ; 3       ;
; sha256_core:u_core|hram:u_hram|mem[121]                   ; 3       ;
; sha256_core:u_core|hram:u_hram|mem[153]                   ; 3       ;
; sha256_core:u_core|hram:u_hram|mem[185]                   ; 3       ;
; sha256_core:u_core|hram:u_hram|mem[217]                   ; 3       ;
; sha256_core:u_core|hram:u_hram|mem[249]                   ; 3       ;
; sha256_core:u_core|mc:u_mc|register_file[3][25]           ; 3       ;
; sha256_core:u_core|hram:u_hram|mem[24]                    ; 3       ;
; sha256_core:u_core|hram:u_hram|mem[56]                    ; 3       ;
; sha256_core:u_core|hram:u_hram|mem[88]                    ; 3       ;
; sha256_core:u_core|hram:u_hram|mem[120]                   ; 3       ;
; sha256_core:u_core|hram:u_hram|mem[152]                   ; 3       ;
; sha256_core:u_core|hram:u_hram|mem[184]                   ; 3       ;
; sha256_core:u_core|hram:u_hram|mem[216]                   ; 3       ;
; sha256_core:u_core|hram:u_hram|mem[248]                   ; 3       ;
; sha256_core:u_core|mc:u_mc|register_file[7][24]           ; 3       ;
; sha256_core:u_core|mc:u_mc|register_file[6][24]           ; 3       ;
; sha256_core:u_core|mc:u_mc|register_file[3][24]           ; 3       ;
; sha256_core:u_core|hram:u_hram|mem[55]                    ; 3       ;
; sha256_core:u_core|hram:u_hram|mem[87]                    ; 3       ;
; sha256_core:u_core|hram:u_hram|mem[119]                   ; 3       ;
; sha256_core:u_core|hram:u_hram|mem[151]                   ; 3       ;
; sha256_core:u_core|hram:u_hram|mem[183]                   ; 3       ;
; sha256_core:u_core|mc:u_mc|register_file[7][23]           ; 3       ;
; sha256_core:u_core|mc:u_mc|register_file[3][23]           ; 3       ;
; sha256_core:u_core|hram:u_hram|mem[54]                    ; 3       ;
; sha256_core:u_core|hram:u_hram|mem[86]                    ; 3       ;
; sha256_core:u_core|hram:u_hram|mem[118]                   ; 3       ;
; sha256_core:u_core|hram:u_hram|mem[150]                   ; 3       ;
; sha256_core:u_core|hram:u_hram|mem[182]                   ; 3       ;
; sha256_core:u_core|hram:u_hram|mem[214]                   ; 3       ;
; sha256_core:u_core|hram:u_hram|mem[246]                   ; 3       ;
; sha256_core:u_core|mc:u_mc|register_file[7][22]           ; 3       ;
; sha256_core:u_core|mc:u_mc|register_file[3][22]           ; 3       ;
; sha256_core:u_core|hram:u_hram|mem[53]                    ; 3       ;
; sha256_core:u_core|hram:u_hram|mem[85]                    ; 3       ;
; sha256_core:u_core|hram:u_hram|mem[149]                   ; 3       ;
; sha256_core:u_core|hram:u_hram|mem[181]                   ; 3       ;
; sha256_core:u_core|hram:u_hram|mem[213]                   ; 3       ;
; sha256_core:u_core|hram:u_hram|mem[245]                   ; 3       ;
; sha256_core:u_core|mc:u_mc|register_file[3][21]           ; 3       ;
; sha256_core:u_core|hram:u_hram|mem[52]                    ; 3       ;
; sha256_core:u_core|hram:u_hram|mem[116]                   ; 3       ;
; sha256_core:u_core|hram:u_hram|mem[148]                   ; 3       ;
; sha256_core:u_core|hram:u_hram|mem[180]                   ; 3       ;
; sha256_core:u_core|hram:u_hram|mem[212]                   ; 3       ;
; sha256_core:u_core|hram:u_hram|mem[244]                   ; 3       ;
; sha256_core:u_core|mc:u_mc|register_file[7][20]           ; 3       ;
; sha256_core:u_core|hram:u_hram|mem[51]                    ; 3       ;
; sha256_core:u_core|hram:u_hram|mem[83]                    ; 3       ;
; sha256_core:u_core|hram:u_hram|mem[115]                   ; 3       ;
; sha256_core:u_core|hram:u_hram|mem[147]                   ; 3       ;
; sha256_core:u_core|hram:u_hram|mem[179]                   ; 3       ;
; sha256_core:u_core|hram:u_hram|mem[211]                   ; 3       ;
; sha256_core:u_core|hram:u_hram|mem[243]                   ; 3       ;
; sha256_core:u_core|mc:u_mc|register_file[7][19]           ; 3       ;
; sha256_core:u_core|mc:u_mc|register_file[3][19]           ; 3       ;
; sha256_core:u_core|hram:u_hram|mem[50]                    ; 3       ;
; sha256_core:u_core|hram:u_hram|mem[82]                    ; 3       ;
; sha256_core:u_core|hram:u_hram|mem[114]                   ; 3       ;
; sha256_core:u_core|hram:u_hram|mem[146]                   ; 3       ;
; sha256_core:u_core|hram:u_hram|mem[178]                   ; 3       ;
; sha256_core:u_core|hram:u_hram|mem[210]                   ; 3       ;
; sha256_core:u_core|hram:u_hram|mem[242]                   ; 3       ;
; sha256_core:u_core|mc:u_mc|register_file[7][18]           ; 3       ;
; sha256_core:u_core|mc:u_mc|register_file[3][18]           ; 3       ;
; sha256_core:u_core|hram:u_hram|mem[49]                    ; 3       ;
; sha256_core:u_core|hram:u_hram|mem[81]                    ; 3       ;
; sha256_core:u_core|hram:u_hram|mem[113]                   ; 3       ;
; sha256_core:u_core|hram:u_hram|mem[145]                   ; 3       ;
; sha256_core:u_core|hram:u_hram|mem[177]                   ; 3       ;
; sha256_core:u_core|hram:u_hram|mem[209]                   ; 3       ;
; sha256_core:u_core|hram:u_hram|mem[241]                   ; 3       ;
; sha256_core:u_core|mc:u_mc|register_file[7][17]           ; 3       ;
; sha256_core:u_core|mc:u_mc|register_file[3][17]           ; 3       ;
; sha256_core:u_core|mc:u_mc|register_file[2][17]           ; 3       ;
; sha256_core:u_core|hram:u_hram|mem[48]                    ; 3       ;
; sha256_core:u_core|hram:u_hram|mem[80]                    ; 3       ;
; sha256_core:u_core|hram:u_hram|mem[112]                   ; 3       ;
; sha256_core:u_core|hram:u_hram|mem[144]                   ; 3       ;
; sha256_core:u_core|hram:u_hram|mem[176]                   ; 3       ;
; sha256_core:u_core|hram:u_hram|mem[208]                   ; 3       ;
; sha256_core:u_core|hram:u_hram|mem[240]                   ; 3       ;
; sha256_core:u_core|mc:u_mc|register_file[7][16]           ; 3       ;
; sha256_core:u_core|mc:u_mc|register_file[3][16]           ; 3       ;
; sha256_core:u_core|hram:u_hram|mem[47]                    ; 3       ;
; sha256_core:u_core|hram:u_hram|mem[79]                    ; 3       ;
; sha256_core:u_core|hram:u_hram|mem[111]                   ; 3       ;
; sha256_core:u_core|hram:u_hram|mem[143]                   ; 3       ;
; sha256_core:u_core|hram:u_hram|mem[175]                   ; 3       ;
; sha256_core:u_core|hram:u_hram|mem[207]                   ; 3       ;
; sha256_core:u_core|hram:u_hram|mem[239]                   ; 3       ;
; sha256_core:u_core|mc:u_mc|register_file[7][15]           ; 3       ;
; sha256_core:u_core|mc:u_mc|register_file[3][15]           ; 3       ;
; sha256_core:u_core|hram:u_hram|mem[46]                    ; 3       ;
; sha256_core:u_core|hram:u_hram|mem[78]                    ; 3       ;
; sha256_core:u_core|hram:u_hram|mem[110]                   ; 3       ;
; sha256_core:u_core|hram:u_hram|mem[142]                   ; 3       ;
; sha256_core:u_core|hram:u_hram|mem[206]                   ; 3       ;
; sha256_core:u_core|hram:u_hram|mem[238]                   ; 3       ;
; sha256_core:u_core|mc:u_mc|register_file[7][14]           ; 3       ;
; sha256_core:u_core|mc:u_mc|register_file[3][14]           ; 3       ;
; sha256_core:u_core|hram:u_hram|mem[45]                    ; 3       ;
; sha256_core:u_core|hram:u_hram|mem[77]                    ; 3       ;
; sha256_core:u_core|hram:u_hram|mem[109]                   ; 3       ;
; sha256_core:u_core|hram:u_hram|mem[141]                   ; 3       ;
; sha256_core:u_core|hram:u_hram|mem[173]                   ; 3       ;
; sha256_core:u_core|hram:u_hram|mem[205]                   ; 3       ;
; sha256_core:u_core|hram:u_hram|mem[237]                   ; 3       ;
; sha256_core:u_core|mc:u_mc|register_file[7][13]           ; 3       ;
; sha256_core:u_core|mc:u_mc|register_file[4][13]           ; 3       ;
; sha256_core:u_core|mc:u_mc|register_file[3][13]           ; 3       ;
; sha256_core:u_core|hram:u_hram|mem[140]                   ; 3       ;
; sha256_core:u_core|hram:u_hram|mem[172]                   ; 3       ;
; sha256_core:u_core|hram:u_hram|mem[204]                   ; 3       ;
; sha256_core:u_core|hram:u_hram|mem[236]                   ; 3       ;
; sha256_core:u_core|hram:u_hram|mem[12]                    ; 3       ;
; sha256_core:u_core|hram:u_hram|mem[44]                    ; 3       ;
; sha256_core:u_core|hram:u_hram|mem[76]                    ; 3       ;
; sha256_core:u_core|hram:u_hram|mem[108]                   ; 3       ;
; sha256_core:u_core|mc:u_mc|register_file[3][12]           ; 3       ;
; sha256_core:u_core|hram:u_hram|mem[139]                   ; 3       ;
; sha256_core:u_core|hram:u_hram|mem[171]                   ; 3       ;
; sha256_core:u_core|hram:u_hram|mem[203]                   ; 3       ;
; sha256_core:u_core|hram:u_hram|mem[235]                   ; 3       ;
; sha256_core:u_core|hram:u_hram|mem[43]                    ; 3       ;
; sha256_core:u_core|hram:u_hram|mem[75]                    ; 3       ;
; sha256_core:u_core|hram:u_hram|mem[107]                   ; 3       ;
; sha256_core:u_core|mc:u_mc|register_file[7][11]           ; 3       ;
; sha256_core:u_core|mc:u_mc|register_file[3][11]           ; 3       ;
; sha256_core:u_core|hram:u_hram|mem[138]                   ; 3       ;
; sha256_core:u_core|hram:u_hram|mem[170]                   ; 3       ;
; sha256_core:u_core|hram:u_hram|mem[202]                   ; 3       ;
; sha256_core:u_core|hram:u_hram|mem[234]                   ; 3       ;
; sha256_core:u_core|hram:u_hram|mem[42]                    ; 3       ;
; sha256_core:u_core|hram:u_hram|mem[74]                    ; 3       ;
; sha256_core:u_core|hram:u_hram|mem[106]                   ; 3       ;
; sha256_core:u_core|mc:u_mc|register_file[7][10]           ; 3       ;
; sha256_core:u_core|mc:u_mc|register_file[3][10]           ; 3       ;
; sha256_core:u_core|hram:u_hram|mem[137]                   ; 3       ;
; sha256_core:u_core|hram:u_hram|mem[169]                   ; 3       ;
; sha256_core:u_core|hram:u_hram|mem[201]                   ; 3       ;
; sha256_core:u_core|hram:u_hram|mem[233]                   ; 3       ;
; sha256_core:u_core|hram:u_hram|mem[41]                    ; 3       ;
; sha256_core:u_core|hram:u_hram|mem[73]                    ; 3       ;
; sha256_core:u_core|hram:u_hram|mem[105]                   ; 3       ;
; sha256_core:u_core|mc:u_mc|register_file[7][9]            ; 3       ;
; sha256_core:u_core|hram:u_hram|mem[136]                   ; 3       ;
; sha256_core:u_core|hram:u_hram|mem[168]                   ; 3       ;
; sha256_core:u_core|hram:u_hram|mem[200]                   ; 3       ;
; sha256_core:u_core|hram:u_hram|mem[232]                   ; 3       ;
; sha256_core:u_core|hram:u_hram|mem[40]                    ; 3       ;
; sha256_core:u_core|hram:u_hram|mem[72]                    ; 3       ;
; sha256_core:u_core|hram:u_hram|mem[104]                   ; 3       ;
; sha256_core:u_core|hram:u_hram|mem[135]                   ; 3       ;
; sha256_core:u_core|hram:u_hram|mem[167]                   ; 3       ;
; sha256_core:u_core|hram:u_hram|mem[199]                   ; 3       ;
; sha256_core:u_core|hram:u_hram|mem[231]                   ; 3       ;
; sha256_core:u_core|hram:u_hram|mem[39]                    ; 3       ;
; sha256_core:u_core|hram:u_hram|mem[71]                    ; 3       ;
; sha256_core:u_core|hram:u_hram|mem[103]                   ; 3       ;
; sha256_core:u_core|mc:u_mc|register_file[7][7]            ; 3       ;
; sha256_core:u_core|mc:u_mc|register_file[3][7]            ; 3       ;
; sha256_core:u_core|hram:u_hram|mem[38]                    ; 3       ;
; sha256_core:u_core|hram:u_hram|mem[70]                    ; 3       ;
; sha256_core:u_core|hram:u_hram|mem[102]                   ; 3       ;
; sha256_core:u_core|hram:u_hram|mem[134]                   ; 3       ;
; sha256_core:u_core|hram:u_hram|mem[166]                   ; 3       ;
; sha256_core:u_core|hram:u_hram|mem[198]                   ; 3       ;
; sha256_core:u_core|hram:u_hram|mem[230]                   ; 3       ;
; sha256_csr:u_csr|msg_len_q[6]                             ; 3       ;
; sha256_core:u_core|hram:u_hram|mem[37]                    ; 3       ;
; sha256_core:u_core|hram:u_hram|mem[69]                    ; 3       ;
; sha256_core:u_core|hram:u_hram|mem[101]                   ; 3       ;
; sha256_core:u_core|hram:u_hram|mem[133]                   ; 3       ;
; sha256_core:u_core|hram:u_hram|mem[165]                   ; 3       ;
; sha256_core:u_core|hram:u_hram|mem[197]                   ; 3       ;
; sha256_core:u_core|hram:u_hram|mem[229]                   ; 3       ;
; sha256_core:u_core|mc:u_mc|register_file[7][5]            ; 3       ;
; sha256_core:u_core|mc:u_mc|register_file[3][5]            ; 3       ;
; sha256_csr:u_csr|msg_len_q[5]                             ; 3       ;
; sha256_core:u_core|hram:u_hram|mem[132]                   ; 3       ;
; sha256_core:u_core|hram:u_hram|mem[164]                   ; 3       ;
; sha256_core:u_core|hram:u_hram|mem[196]                   ; 3       ;
; sha256_core:u_core|hram:u_hram|mem[228]                   ; 3       ;
; sha256_core:u_core|hram:u_hram|mem[36]                    ; 3       ;
; sha256_core:u_core|hram:u_hram|mem[68]                    ; 3       ;
; sha256_core:u_core|hram:u_hram|mem[100]                   ; 3       ;
; sha256_core:u_core|mc:u_mc|register_file[7][4]            ; 3       ;
; sha256_core:u_core|mc:u_mc|register_file[3][4]            ; 3       ;
; sha256_csr:u_csr|msg_len_q[4]                             ; 3       ;
; sha256_core:u_core|hram:u_hram|mem[131]                   ; 3       ;
; sha256_core:u_core|hram:u_hram|mem[163]                   ; 3       ;
; sha256_core:u_core|hram:u_hram|mem[195]                   ; 3       ;
; sha256_core:u_core|hram:u_hram|mem[227]                   ; 3       ;
; sha256_core:u_core|hram:u_hram|mem[35]                    ; 3       ;
; sha256_core:u_core|hram:u_hram|mem[67]                    ; 3       ;
; sha256_core:u_core|hram:u_hram|mem[99]                    ; 3       ;
; sha256_core:u_core|mc:u_mc|register_file[7][3]            ; 3       ;
; sha256_core:u_core|mc:u_mc|register_file[3][3]            ; 3       ;
; sha256_csr:u_csr|msg_len_q[3]                             ; 3       ;
; sha256_core:u_core|mc:u_mc|register_file[7][2]            ; 3       ;
; sha256_core:u_core|hram:u_hram|mem[34]                    ; 3       ;
; sha256_core:u_core|hram:u_hram|mem[66]                    ; 3       ;
; sha256_core:u_core|hram:u_hram|mem[98]                    ; 3       ;
; sha256_core:u_core|mc:u_mc|register_file[3][2]            ; 3       ;
; sha256_core:u_core|hram:u_hram|mem[130]                   ; 3       ;
; sha256_core:u_core|hram:u_hram|mem[162]                   ; 3       ;
; sha256_core:u_core|hram:u_hram|mem[194]                   ; 3       ;
; sha256_csr:u_csr|msg_len_q[2]                             ; 3       ;
; sha256_core:u_core|mc:u_mc|register_file[7][1]            ; 3       ;
; sha256_core:u_core|hram:u_hram|mem[33]                    ; 3       ;
; sha256_core:u_core|hram:u_hram|mem[65]                    ; 3       ;
; sha256_core:u_core|hram:u_hram|mem[97]                    ; 3       ;
; sha256_core:u_core|mc:u_mc|register_file[3][1]            ; 3       ;
; sha256_core:u_core|hram:u_hram|mem[129]                   ; 3       ;
; sha256_core:u_core|hram:u_hram|mem[161]                   ; 3       ;
; sha256_core:u_core|hram:u_hram|mem[193]                   ; 3       ;
; sha256_core:u_core|hram:u_hram|mem[225]                   ; 3       ;
; sha256_csr:u_csr|msg_len_q[1]                             ; 3       ;
; sha256_core:u_core|mc:u_mc|register_file[7][0]            ; 3       ;
; sha256_csr:u_csr|avs_readdata[2]~7                        ; 3       ;
; sha256_csr:u_csr|avs_readdata[2]~6                        ; 3       ;
; sha256_csr:u_csr|avs_readdata[2]~5                        ; 3       ;
; sha256_csr:u_csr|avs_readdata[2]~4                        ; 3       ;
; sha256_core:u_core|hram:u_hram|mem[32]                    ; 3       ;
; sha256_core:u_core|hram:u_hram|mem[64]                    ; 3       ;
; sha256_core:u_core|hram:u_hram|mem[96]                    ; 3       ;
; sha256_core:u_core|mc:u_mc|register_file[3][0]            ; 3       ;
; sha256_csr:u_csr|avs_readdata[2]~3                        ; 3       ;
; sha256_csr:u_csr|avs_readdata[2]~2                        ; 3       ;
; sha256_core:u_core|hram:u_hram|mem[128]                   ; 3       ;
; sha256_core:u_core|hram:u_hram|mem[160]                   ; 3       ;
; sha256_core:u_core|hram:u_hram|mem[192]                   ; 3       ;
; sha256_core:u_core|hram:u_hram|mem[224]                   ; 3       ;
; sha256_csr:u_csr|avs_readdata[2]~1                        ; 3       ;
; sha256_csr:u_csr|avs_readdata[2]~0                        ; 3       ;
; sha256_csr:u_csr|msg_len_q[0]                             ; 3       ;
; sha256_csr:u_csr|msg_done_q                               ; 3       ;
; sha256_csr:u_csr|block_done_q                             ; 3       ;
; sha256_core:u_core|wram:u_wram|w[14][9]                   ; 3       ;
; sha256_core:u_core|wram:u_wram|w[14][8]                   ; 3       ;
; sha256_core:u_core|wram:u_wram|w[14][7]                   ; 3       ;
; sha256_core:u_core|wram:u_wram|w[14][6]                   ; 3       ;
; sha256_core:u_core|wram:u_wram|w[14][5]                   ; 3       ;
; sha256_core:u_core|wram:u_wram|w[14][4]                   ; 3       ;
; sha256_core:u_core|wram:u_wram|w[14][2]                   ; 3       ;
; sha256_core:u_core|wram:u_wram|w[1][1]                    ; 3       ;
; sha256_core:u_core|wram:u_wram|w[14][1]                   ; 3       ;
; sha256_core:u_core|wram:u_wram|w[1][0]                    ; 3       ;
; sha256_core:u_core|wram:u_wram|w[1][20]                   ; 3       ;
; sha256_core:u_core|sha256_fsm:u_fsm|bytes_left[22]        ; 3       ;
; sha256_core:u_core|sha256_fsm:u_fsm|bytes_left[21]        ; 3       ;
; sha256_core:u_core|sha256_fsm:u_fsm|bytes_left[20]        ; 3       ;
; sha256_core:u_core|sha256_fsm:u_fsm|bytes_left[19]        ; 3       ;
; sha256_core:u_core|sha256_fsm:u_fsm|bytes_left[24]        ; 3       ;
; sha256_core:u_core|sha256_fsm:u_fsm|bytes_left[23]        ; 3       ;
; sha256_core:u_core|sha256_fsm:u_fsm|bytes_left[26]        ; 3       ;
; sha256_core:u_core|sha256_fsm:u_fsm|bytes_left[25]        ; 3       ;
; sha256_core:u_core|sha256_fsm:u_fsm|bytes_left[28]        ; 3       ;
; sha256_core:u_core|sha256_fsm:u_fsm|bytes_left[27]        ; 3       ;
; sha256_core:u_core|sha256_fsm:u_fsm|bytes_left[30]        ; 3       ;
; sha256_core:u_core|sha256_fsm:u_fsm|bytes_left[29]        ; 3       ;
; sha256_core:u_core|sha256_fsm:u_fsm|bytes_left[10]        ; 3       ;
; sha256_core:u_core|sha256_fsm:u_fsm|bytes_left[8]         ; 3       ;
; sha256_core:u_core|sha256_fsm:u_fsm|bytes_left[7]         ; 3       ;
; sha256_core:u_core|sha256_fsm:u_fsm|bytes_left[12]        ; 3       ;
; sha256_core:u_core|sha256_fsm:u_fsm|bytes_left[11]        ; 3       ;
; sha256_core:u_core|sha256_fsm:u_fsm|bytes_left[14]        ; 3       ;
; sha256_core:u_core|sha256_fsm:u_fsm|bytes_left[16]        ; 3       ;
; sha256_core:u_core|sha256_fsm:u_fsm|bytes_left[15]        ; 3       ;
; sha256_core:u_core|sha256_fsm:u_fsm|bytes_left[18]        ; 3       ;
; sha256_core:u_core|sha256_fsm:u_fsm|bytes_left[17]        ; 3       ;
; sha256_core:u_core|sha256_fsm:u_fsm|leg_prep              ; 3       ;
; sha256_core:u_core|mc:u_mc|register_file[7][28]~DUPLICATE ; 2       ;
; sha256_core:u_core|mc:u_mc|register_file[2][28]~DUPLICATE ; 2       ;
; sha256_core:u_core|mc:u_mc|register_file[7][27]~DUPLICATE ; 2       ;
; sha256_core:u_core|mc:u_mc|register_file[1][27]~DUPLICATE ; 2       ;
; sha256_core:u_core|mc:u_mc|register_file[0][27]~DUPLICATE ; 2       ;
; sha256_core:u_core|mc:u_mc|register_file[7][25]~DUPLICATE ; 2       ;
; sha256_core:u_core|mc:u_mc|register_file[6][24]~DUPLICATE ; 2       ;
; sha256_core:u_core|mc:u_mc|register_file[2][24]~DUPLICATE ; 2       ;
; sha256_core:u_core|mc:u_mc|register_file[4][22]~DUPLICATE ; 2       ;
; sha256_core:u_core|mc:u_mc|register_file[2][18]~DUPLICATE ; 2       ;
; sha256_core:u_core|mc:u_mc|register_file[1][18]~DUPLICATE ; 2       ;
; sha256_core:u_core|mc:u_mc|register_file[1][17]~DUPLICATE ; 2       ;
; sha256_core:u_core|mc:u_mc|register_file[5][16]~DUPLICATE ; 2       ;
; sha256_core:u_core|mc:u_mc|register_file[1][15]~DUPLICATE ; 2       ;
; sha256_core:u_core|mc:u_mc|register_file[7][12]~DUPLICATE ; 2       ;
; sha256_core:u_core|mc:u_mc|register_file[3][9]~DUPLICATE  ; 2       ;
; sha256_core:u_core|mc:u_mc|register_file[7][8]~DUPLICATE  ; 2       ;
; sha256_core:u_core|mc:u_mc|register_file[3][8]~DUPLICATE  ; 2       ;
; sha256_core:u_core|mc:u_mc|register_file[1][8]~DUPLICATE  ; 2       ;
; sha256_core:u_core|mc:u_mc|register_file[7][6]~DUPLICATE  ; 2       ;
; sha256_core:u_core|mc:u_mc|register_file[3][6]~DUPLICATE  ; 2       ;
; sha256_core:u_core|mc:u_mc|register_file[4][5]~DUPLICATE  ; 2       ;
; sha256_core:u_core|hram:u_hram|mem[4]~DUPLICATE           ; 2       ;
; sha256_core:u_core|mc:u_mc|register_file[5][3]~DUPLICATE  ; 2       ;
; sha256_core:u_core|hram:u_hram|mem[0]~DUPLICATE           ; 2       ;
; sha256_core:u_core|wram:u_wram|w[14][3]~DUPLICATE         ; 2       ;
; sha256_core:u_core|wram:u_wram|w[1][2]~DUPLICATE          ; 2       ;
; sha256_core:u_core|wram:u_wram|w[14][0]~DUPLICATE         ; 2       ;
; sha256_core:u_core|wram:u_wram|w[14][30]~DUPLICATE        ; 2       ;
; sha256_core:u_core|wram:u_wram|w[1][12]~DUPLICATE         ; 2       ;
; sha256_core:u_core|wram:u_wram|w[14][14]~DUPLICATE        ; 2       ;
; sha256_core:u_core|wram:u_wram|w[1][22]~DUPLICATE         ; 2       ;
; sha256_core:u_core|wram:u_wram|w[14][12]~DUPLICATE        ; 2       ;
; sha256_core:u_core|wram:u_wram|w[1][9]~DUPLICATE          ; 2       ;
; sha256_core:u_core|wram:u_wram|w[1][20]~DUPLICATE         ; 2       ;
; sha256_core:u_core|wram:u_wram|w[1][7]~DUPLICATE          ; 2       ;
; sha256_core:u_core|wram:u_wram|w[14][19]~DUPLICATE        ; 2       ;
; sha256_core:u_core|sha256_fsm:u_fsm|cyc[0]~DUPLICATE      ; 2       ;
; sha256_core:u_core|sha256_fsm:u_fsm|pass2.PASS2_FULL      ; 2       ;
; sha256_core:u_core|sha256_fsm:u_fsm|Mux24~0               ; 2       ;
; sha256_core:u_core|sha256_fsm:u_fsm|ins80~0               ; 2       ;
; sha256_core:u_core|sha256_fsm:u_fsm|inslen~1              ; 2       ;
; sha256_core:u_core|sha256_fsm:u_fsm|ins80                 ; 2       ;
; sha256_core:u_core|sha256_fsm:u_fsm|keep[2]               ; 2       ;
; sha256_core:u_core|sha256_fsm:u_fsm|keep[3]               ; 2       ;
; sha256_core:u_core|sha256_fsm:u_fsm|keep[4]               ; 2       ;
; sha256_core:u_core|sha256_fsm:u_fsm|keep[5]               ; 2       ;
; sha256_csr:u_csr|host_data_r[10]~1                        ; 2       ;
; sha256_core:u_core|sha256_fsm:u_fsm|Mux10~1               ; 2       ;
; sha256_core:u_core|sha256_fsm:u_fsm|bl~18                 ; 2       ;
; sha256_core:u_core|sha256_fsm:u_fsm|bl~12                 ; 2       ;
; sha256_core:u_core|sha256_fsm:u_fsm|cls.CLS_DATA          ; 2       ;
; sha256_core:u_core|sha256_fsm:u_fsm|Mux28~0               ; 2       ;
; sha256_core:u_core|sha256_fsm:u_fsm|LessThan1~0           ; 2       ;
; sha256_core:u_core|sha256_fsm:u_fsm|state~2               ; 2       ;
; sha256_core:u_core|sha256_fsm:u_fsm|Equal3~0              ; 2       ;
; sha256_core:u_core|sha256_fsm:u_fsm|Equal1~14             ; 2       ;
; sha256_core:u_core|sha256_fsm:u_fsm|Equal1~7              ; 2       ;
; sha256_core:u_core|sha256_fsm:u_fsm|pad_cnt[3]            ; 2       ;
; sha256_core:u_core|sha256_fsm:u_fsm|Mux19~2               ; 2       ;
; sha256_core:u_core|sha256_fsm:u_fsm|hram_we~1             ; 2       ;
; sha256_core:u_core|mc:u_mc|register_file~270              ; 2       ;
; sha256_core:u_core|mc:u_mc|register_file~268              ; 2       ;
; sha256_core:u_core|mc:u_mc|register_file~267              ; 2       ;
; sha256_core:u_core|mc:u_mc|register_file~264              ; 2       ;
; sha256_core:u_core|mc:u_mc|register_file~262              ; 2       ;
; sha256_core:u_core|mc:u_mc|register_file~256              ; 2       ;
; sha256_core:u_core|mc:u_mc|register_file~252              ; 2       ;
; sha256_core:u_core|mc:u_mc|register_file~251              ; 2       ;
; sha256_core:u_core|mc:u_mc|register_file~248              ; 2       ;
; sha256_core:u_core|mc:u_mc|register_file~246              ; 2       ;
; sha256_core:u_core|mc:u_mc|register_file~243              ; 2       ;
; sha256_core:u_core|mc:u_mc|register_file~240              ; 2       ;
; sha256_core:u_core|mc:u_mc|register_file~237              ; 2       ;
; sha256_core:u_core|mc:u_mc|register_file~236              ; 2       ;
; sha256_core:u_core|mc:u_mc|register_file~233              ; 2       ;
; sha256_core:u_core|mc:u_mc|register_file~227              ; 2       ;
; sha256_core:u_core|mc:u_mc|register_file~226              ; 2       ;
; sha256_core:u_core|mc:u_mc|register_file~225              ; 2       ;
; sha256_core:u_core|mc:u_mc|register_file~224              ; 2       ;
; sha256_core:u_core|mc:u_mc|register_file~221              ; 2       ;
; sha256_core:u_core|mc:u_mc|register_file~219              ; 2       ;
; sha256_core:u_core|mc:u_mc|register_file~217              ; 2       ;
; sha256_core:u_core|mc:u_mc|register_file~216              ; 2       ;
; sha256_core:u_core|mc:u_mc|register_file~213              ; 2       ;
; sha256_core:u_core|mc:u_mc|register_file~209              ; 2       ;
; sha256_core:u_core|mc:u_mc|register_file~202              ; 2       ;
; sha256_core:u_core|mc:u_mc|register_file~198              ; 2       ;
; sha256_core:u_core|mc:u_mc|register_file~193              ; 2       ;
; sha256_core:u_core|mc:u_mc|register_file~192              ; 2       ;
; sha256_core:u_core|mc:u_mc|register_file~186              ; 2       ;
; sha256_core:u_core|mc:u_mc|register_file~185              ; 2       ;
; sha256_core:u_core|mc:u_mc|register_file~184              ; 2       ;
; sha256_core:u_core|mc:u_mc|register_file~179              ; 2       ;
; sha256_core:u_core|mc:u_mc|register_file~178              ; 2       ;
; sha256_core:u_core|mc:u_mc|register_file~175              ; 2       ;
; sha256_core:u_core|mc:u_mc|register_file~171              ; 2       ;
; sha256_core:u_core|mc:u_mc|register_file~161              ; 2       ;
; sha256_core:u_core|mc:u_mc|register_file~159              ; 2       ;
; sha256_core:u_core|mc:u_mc|register_file~158              ; 2       ;
; sha256_core:u_core|mc:u_mc|register_file~155              ; 2       ;
; sha256_core:u_core|mc:u_mc|register_file~151              ; 2       ;
; sha256_core:u_core|mc:u_mc|register_file~150              ; 2       ;
; sha256_core:u_core|mc:u_mc|register_file~146              ; 2       ;
; sha256_core:u_core|mc:u_mc|register_file~145              ; 2       ;
; sha256_core:u_core|mc:u_mc|register_file~138              ; 2       ;
; sha256_core:u_core|mc:u_mc|register_file~134              ; 2       ;
; sha256_core:u_core|mc:u_mc|register_file~131              ; 2       ;
; sha256_core:u_core|mc:u_mc|register_file~130              ; 2       ;
; sha256_core:u_core|mc:u_mc|register_file~121              ; 2       ;
; sha256_core:u_core|mc:u_mc|register_file~116              ; 2       ;
; sha256_core:u_core|mc:u_mc|register_file~115              ; 2       ;
; sha256_core:u_core|mc:u_mc|register_file~106              ; 2       ;
; sha256_core:u_core|mc:u_mc|register_file~105              ; 2       ;
; sha256_core:u_core|mc:u_mc|register_file~97               ; 2       ;
; sha256_core:u_core|mc:u_mc|register_file~91               ; 2       ;
; sha256_core:u_core|mc:u_mc|register_file~89               ; 2       ;
; sha256_core:u_core|mc:u_mc|register_file~88               ; 2       ;
; sha256_core:u_core|mc:u_mc|register_file~87               ; 2       ;
; sha256_core:u_core|mc:u_mc|register_file~85               ; 2       ;
; sha256_core:u_core|mc:u_mc|register_file~84               ; 2       ;
; sha256_core:u_core|mc:u_mc|register_file~82               ; 2       ;
; sha256_core:u_core|mc:u_mc|register_file~81               ; 2       ;
; sha256_core:u_core|mc:u_mc|register_file~80               ; 2       ;
; sha256_core:u_core|mc:u_mc|register_file~78               ; 2       ;
; sha256_core:u_core|mc:u_mc|register_file~75               ; 2       ;
; sha256_core:u_core|mc:u_mc|register_file~68               ; 2       ;
; sha256_core:u_core|mc:u_mc|register_file~64               ; 2       ;
; sha256_core:u_core|mc:u_mc|register_file~59               ; 2       ;
; sha256_core:u_core|mc:u_mc|register_file~57               ; 2       ;
; sha256_core:u_core|mc:u_mc|register_file~55               ; 2       ;
; sha256_core:u_core|mc:u_mc|register_file~51               ; 2       ;
; sha256_core:u_core|mc:u_mc|register_file~46               ; 2       ;
; sha256_csr:u_csr|start_req_q~0                            ; 2       ;
; sha256_core:u_core|mc:u_mc|register_file~42               ; 2       ;
; sha256_core:u_core|mc:u_mc|register_file~38               ; 2       ;
; sha256_core:u_core|mc:u_mc|register_file~37               ; 2       ;
; sha256_core:u_core|mc:u_mc|register_file~35               ; 2       ;
; sha256_core:u_core|mc:u_mc|register_file~34               ; 2       ;
; sha256_core:u_core|mc:u_mc|register_file~33               ; 2       ;
; sha256_core:u_core|mc:u_mc|register_file~27               ; 2       ;
; sha256_core:u_core|mc:u_mc|register_file~25               ; 2       ;
; sha256_core:u_core|mc:u_mc|register_file~21               ; 2       ;
; sha256_core:u_core|mc:u_mc|register_file~12               ; 2       ;
; sha256_core:u_core|mc:u_mc|register_file~4                ; 2       ;
; sha256_csr:u_csr|leg_we_r~0                               ; 2       ;
; sha256_csr:u_csr|block_done_q~0                           ; 2       ;
; sha256_core:u_core|hram:u_hram|mem[95]                    ; 2       ;
; sha256_core:u_core|mc:u_mc|register_file[9][31]           ; 2       ;
; sha256_core:u_core|mc:u_mc|register_file[8][31]           ; 2       ;
; sha256_core:u_core|mc:u_mc|register_file[9][30]           ; 2       ;
+-----------------------------------------------------------+---------+


+-----------------------------------------------------------------------------------------------------------------------------------------------------------------------------------------------------------------------------------------------------------------------------------------------------------------------------------------------------------------------------------------------------------------------------------------------------------------------------------------------------------------------------------------------------------------------------------------------------------------------------+
; Fitter RAM Summary                                                                                                                                                                                                                                                                                                                                                                                                                                                                                                                                                                                                          ;
+------------------------------------------------------------------------------------------------+------------+------+--------------+--------------+--------------+--------------+--------------+------------------------+-------------------------+------------------------+-------------------------+------+-----------------------------+-----------------------------+-----------------------------+-----------------------------+---------------------+-------------+------------+------------------------------------------+-----------------+----------------------+-----------------+-----------------+---------------+
; Name                                                                                           ; Type       ; Mode ; Clock Mode   ; Port A Depth ; Port A Width ; Port B Depth ; Port B Width ; Port A Input Registers ; Port A Output Registers ; Port B Input Registers ; Port B Output Registers ; Size ; Implementation Port A Depth ; Implementation Port A Width ; Implementation Port B Depth ; Implementation Port B Width ; Implementation Bits ; M10K blocks ; MLAB cells ; MIF                                      ; Location        ; Mixed Width RDW Mode ; Port A RDW Mode ; Port B RDW Mode ; Fits in MLABs ;
+------------------------------------------------------------------------------------------------+------------+------+--------------+--------------+--------------+--------------+--------------+------------------------+-------------------------+------------------------+-------------------------+------+-----------------------------+-----------------------------+-----------------------------+-----------------------------+---------------------+-------------+------------+------------------------------------------+-----------------+----------------------+-----------------+-----------------+---------------+
; sha256_core:u_core|k_rom:u_krom|altsyncram:rom_rtl_0|altsyncram_6ue1:auto_generated|ALTSYNCRAM ; M10K block ; ROM  ; Single Clock ; 64           ; 32           ; --           ; --           ; yes                    ; no                      ; --                     ; --                      ; 2048 ; 64                          ; 32                          ; --                          ; --                          ; 2048                ; 1           ; 0          ; db/sha256_soc.ram0_k_rom_6de903c.hdl.mif ; M10K_X49_Y17_N0 ; Don't care           ; New data        ; New data        ; Yes           ;
+------------------------------------------------------------------------------------------------+------------+------+--------------+--------------+--------------+--------------+--------------+------------------------+-------------------------+------------------------+-------------------------+------+-----------------------------+-----------------------------+-----------------------------+-----------------------------+---------------------+-------------+------------+------------------------------------------+-----------------+----------------------+-----------------+-----------------+---------------+
Note: Fitter may spread logical memories into multiple blocks to improve timing. The actual required RAM blocks can be found in the Fitter Resource Usage section.


+-----------------------------------------------------------------------+
; Routing Usage Summary                                                 ;
+---------------------------------------------+-------------------------+
; Routing Resource Type                       ; Usage                   ;
+---------------------------------------------+-------------------------+
; Block interconnects                         ; 4,573 / 289,320 ( 2 % ) ;
; C12 interconnects                           ; 137 / 13,420 ( 1 % )    ;
; C2 interconnects                            ; 1,546 / 119,108 ( 1 % ) ;
; C4 interconnects                            ; 911 / 56,300 ( 2 % )    ;
; DQS bus muxes                               ; 0 / 25 ( 0 % )          ;
; DQS-18 I/O buses                            ; 0 / 25 ( 0 % )          ;
; DQS-9 I/O buses                             ; 0 / 25 ( 0 % )          ;
; Direct links                                ; 351 / 289,320 ( < 1 % ) ;
; Global clocks                               ; 2 / 16 ( 13 % )         ;
; HPS SDRAM PLL inputs                        ; 0 / 1 ( 0 % )           ;
; HPS SDRAM PLL outputs                       ; 0 / 1 ( 0 % )           ;
; HPS_INTERFACE_BOOT_FROM_FPGA_INPUTs         ; 0 / 9 ( 0 % )           ;
; HPS_INTERFACE_CLOCKS_RESETS_INPUTs          ; 0 / 7 ( 0 % )           ;
; HPS_INTERFACE_CLOCKS_RESETS_OUTPUTs         ; 0 / 6 ( 0 % )           ;
; HPS_INTERFACE_CROSS_TRIGGER_INPUTs          ; 0 / 18 ( 0 % )          ;
; HPS_INTERFACE_CROSS_TRIGGER_OUTPUTs         ; 0 / 24 ( 0 % )          ;
; HPS_INTERFACE_DBG_APB_INPUTs                ; 0 / 37 ( 0 % )          ;
; HPS_INTERFACE_DBG_APB_OUTPUTs               ; 0 / 55 ( 0 % )          ;
; HPS_INTERFACE_DMA_INPUTs                    ; 0 / 16 ( 0 % )          ;
; HPS_INTERFACE_DMA_OUTPUTs                   ; 0 / 8 ( 0 % )           ;
; HPS_INTERFACE_FPGA2HPS_INPUTs               ; 0 / 287 ( 0 % )         ;
; HPS_INTERFACE_FPGA2HPS_OUTPUTs              ; 0 / 154 ( 0 % )         ;
; HPS_INTERFACE_FPGA2SDRAM_INPUTs             ; 0 / 852 ( 0 % )         ;
; HPS_INTERFACE_FPGA2SDRAM_OUTPUTs            ; 0 / 408 ( 0 % )         ;
; HPS_INTERFACE_HPS2FPGA_INPUTs               ; 0 / 165 ( 0 % )         ;
; HPS_INTERFACE_HPS2FPGA_LIGHT_WEIGHT_INPUTs  ; 0 / 67 ( 0 % )          ;
; HPS_INTERFACE_HPS2FPGA_LIGHT_WEIGHT_OUTPUTs ; 0 / 156 ( 0 % )         ;
; HPS_INTERFACE_HPS2FPGA_OUTPUTs              ; 0 / 282 ( 0 % )         ;
; HPS_INTERFACE_INTERRUPTS_INPUTs             ; 0 / 64 ( 0 % )          ;
; HPS_INTERFACE_INTERRUPTS_OUTPUTs            ; 0 / 42 ( 0 % )          ;
; HPS_INTERFACE_JTAG_OUTPUTs                  ; 0 / 5 ( 0 % )           ;
; HPS_INTERFACE_LOAN_IO_INPUTs                ; 0 / 142 ( 0 % )         ;
; HPS_INTERFACE_LOAN_IO_OUTPUTs               ; 0 / 85 ( 0 % )          ;
; HPS_INTERFACE_MPU_EVENT_STANDBY_INPUTs      ; 0 / 1 ( 0 % )           ;
; HPS_INTERFACE_MPU_EVENT_STANDBY_OUTPUTs     ; 0 / 5 ( 0 % )           ;
; HPS_INTERFACE_MPU_GENERAL_PURPOSE_INPUTs    ; 0 / 32 ( 0 % )          ;
; HPS_INTERFACE_MPU_GENERAL_PURPOSE_OUTPUTs   ; 0 / 32 ( 0 % )          ;
; HPS_INTERFACE_PERIPHERAL_CAN_INPUTs         ; 0 / 2 ( 0 % )           ;
; HPS_INTERFACE_PERIPHERAL_CAN_OUTPUTs        ; 0 / 2 ( 0 % )           ;
; HPS_INTERFACE_PERIPHERAL_EMAC_INPUTs        ; 0 / 32 ( 0 % )          ;
; HPS_INTERFACE_PERIPHERAL_EMAC_OUTPUTs       ; 0 / 34 ( 0 % )          ;
; HPS_INTERFACE_PERIPHERAL_I2C_INPUTs         ; 0 / 8 ( 0 % )           ;
; HPS_INTERFACE_PERIPHERAL_I2C_OUTPUTs        ; 0 / 8 ( 0 % )           ;
; HPS_INTERFACE_PERIPHERAL_NAND_INPUTs        ; 0 / 12 ( 0 % )          ;
; HPS_INTERFACE_PERIPHERAL_NAND_OUTPUTs       ; 0 / 18 ( 0 % )          ;
; HPS_INTERFACE_PERIPHERAL_QSPI_INPUTs        ; 0 / 4 ( 0 % )           ;
; HPS_INTERFACE_PERIPHERAL_QSPI_OUTPUTs       ; 0 / 13 ( 0 % )          ;
; HPS_INTERFACE_PERIPHERAL_SDMMC_INPUTs       ; 0 / 13 ( 0 % )          ;
; HPS_INTERFACE_PERIPHERAL_SDMMC_OUTPUTs      ; 0 / 22 ( 0 % )          ;
; HPS_INTERFACE_PERIPHERAL_SPI_MASTER_INPUTs  ; 0 / 4 ( 0 % )           ;
; HPS_INTERFACE_PERIPHERAL_SPI_MASTER_OUTPUTs ; 0 / 14 ( 0 % )          ;
; HPS_INTERFACE_PERIPHERAL_SPI_SLAVE_INPUTs   ; 0 / 6 ( 0 % )           ;
; HPS_INTERFACE_PERIPHERAL_SPI_SLAVE_OUTPUTs  ; 0 / 4 ( 0 % )           ;
; HPS_INTERFACE_PERIPHERAL_UART_INPUTs        ; 0 / 10 ( 0 % )          ;
; HPS_INTERFACE_PERIPHERAL_UART_OUTPUTs       ; 0 / 10 ( 0 % )          ;
; HPS_INTERFACE_PERIPHERAL_USB_INPUTs         ; 0 / 22 ( 0 % )          ;
; HPS_INTERFACE_PERIPHERAL_USB_OUTPUTs        ; 0 / 34 ( 0 % )          ;
; HPS_INTERFACE_STM_EVENT_INPUTs              ; 0 / 28 ( 0 % )          ;
; HPS_INTERFACE_TEST_INPUTs                   ; 0 / 610 ( 0 % )         ;
; HPS_INTERFACE_TEST_OUTPUTs                  ; 0 / 513 ( 0 % )         ;
; HPS_INTERFACE_TPIU_TRACE_INPUTs             ; 0 / 2 ( 0 % )           ;
; HPS_INTERFACE_TPIU_TRACE_OUTPUTs            ; 0 / 33 ( 0 % )          ;
; Horizontal periphery clocks                 ; 0 / 72 ( 0 % )          ;
; Local interconnects                         ; 651 / 84,580 ( < 1 % )  ;
; Quadrant clocks                             ; 0 / 66 ( 0 % )          ;
; R14 interconnects                           ; 104 / 12,676 ( < 1 % )  ;
; R14/C12 interconnect drivers                ; 189 / 20,720 ( < 1 % )  ;
; R3 interconnects                            ; 1,828 / 130,992 ( 1 % ) ;
; R6 interconnects                            ; 2,966 / 266,960 ( 1 % ) ;
; Spine clocks                                ; 4 / 360 ( 1 % )         ;
; Wire stub REs                               ; 0 / 15,858 ( 0 % )      ;
+---------------------------------------------+-------------------------+


+------------------------------------------+
; I/O Rules Summary                        ;
+----------------------------------+-------+
; I/O Rules Statistic              ; Total ;
+----------------------------------+-------+
; Total I/O Rules                  ; 28    ;
; Number of I/O Rules Passed       ; 6     ;
; Number of I/O Rules Failed       ; 0     ;
; Number of I/O Rules Unchecked    ; 0     ;
; Number of I/O Rules Inapplicable ; 22    ;
+----------------------------------+-------+


+-----------------------------------------------------------------------------------------------------------------------------------------------------------------------------------------------------------------------------------------------------------------------------------+
; I/O Rules Details                                                                                                                                                                                                                                                                 ;
+--------------+-----------+-----------------------------------+------------------------------------------------------------------------------------+----------+--------------------------------------------------------------------------+---------------------+-------------------+
; Status       ; ID        ; Category                          ; Rule Description                                                                   ; Severity ; Information                                                              ; Area                ; Extra Information ;
+--------------+-----------+-----------------------------------+------------------------------------------------------------------------------------+----------+--------------------------------------------------------------------------+---------------------+-------------------+
; Inapplicable ; IO_000001 ; Capacity Checks                   ; Number of pins in an I/O bank should not exceed the number of locations available. ; Critical ; No Location assignments found.                                           ; I/O                 ;                   ;
; Inapplicable ; IO_000002 ; Capacity Checks                   ; Number of clocks in an I/O bank should not exceed the number of clocks available.  ; Critical ; No Global Signal assignments found.                                      ; I/O                 ;                   ;
; Inapplicable ; IO_000003 ; Capacity Checks                   ; Number of pins in a Vrefgroup should not exceed the number of locations available. ; Critical ; No Location assignments found.                                           ; I/O                 ;                   ;
; Inapplicable ; IO_000004 ; Voltage Compatibility Checks      ; The I/O bank should support the requested VCCIO.                                   ; Critical ; No IOBANK_VCCIO assignments found.                                       ; I/O                 ;                   ;
; Inapplicable ; IO_000005 ; Voltage Compatibility Checks      ; The I/O bank should not have competing VREF values.                                ; Critical ; No VREF I/O Standard assignments found.                                  ; I/O                 ;                   ;
; Pass         ; IO_000006 ; Voltage Compatibility Checks      ; The I/O bank should not have competing VCCIO values.                               ; Critical ; 0 such failures found.                                                   ; I/O                 ;                   ;
; Inapplicable ; IO_000007 ; Valid Location Checks             ; Checks for unavailable locations.                                                  ; Critical ; No Location assignments found.                                           ; I/O                 ;                   ;
; Inapplicable ; IO_000008 ; Valid Location Checks             ; Checks for reserved locations.                                                     ; Critical ; No reserved LogicLock region found.                                      ; I/O                 ;                   ;
; Pass         ; IO_000009 ; I/O Properties Checks for One I/O ; The location should support the requested I/O standard.                            ; Critical ; 0 such failures found.                                                   ; I/O                 ;                   ;
; Pass         ; IO_000010 ; I/O Properties Checks for One I/O ; The location should support the requested I/O direction.                           ; Critical ; 0 such failures found.                                                   ; I/O                 ;                   ;
; Inapplicable ; IO_000011 ; I/O Properties Checks for One I/O ; The location should support the requested Current Strength.                        ; Critical ; No Current Strength assignments found.                                   ; I/O                 ;                   ;
; Pass         ; IO_000012 ; I/O Properties Checks for One I/O ; The location should support the requested On Chip Termination value.               ; Critical ; 0 such failures found.                                                   ; I/O                 ;                   ;
; Inapplicable ; IO_000013 ; I/O Properties Checks for One I/O ; The location should support the requested Bus Hold value.                          ; Critical ; No Enable Bus-Hold Circuitry assignments found.                          ; I/O                 ;                   ;
; Inapplicable ; IO_000014 ; I/O Properties Checks for One I/O ; The location should support the requested Weak Pull Up value.                      ; Critical ; No Weak Pull-Up Resistor assignments found.                              ; I/O                 ;                   ;
; Inapplicable ; IO_000015 ; I/O Properties Checks for One I/O ; The location should support the requested PCI Clamp Diode.                         ; Critical ; No Clamping Diode assignments found.                                     ; I/O                 ;                   ;
; Inapplicable ; IO_000018 ; I/O Properties Checks for One I/O ; The I/O standard should support the requested Current Strength.                    ; Critical ; No Current Strength assignments found.                                   ; I/O                 ;                   ;
; Pass         ; IO_000019 ; I/O Properties Checks for One I/O ; The I/O standard should support the requested On Chip Termination value.           ; Critical ; 0 such failures found.                                                   ; I/O                 ;                   ;
; Inapplicable ; IO_000020 ; I/O Properties Checks for One I/O ; The I/O standard should support the requested PCI Clamp Diode.                     ; Critical ; No Clamping Diode assignments found.                                     ; I/O                 ;                   ;
; Inapplicable ; IO_000021 ; I/O Properties Checks for One I/O ; The I/O standard should support the requested Weak Pull Up value.                  ; Critical ; No Weak Pull-Up Resistor assignments found.                              ; I/O                 ;                   ;
; Inapplicable ; IO_000022 ; I/O Properties Checks for One I/O ; The I/O standard should support the requested Bus Hold value.                      ; Critical ; No Enable Bus-Hold Circuitry assignments found.                          ; I/O                 ;                   ;
; Inapplicable ; IO_000023 ; I/O Properties Checks for One I/O ; The I/O standard should support the Open Drain value.                              ; Critical ; No open drain assignments found.                                         ; I/O                 ;                   ;
; Pass         ; IO_000024 ; I/O Properties Checks for One I/O ; The I/O direction should support the On Chip Termination value.                    ; Critical ; 0 such failures found.                                                   ; I/O                 ;                   ;
; Inapplicable ; IO_000026 ; I/O Properties Checks for One I/O ; On Chip Termination and Current Strength should not be used at the same time.      ; Critical ; No Current Strength assignments found.                                   ; I/O                 ;                   ;
; Inapplicable ; IO_000027 ; I/O Properties Checks for One I/O ; Weak Pull Up and Bus Hold should not be used at the same time.                     ; Critical ; No Enable Bus-Hold Circuitry or Weak Pull-Up Resistor assignments found. ; I/O                 ;                   ;
; Inapplicable ; IO_000045 ; I/O Properties Checks for One I/O ; The I/O standard should support the requested Slew Rate value.                     ; Critical ; No Slew Rate assignments found.                                          ; I/O                 ;                   ;
; Inapplicable ; IO_000046 ; I/O Properties Checks for One I/O ; The location should support the requested Slew Rate value.                         ; Critical ; No Slew Rate assignments found.                                          ; I/O                 ;                   ;
; Inapplicable ; IO_000047 ; I/O Properties Checks for One I/O ; On Chip Termination and Slew Rate should not be used at the same time.             ; Critical ; No Slew Rate assignments found.                                          ; I/O                 ;                   ;
; Inapplicable ; IO_000034 ; SI Related Distance Checks        ; Single-ended outputs should be 0 LAB row(s) away from a differential I/O.          ; High     ; No Differential I/O Standard assignments found.                          ; I/O                 ;                   ;
; ----         ; ----      ; Disclaimer                        ; OCT rules are checked but not reported.                                            ; None     ; ----                                                                     ; On Chip Termination ;                   ;
+--------------+-----------+-----------------------------------+------------------------------------------------------------------------------------+----------+--------------------------------------------------------------------------+---------------------+-------------------+


+-----------------------------------------------------------------------------------------------------------------------------------------------------------------------------------------------------------------------------------------------------------------------------------------------------------------------------------------------------------------------------------------------------------------------------------------------+
; I/O Rules Matrix                                                                                                                                                                                                                                                                                                                                                                                                                              ;
+--------------------+--------------+--------------+--------------+--------------+--------------+-----------+--------------+--------------+-----------+-----------+--------------+--------------+--------------+--------------+--------------+--------------+--------------+--------------+--------------+--------------+--------------+--------------+--------------+--------------+--------------+--------------+--------------+--------------+
; Pin/Rules          ; IO_000001    ; IO_000002    ; IO_000003    ; IO_000004    ; IO_000005    ; IO_000006 ; IO_000007    ; IO_000008    ; IO_000009 ; IO_000010 ; IO_000011    ; IO_000012    ; IO_000013    ; IO_000014    ; IO_000015    ; IO_000018    ; IO_000019    ; IO_000020    ; IO_000021    ; IO_000022    ; IO_000023    ; IO_000024    ; IO_000026    ; IO_000027    ; IO_000045    ; IO_000046    ; IO_000047    ; IO_000034    ;
+--------------------+--------------+--------------+--------------+--------------+--------------+-----------+--------------+--------------+-----------+-----------+--------------+--------------+--------------+--------------+--------------+--------------+--------------+--------------+--------------+--------------+--------------+--------------+--------------+--------------+--------------+--------------+--------------+--------------+
; Total Pass         ; 0            ; 0            ; 0            ; 0            ; 0            ; 75        ; 0            ; 0            ; 75        ; 75        ; 0            ; 33           ; 0            ; 0            ; 0            ; 0            ; 33           ; 0            ; 0            ; 0            ; 0            ; 33           ; 0            ; 0            ; 0            ; 0            ; 0            ; 0            ;
; Total Unchecked    ; 0            ; 0            ; 0            ; 0            ; 0            ; 0         ; 0            ; 0            ; 0         ; 0         ; 0            ; 0            ; 0            ; 0            ; 0            ; 0            ; 0            ; 0            ; 0            ; 0            ; 0            ; 0            ; 0            ; 0            ; 0            ; 0            ; 0            ; 0            ;
; Total Inapplicable ; 75           ; 75           ; 75           ; 75           ; 75           ; 0         ; 75           ; 75           ; 0         ; 0         ; 75           ; 42           ; 75           ; 75           ; 75           ; 75           ; 42           ; 75           ; 75           ; 75           ; 75           ; 42           ; 75           ; 75           ; 75           ; 75           ; 75           ; 75           ;
; Total Fail         ; 0            ; 0            ; 0            ; 0            ; 0            ; 0         ; 0            ; 0            ; 0         ; 0         ; 0            ; 0            ; 0            ; 0            ; 0            ; 0            ; 0            ; 0            ; 0            ; 0            ; 0            ; 0            ; 0            ; 0            ; 0            ; 0            ; 0            ; 0            ;
; avs_readdata[0]    ; Inapplicable ; Inapplicable ; Inapplicable ; Inapplicable ; Inapplicable ; Pass      ; Inapplicable ; Inapplicable ; Pass      ; Pass      ; Inapplicable ; Pass         ; Inapplicable ; Inapplicable ; Inapplicable ; Inapplicable ; Pass         ; Inapplicable ; Inapplicable ; Inapplicable ; Inapplicable ; Pass         ; Inapplicable ; Inapplicable ; Inapplicable ; Inapplicable ; Inapplicable ; Inapplicable ;
; avs_readdata[1]    ; Inapplicable ; Inapplicable ; Inapplicable ; Inapplicable ; Inapplicable ; Pass      ; Inapplicable ; Inapplicable ; Pass      ; Pass      ; Inapplicable ; Pass         ; Inapplicable ; Inapplicable ; Inapplicable ; Inapplicable ; Pass         ; Inapplicable ; Inapplicable ; Inapplicable ; Inapplicable ; Pass         ; Inapplicable ; Inapplicable ; Inapplicable ; Inapplicable ; Inapplicable ; Inapplicable ;
; avs_readdata[2]    ; Inapplicable ; Inapplicable ; Inapplicable ; Inapplicable ; Inapplicable ; Pass      ; Inapplicable ; Inapplicable ; Pass      ; Pass      ; Inapplicable ; Pass         ; Inapplicable ; Inapplicable ; Inapplicable ; Inapplicable ; Pass         ; Inapplicable ; Inapplicable ; Inapplicable ; Inapplicable ; Pass         ; Inapplicable ; Inapplicable ; Inapplicable ; Inapplicable ; Inapplicable ; Inapplicable ;
; avs_readdata[3]    ; Inapplicable ; Inapplicable ; Inapplicable ; Inapplicable ; Inapplicable ; Pass      ; Inapplicable ; Inapplicable ; Pass      ; Pass      ; Inapplicable ; Pass         ; Inapplicable ; Inapplicable ; Inapplicable ; Inapplicable ; Pass         ; Inapplicable ; Inapplicable ; Inapplicable ; Inapplicable ; Pass         ; Inapplicable ; Inapplicable ; Inapplicable ; Inapplicable ; Inapplicable ; Inapplicable ;
; avs_readdata[4]    ; Inapplicable ; Inapplicable ; Inapplicable ; Inapplicable ; Inapplicable ; Pass      ; Inapplicable ; Inapplicable ; Pass      ; Pass      ; Inapplicable ; Pass         ; Inapplicable ; Inapplicable ; Inapplicable ; Inapplicable ; Pass         ; Inapplicable ; Inapplicable ; Inapplicable ; Inapplicable ; Pass         ; Inapplicable ; Inapplicable ; Inapplicable ; Inapplicable ; Inapplicable ; Inapplicable ;
; avs_readdata[5]    ; Inapplicable ; Inapplicable ; Inapplicable ; Inapplicable ; Inapplicable ; Pass      ; Inapplicable ; Inapplicable ; Pass      ; Pass      ; Inapplicable ; Pass         ; Inapplicable ; Inapplicable ; Inapplicable ; Inapplicable ; Pass         ; Inapplicable ; Inapplicable ; Inapplicable ; Inapplicable ; Pass         ; Inapplicable ; Inapplicable ; Inapplicable ; Inapplicable ; Inapplicable ; Inapplicable ;
; avs_readdata[6]    ; Inapplicable ; Inapplicable ; Inapplicable ; Inapplicable ; Inapplicable ; Pass      ; Inapplicable ; Inapplicable ; Pass      ; Pass      ; Inapplicable ; Pass         ; Inapplicable ; Inapplicable ; Inapplicable ; Inapplicable ; Pass         ; Inapplicable ; Inapplicable ; Inapplicable ; Inapplicable ; Pass         ; Inapplicable ; Inapplicable ; Inapplicable ; Inapplicable ; Inapplicable ; Inapplicable ;
; avs_readdata[7]    ; Inapplicable ; Inapplicable ; Inapplicable ; Inapplicable ; Inapplicable ; Pass      ; Inapplicable ; Inapplicable ; Pass      ; Pass      ; Inapplicable ; Pass         ; Inapplicable ; Inapplicable ; Inapplicable ; Inapplicable ; Pass         ; Inapplicable ; Inapplicable ; Inapplicable ; Inapplicable ; Pass         ; Inapplicable ; Inapplicable ; Inapplicable ; Inapplicable ; Inapplicable ; Inapplicable ;
; avs_readdata[8]    ; Inapplicable ; Inapplicable ; Inapplicable ; Inapplicable ; Inapplicable ; Pass      ; Inapplicable ; Inapplicable ; Pass      ; Pass      ; Inapplicable ; Pass         ; Inapplicable ; Inapplicable ; Inapplicable ; Inapplicable ; Pass         ; Inapplicable ; Inapplicable ; Inapplicable ; Inapplicable ; Pass         ; Inapplicable ; Inapplicable ; Inapplicable ; Inapplicable ; Inapplicable ; Inapplicable ;
; avs_readdata[9]    ; Inapplicable ; Inapplicable ; Inapplicable ; Inapplicable ; Inapplicable ; Pass      ; Inapplicable ; Inapplicable ; Pass      ; Pass      ; Inapplicable ; Pass         ; Inapplicable ; Inapplicable ; Inapplicable ; Inapplicable ; Pass         ; Inapplicable ; Inapplicable ; Inapplicable ; Inapplicable ; Pass         ; Inapplicable ; Inapplicable ; Inapplicable ; Inapplicable ; Inapplicable ; Inapplicable ;
; avs_readdata[10]   ; Inapplicable ; Inapplicable ; Inapplicable ; Inapplicable ; Inapplicable ; Pass      ; Inapplicable ; Inapplicable ; Pass      ; Pass      ; Inapplicable ; Pass         ; Inapplicable ; Inapplicable ; Inapplicable ; Inapplicable ; Pass         ; Inapplicable ; Inapplicable ; Inapplicable ; Inapplicable ; Pass         ; Inapplicable ; Inapplicable ; Inapplicable ; Inapplicable ; Inapplicable ; Inapplicable ;
; avs_readdata[11]   ; Inapplicable ; Inapplicable ; Inapplicable ; Inapplicable ; Inapplicable ; Pass      ; Inapplicable ; Inapplicable ; Pass      ; Pass      ; Inapplicable ; Pass         ; Inapplicable ; Inapplicable ; Inapplicable ; Inapplicable ; Pass         ; Inapplicable ; Inapplicable ; Inapplicable ; Inapplicable ; Pass         ; Inapplicable ; Inapplicable ; Inapplicable ; Inapplicable ; Inapplicable ; Inapplicable ;
; avs_readdata[12]   ; Inapplicable ; Inapplicable ; Inapplicable ; Inapplicable ; Inapplicable ; Pass      ; Inapplicable ; Inapplicable ; Pass      ; Pass      ; Inapplicable ; Pass         ; Inapplicable ; Inapplicable ; Inapplicable ; Inapplicable ; Pass         ; Inapplicable ; Inapplicable ; Inapplicable ; Inapplicable ; Pass         ; Inapplicable ; Inapplicable ; Inapplicable ; Inapplicable ; Inapplicable ; Inapplicable ;
; avs_readdata[13]   ; Inapplicable ; Inapplicable ; Inapplicable ; Inapplicable ; Inapplicable ; Pass      ; Inapplicable ; Inapplicable ; Pass      ; Pass      ; Inapplicable ; Pass         ; Inapplicable ; Inapplicable ; Inapplicable ; Inapplicable ; Pass         ; Inapplicable ; Inapplicable ; Inapplicable ; Inapplicable ; Pass         ; Inapplicable ; Inapplicable ; Inapplicable ; Inapplicable ; Inapplicable ; Inapplicable ;
; avs_readdata[14]   ; Inapplicable ; Inapplicable ; Inapplicable ; Inapplicable ; Inapplicable ; Pass      ; Inapplicable ; Inapplicable ; Pass      ; Pass      ; Inapplicable ; Pass         ; Inapplicable ; Inapplicable ; Inapplicable ; Inapplicable ; Pass         ; Inapplicable ; Inapplicable ; Inapplicable ; Inapplicable ; Pass         ; Inapplicable ; Inapplicable ; Inapplicable ; Inapplicable ; Inapplicable ; Inapplicable ;
; avs_readdata[15]   ; Inapplicable ; Inapplicable ; Inapplicable ; Inapplicable ; Inapplicable ; Pass      ; Inapplicable ; Inapplicable ; Pass      ; Pass      ; Inapplicable ; Pass         ; Inapplicable ; Inapplicable ; Inapplicable ; Inapplicable ; Pass         ; Inapplicable ; Inapplicable ; Inapplicable ; Inapplicable ; Pass         ; Inapplicable ; Inapplicable ; Inapplicable ; Inapplicable ; Inapplicable ; Inapplicable ;
; avs_readdata[16]   ; Inapplicable ; Inapplicable ; Inapplicable ; Inapplicable ; Inapplicable ; Pass      ; Inapplicable ; Inapplicable ; Pass      ; Pass      ; Inapplicable ; Pass         ; Inapplicable ; Inapplicable ; Inapplicable ; Inapplicable ; Pass         ; Inapplicable ; Inapplicable ; Inapplicable ; Inapplicable ; Pass         ; Inapplicable ; Inapplicable ; Inapplicable ; Inapplicable ; Inapplicable ; Inapplicable ;
; avs_readdata[17]   ; Inapplicable ; Inapplicable ; Inapplicable ; Inapplicable ; Inapplicable ; Pass      ; Inapplicable ; Inapplicable ; Pass      ; Pass      ; Inapplicable ; Pass         ; Inapplicable ; Inapplicable ; Inapplicable ; Inapplicable ; Pass         ; Inapplicable ; Inapplicable ; Inapplicable ; Inapplicable ; Pass         ; Inapplicable ; Inapplicable ; Inapplicable ; Inapplicable ; Inapplicable ; Inapplicable ;
; avs_readdata[18]   ; Inapplicable ; Inapplicable ; Inapplicable ; Inapplicable ; Inapplicable ; Pass      ; Inapplicable ; Inapplicable ; Pass      ; Pass      ; Inapplicable ; Pass         ; Inapplicable ; Inapplicable ; Inapplicable ; Inapplicable ; Pass         ; Inapplicable ; Inapplicable ; Inapplicable ; Inapplicable ; Pass         ; Inapplicable ; Inapplicable ; Inapplicable ; Inapplicable ; Inapplicable ; Inapplicable ;
; avs_readdata[19]   ; Inapplicable ; Inapplicable ; Inapplicable ; Inapplicable ; Inapplicable ; Pass      ; Inapplicable ; Inapplicable ; Pass      ; Pass      ; Inapplicable ; Pass         ; Inapplicable ; Inapplicable ; Inapplicable ; Inapplicable ; Pass         ; Inapplicable ; Inapplicable ; Inapplicable ; Inapplicable ; Pass         ; Inapplicable ; Inapplicable ; Inapplicable ; Inapplicable ; Inapplicable ; Inapplicable ;
; avs_readdata[20]   ; Inapplicable ; Inapplicable ; Inapplicable ; Inapplicable ; Inapplicable ; Pass      ; Inapplicable ; Inapplicable ; Pass      ; Pass      ; Inapplicable ; Pass         ; Inapplicable ; Inapplicable ; Inapplicable ; Inapplicable ; Pass         ; Inapplicable ; Inapplicable ; Inapplicable ; Inapplicable ; Pass         ; Inapplicable ; Inapplicable ; Inapplicable ; Inapplicable ; Inapplicable ; Inapplicable ;
; avs_readdata[21]   ; Inapplicable ; Inapplicable ; Inapplicable ; Inapplicable ; Inapplicable ; Pass      ; Inapplicable ; Inapplicable ; Pass      ; Pass      ; Inapplicable ; Pass         ; Inapplicable ; Inapplicable ; Inapplicable ; Inapplicable ; Pass         ; Inapplicable ; Inapplicable ; Inapplicable ; Inapplicable ; Pass         ; Inapplicable ; Inapplicable ; Inapplicable ; Inapplicable ; Inapplicable ; Inapplicable ;
; avs_readdata[22]   ; Inapplicable ; Inapplicable ; Inapplicable ; Inapplicable ; Inapplicable ; Pass      ; Inapplicable ; Inapplicable ; Pass      ; Pass      ; Inapplicable ; Pass         ; Inapplicable ; Inapplicable ; Inapplicable ; Inapplicable ; Pass         ; Inapplicable ; Inapplicable ; Inapplicable ; Inapplicable ; Pass         ; Inapplicable ; Inapplicable ; Inapplicable ; Inapplicable ; Inapplicable ; Inapplicable ;
; avs_readdata[23]   ; Inapplicable ; Inapplicable ; Inapplicable ; Inapplicable ; Inapplicable ; Pass      ; Inapplicable ; Inapplicable ; Pass      ; Pass      ; Inapplicable ; Pass         ; Inapplicable ; Inapplicable ; Inapplicable ; Inapplicable ; Pass         ; Inapplicable ; Inapplicable ; Inapplicable ; Inapplicable ; Pass         ; Inapplicable ; Inapplicable ; Inapplicable ; Inapplicable ; Inapplicable ; Inapplicable ;
; avs_readdata[24]   ; Inapplicable ; Inapplicable ; Inapplicable ; Inapplicable ; Inapplicable ; Pass      ; Inapplicable ; Inapplicable ; Pass      ; Pass      ; Inapplicable ; Pass         ; Inapplicable ; Inapplicable ; Inapplicable ; Inapplicable ; Pass         ; Inapplicable ; Inapplicable ; Inapplicable ; Inapplicable ; Pass         ; Inapplicable ; Inapplicable ; Inapplicable ; Inapplicable ; Inapplicable ; Inapplicable ;
; avs_readdata[25]   ; Inapplicable ; Inapplicable ; Inapplicable ; Inapplicable ; Inapplicable ; Pass      ; Inapplicable ; Inapplicable ; Pass      ; Pass      ; Inapplicable ; Pass         ; Inapplicable ; Inapplicable ; Inapplicable ; Inapplicable ; Pass         ; Inapplicable ; Inapplicable ; Inapplicable ; Inapplicable ; Pass         ; Inapplicable ; Inapplicable ; Inapplicable ; Inapplicable ; Inapplicable ; Inapplicable ;
; avs_readdata[26]   ; Inapplicable ; Inapplicable ; Inapplicable ; Inapplicable ; Inapplicable ; Pass      ; Inapplicable ; Inapplicable ; Pass      ; Pass      ; Inapplicable ; Pass         ; Inapplicable ; Inapplicable ; Inapplicable ; Inapplicable ; Pass         ; Inapplicable ; Inapplicable ; Inapplicable ; Inapplicable ; Pass         ; Inapplicable ; Inapplicable ; Inapplicable ; Inapplicable ; Inapplicable ; Inapplicable ;
; avs_readdata[27]   ; Inapplicable ; Inapplicable ; Inapplicable ; Inapplicable ; Inapplicable ; Pass      ; Inapplicable ; Inapplicable ; Pass      ; Pass      ; Inapplicable ; Pass         ; Inapplicable ; Inapplicable ; Inapplicable ; Inapplicable ; Pass         ; Inapplicable ; Inapplicable ; Inapplicable ; Inapplicable ; Pass         ; Inapplicable ; Inapplicable ; Inapplicable ; Inapplicable ; Inapplicable ; Inapplicable ;
; avs_readdata[28]   ; Inapplicable ; Inapplicable ; Inapplicable ; Inapplicable ; Inapplicable ; Pass      ; Inapplicable ; Inapplicable ; Pass      ; Pass      ; Inapplicable ; Pass         ; Inapplicable ; Inapplicable ; Inapplicable ; Inapplicable ; Pass         ; Inapplicable ; Inapplicable ; Inapplicable ; Inapplicable ; Pass         ; Inapplicable ; Inapplicable ; Inapplicable ; Inapplicable ; Inapplicable ; Inapplicable ;
; avs_readdata[29]   ; Inapplicable ; Inapplicable ; Inapplicable ; Inapplicable ; Inapplicable ; Pass      ; Inapplicable ; Inapplicable ; Pass      ; Pass      ; Inapplicable ; Pass         ; Inapplicable ; Inapplicable ; Inapplicable ; Inapplicable ; Pass         ; Inapplicable ; Inapplicable ; Inapplicable ; Inapplicable ; Pass         ; Inapplicable ; Inapplicable ; Inapplicable ; Inapplicable ; Inapplicable ; Inapplicable ;
; avs_readdata[30]   ; Inapplicable ; Inapplicable ; Inapplicable ; Inapplicable ; Inapplicable ; Pass      ; Inapplicable ; Inapplicable ; Pass      ; Pass      ; Inapplicable ; Pass         ; Inapplicable ; Inapplicable ; Inapplicable ; Inapplicable ; Pass         ; Inapplicable ; Inapplicable ; Inapplicable ; Inapplicable ; Pass         ; Inapplicable ; Inapplicable ; Inapplicable ; Inapplicable ; Inapplicable ; Inapplicable ;
; avs_readdata[31]   ; Inapplicable ; Inapplicable ; Inapplicable ; Inapplicable ; Inapplicable ; Pass      ; Inapplicable ; Inapplicable ; Pass      ; Pass      ; Inapplicable ; Pass         ; Inapplicable ; Inapplicable ; Inapplicable ; Inapplicable ; Pass         ; Inapplicable ; Inapplicable ; Inapplicable ; Inapplicable ; Pass         ; Inapplicable ; Inapplicable ; Inapplicable ; Inapplicable ; Inapplicable ; Inapplicable ;
; irq                ; Inapplicable ; Inapplicable ; Inapplicable ; Inapplicable ; Inapplicable ; Pass      ; Inapplicable ; Inapplicable ; Pass      ; Pass      ; Inapplicable ; Pass         ; Inapplicable ; Inapplicable ; Inapplicable ; Inapplicable ; Pass         ; Inapplicable ; Inapplicable ; Inapplicable ; Inapplicable ; Pass         ; Inapplicable ; Inapplicable ; Inapplicable ; Inapplicable ; Inapplicable ; Inapplicable ;
; avs_address[0]     ; Inapplicable ; Inapplicable ; Inapplicable ; Inapplicable ; Inapplicable ; Pass      ; Inapplicable ; Inapplicable ; Pass      ; Pass      ; Inapplicable ; Inapplicable ; Inapplicable ; Inapplicable ; Inapplicable ; Inapplicable ; Inapplicable ; Inapplicable ; Inapplicable ; Inapplicable ; Inapplicable ; Inapplicable ; Inapplicable ; Inapplicable ; Inapplicable ; Inapplicable ; Inapplicable ; Inapplicable ;
; avs_address[4]     ; Inapplicable ; Inapplicable ; Inapplicable ; Inapplicable ; Inapplicable ; Pass      ; Inapplicable ; Inapplicable ; Pass      ; Pass      ; Inapplicable ; Inapplicable ; Inapplicable ; Inapplicable ; Inapplicable ; Inapplicable ; Inapplicable ; Inapplicable ; Inapplicable ; Inapplicable ; Inapplicable ; Inapplicable ; Inapplicable ; Inapplicable ; Inapplicable ; Inapplicable ; Inapplicable ; Inapplicable ;
; avs_address[1]     ; Inapplicable ; Inapplicable ; Inapplicable ; Inapplicable ; Inapplicable ; Pass      ; Inapplicable ; Inapplicable ; Pass      ; Pass      ; Inapplicable ; Inapplicable ; Inapplicable ; Inapplicable ; Inapplicable ; Inapplicable ; Inapplicable ; Inapplicable ; Inapplicable ; Inapplicable ; Inapplicable ; Inapplicable ; Inapplicable ; Inapplicable ; Inapplicable ; Inapplicable ; Inapplicable ; Inapplicable ;
; avs_address[5]     ; Inapplicable ; Inapplicable ; Inapplicable ; Inapplicable ; Inapplicable ; Pass      ; Inapplicable ; Inapplicable ; Pass      ; Pass      ; Inapplicable ; Inapplicable ; Inapplicable ; Inapplicable ; Inapplicable ; Inapplicable ; Inapplicable ; Inapplicable ; Inapplicable ; Inapplicable ; Inapplicable ; Inapplicable ; Inapplicable ; Inapplicable ; Inapplicable ; Inapplicable ; Inapplicable ; Inapplicable ;
; avs_address[2]     ; Inapplicable ; Inapplicable ; Inapplicable ; Inapplicable ; Inapplicable ; Pass      ; Inapplicable ; Inapplicable ; Pass      ; Pass      ; Inapplicable ; Inapplicable ; Inapplicable ; Inapplicable ; Inapplicable ; Inapplicable ; Inapplicable ; Inapplicable ; Inapplicable ; Inapplicable ; Inapplicable ; Inapplicable ; Inapplicable ; Inapplicable ; Inapplicable ; Inapplicable ; Inapplicable ; Inapplicable ;
; avs_address[3]     ; Inapplicable ; Inapplicable ; Inapplicable ; Inapplicable ; Inapplicable ; Pass      ; Inapplicable ; Inapplicable ; Pass      ; Pass      ; Inapplicable ; Inapplicable ; Inapplicable ; Inapplicable ; Inapplicable ; Inapplicable ; Inapplicable ; Inapplicable ; Inapplicable ; Inapplicable ; Inapplicable ; Inapplicable ; Inapplicable ; Inapplicable ; Inapplicable ; Inapplicable ; Inapplicable ; Inapplicable ;
; clk                ; Inapplicable ; Inapplicable ; Inapplicable ; Inapplicable ; Inapplicable ; Pass      ; Inapplicable ; Inapplicable ; Pass      ; Pass      ; Inapplicable ; Inapplicable ; Inapplicable ; Inapplicable ; Inapplicable ; Inapplicable ; Inapplicable ; Inapplicable ; Inapplicable ; Inapplicable ; Inapplicable ; Inapplicable ; Inapplicable ; Inapplicable ; Inapplicable ; Inapplicable ; Inapplicable ; Inapplicable ;
; reset_n            ; Inapplicable ; Inapplicable ; Inapplicable ; Inapplicable ; Inapplicable ; Pass      ; Inapplicable ; Inapplicable ; Pass      ; Pass      ; Inapplicable ; Inapplicable ; Inapplicable ; Inapplicable ; Inapplicable ; Inapplicable ; Inapplicable ; Inapplicable ; Inapplicable ; Inapplicable ; Inapplicable ; Inapplicable ; Inapplicable ; Inapplicable ; Inapplicable ; Inapplicable ; Inapplicable ; Inapplicable ;
; avs_read           ; Inapplicable ; Inapplicable ; Inapplicable ; Inapplicable ; Inapplicable ; Pass      ; Inapplicable ; Inapplicable ; Pass      ; Pass      ; Inapplicable ; Inapplicable ; Inapplicable ; Inapplicable ; Inapplicable ; Inapplicable ; Inapplicable ; Inapplicable ; Inapplicable ; Inapplicable ; Inapplicable ; Inapplicable ; Inapplicable ; Inapplicable ; Inapplicable ; Inapplicable ; Inapplicable ; Inapplicable ;
; avs_write          ; Inapplicable ; Inapplicable ; Inapplicable ; Inapplicable ; Inapplicable ; Pass      ; Inapplicable ; Inapplicable ; Pass      ; Pass      ; Inapplicable ; Inapplicable ; Inapplicable ; Inapplicable ; Inapplicable ; Inapplicable ; Inapplicable ; Inapplicable ; Inapplicable ; Inapplicable ; Inapplicable ; Inapplicable ; Inapplicable ; Inapplicable ; Inapplicable ; Inapplicable ; Inapplicable ; Inapplicable ;
; avs_writedata[1]   ; Inapplicable ; Inapplicable ; Inapplicable ; Inapplicable ; Inapplicable ; Pass      ; Inapplicable ; Inapplicable ; Pass      ; Pass      ; Inapplicable ; Inapplicable ; Inapplicable ; Inapplicable ; Inapplicable ; Inapplicable ; Inapplicable ; Inapplicable ; Inapplicable ; Inapplicable ; Inapplicable ; Inapplicable ; Inapplicable ; Inapplicable ; Inapplicable ; Inapplicable ; Inapplicable ; Inapplicable ;
; avs_writedata[0]   ; Inapplicable ; Inapplicable ; Inapplicable ; Inapplicable ; Inapplicable ; Pass      ; Inapplicable ; Inapplicable ; Pass      ; Pass      ; Inapplicable ; Inapplicable ; Inapplicable ; Inapplicable ; Inapplicable ; Inapplicable ; Inapplicable ; Inapplicable ; Inapplicable ; Inapplicable ; Inapplicable ; Inapplicable ; Inapplicable ; Inapplicable ; Inapplicable ; Inapplicable ; Inapplicable ; Inapplicable ;
; avs_writedata[6]   ; Inapplicable ; Inapplicable ; Inapplicable ; Inapplicable ; Inapplicable ; Pass      ; Inapplicable ; Inapplicable ; Pass      ; Pass      ; Inapplicable ; Inapplicable ; Inapplicable ; Inapplicable ; Inapplicable ; Inapplicable ; Inapplicable ; Inapplicable ; Inapplicable ; Inapplicable ; Inapplicable ; Inapplicable ; Inapplicable ; Inapplicable ; Inapplicable ; Inapplicable ; Inapplicable ; Inapplicable ;
; avs_writedata[2]   ; Inapplicable ; Inapplicable ; Inapplicable ; Inapplicable ; Inapplicable ; Pass      ; Inapplicable ; Inapplicable ; Pass      ; Pass      ; Inapplicable ; Inapplicable ; Inapplicable ; Inapplicable ; Inapplicable ; Inapplicable ; Inapplicable ; Inapplicable ; Inapplicable ; Inapplicable ; Inapplicable ; Inapplicable ; Inapplicable ; Inapplicable ; Inapplicable ; Inapplicable ; Inapplicable ; Inapplicable ;
; avs_writedata[3]   ; Inapplicable ; Inapplicable ; Inapplicable ; Inapplicable ; Inapplicable ; Pass      ; Inapplicable ; Inapplicable ; Pass      ; Pass      ; Inapplicable ; Inapplicable ; Inapplicable ; Inapplicable ; Inapplicable ; Inapplicable ; Inapplicable ; Inapplicable ; Inapplicable ; Inapplicable ; Inapplicable ; Inapplicable ; Inapplicable ; Inapplicable ; Inapplicable ; Inapplicable ; Inapplicable ; Inapplicable ;
; avs_writedata[4]   ; Inapplicable ; Inapplicable ; Inapplicable ; Inapplicable ; Inapplicable ; Pass      ; Inapplicable ; Inapplicable ; Pass      ; Pass      ; Inapplicable ; Inapplicable ; Inapplicable ; Inapplicable ; Inapplicable ; Inapplicable ; Inapplicable ; Inapplicable ; Inapplicable ; Inapplicable ; Inapplicable ; Inapplicable ; Inapplicable ; Inapplicable ; Inapplicable ; Inapplicable ; Inapplicable ; Inapplicable ;
; avs_writedata[5]   ; Inapplicable ; Inapplicable ; Inapplicable ; Inapplicable ; Inapplicable ; Pass      ; Inapplicable ; Inapplicable ; Pass      ; Pass      ; Inapplicable ; Inapplicable ; Inapplicable ; Inapplicable ; Inapplicable ; Inapplicable ; Inapplicable ; Inapplicable ; Inapplicable ; Inapplicable ; Inapplicable ; Inapplicable ; Inapplicable ; Inapplicable ; Inapplicable ; Inapplicable ; Inapplicable ; Inapplicable ;
; avs_writedata[7]   ; Inapplicable ; Inapplicable ; Inapplicable ; Inapplicable ; Inapplicable ; Pass      ; Inapplicable ; Inapplicable ; Pass      ; Pass      ; Inapplicable ; Inapplicable ; Inapplicable ; Inapplicable ; Inapplicable ; Inapplicable ; Inapplicable ; Inapplicable ; Inapplicable ; Inapplicable ; Inapplicable ; Inapplicable ; Inapplicable ; Inapplicable ; Inapplicable ; Inapplicable ; Inapplicable ; Inapplicable ;
; avs_writedata[8]   ; Inapplicable ; Inapplicable ; Inapplicable ; Inapplicable ; Inapplicable ; Pass      ; Inapplicable ; Inapplicable ; Pass      ; Pass      ; Inapplicable ; Inapplicable ; Inapplicable ; Inapplicable ; Inapplicable ; Inapplicable ; Inapplicable ; Inapplicable ; Inapplicable ; Inapplicable ; Inapplicable ; Inapplicable ; Inapplicable ; Inapplicable ; Inapplicable ; Inapplicable ; Inapplicable ; Inapplicable ;
; avs_writedata[9]   ; Inapplicable ; Inapplicable ; Inapplicable ; Inapplicable ; Inapplicable ; Pass      ; Inapplicable ; Inapplicable ; Pass      ; Pass      ; Inapplicable ; Inapplicable ; Inapplicable ; Inapplicable ; Inapplicable ; Inapplicable ; Inapplicable ; Inapplicable ; Inapplicable ; Inapplicable ; Inapplicable ; Inapplicable ; Inapplicable ; Inapplicable ; Inapplicable ; Inapplicable ; Inapplicable ; Inapplicable ;
; avs_writedata[10]  ; Inapplicable ; Inapplicable ; Inapplicable ; Inapplicable ; Inapplicable ; Pass      ; Inapplicable ; Inapplicable ; Pass      ; Pass      ; Inapplicable ; Inapplicable ; Inapplicable ; Inapplicable ; Inapplicable ; Inapplicable ; Inapplicable ; Inapplicable ; Inapplicable ; Inapplicable ; Inapplicable ; Inapplicable ; Inapplicable ; Inapplicable ; Inapplicable ; Inapplicable ; Inapplicable ; Inapplicable ;
; avs_writedata[11]  ; Inapplicable ; Inapplicable ; Inapplicable ; Inapplicable ; Inapplicable ; Pass      ; Inapplicable ; Inapplicable ; Pass      ; Pass      ; Inapplicable ; Inapplicable ; Inapplicable ; Inapplicable ; Inapplicable ; Inapplicable ; Inapplicable ; Inapplicable ; Inapplicable ; Inapplicable ; Inapplicable ; Inapplicable ; Inapplicable ; Inapplicable ; Inapplicable ; Inapplicable ; Inapplicable ; Inapplicable ;
; avs_writedata[12]  ; Inapplicable ; Inapplicable ; Inapplicable ; Inapplicable ; Inapplicable ; Pass      ; Inapplicable ; Inapplicable ; Pass      ; Pass      ; Inapplicable ; Inapplicable ; Inapplicable ; Inapplicable ; Inapplicable ; Inapplicable ; Inapplicable ; Inapplicable ; Inapplicable ; Inapplicable ; Inapplicable ; Inapplicable ; Inapplicable ; Inapplicable ; Inapplicable ; Inapplicable ; Inapplicable ; Inapplicable ;
; avs_writedata[13]  ; Inapplicable ; Inapplicable ; Inapplicable ; Inapplicable ; Inapplicable ; Pass      ; Inapplicable ; Inapplicable ; Pass      ; Pass      ; Inapplicable ; Inapplicable ; Inapplicable ; Inapplicable ; Inapplicable ; Inapplicable ; Inapplicable ; Inapplicable ; Inapplicable ; Inapplicable ; Inapplicable ; Inapplicable ; Inapplicable ; Inapplicable ; Inapplicable ; Inapplicable ; Inapplicable ; Inapplicable ;
; avs_writedata[14]  ; Inapplicable ; Inapplicable ; Inapplicable ; Inapplicable ; Inapplicable ; Pass      ; Inapplicable ; Inapplicable ; Pass      ; Pass      ; Inapplicable ; Inapplicable ; Inapplicable ; Inapplicable ; Inapplicable ; Inapplicable ; Inapplicable ; Inapplicable ; Inapplicable ; Inapplicable ; Inapplicable ; Inapplicable ; Inapplicable ; Inapplicable ; Inapplicable ; Inapplicable ; Inapplicable ; Inapplicable ;
; avs_writedata[15]  ; Inapplicable ; Inapplicable ; Inapplicable ; Inapplicable ; Inapplicable ; Pass      ; Inapplicable ; Inapplicable ; Pass      ; Pass      ; Inapplicable ; Inapplicable ; Inapplicable ; Inapplicable ; Inapplicable ; Inapplicable ; Inapplicable ; Inapplicable ; Inapplicable ; Inapplicable ; Inapplicable ; Inapplicable ; Inapplicable ; Inapplicable ; Inapplicable ; Inapplicable ; Inapplicable ; Inapplicable ;
; avs_writedata[16]  ; Inapplicable ; Inapplicable ; Inapplicable ; Inapplicable ; Inapplicable ; Pass      ; Inapplicable ; Inapplicable ; Pass      ; Pass      ; Inapplicable ; Inapplicable ; Inapplicable ; Inapplicable ; Inapplicable ; Inapplicable ; Inapplicable ; Inapplicable ; Inapplicable ; Inapplicable ; Inapplicable ; Inapplicable ; Inapplicable ; Inapplicable ; Inapplicable ; Inapplicable ; Inapplicable ; Inapplicable ;
; avs_writedata[17]  ; Inapplicable ; Inapplicable ; Inapplicable ; Inapplicable ; Inapplicable ; Pass      ; Inapplicable ; Inapplicable ; Pass      ; Pass      ; Inapplicable ; Inapplicable ; Inapplicable ; Inapplicable ; Inapplicable ; Inapplicable ; Inapplicable ; Inapplicable ; Inapplicable ; Inapplicable ; Inapplicable ; Inapplicable ; Inapplicable ; Inapplicable ; Inapplicable ; Inapplicable ; Inapplicable ; Inapplicable ;
; avs_writedata[18]  ; Inapplicable ; Inapplicable ; Inapplicable ; Inapplicable ; Inapplicable ; Pass      ; Inapplicable ; Inapplicable ; Pass      ; Pass      ; Inapplicable ; Inapplicable ; Inapplicable ; Inapplicable ; Inapplicable ; Inapplicable ; Inapplicable ; Inapplicable ; Inapplicable ; Inapplicable ; Inapplicable ; Inapplicable ; Inapplicable ; Inapplicable ; Inapplicable ; Inapplicable ; Inapplicable ; Inapplicable ;
; avs_writedata[19]  ; Inapplicable ; Inapplicable ; Inapplicable ; Inapplicable ; Inapplicable ; Pass      ; Inapplicable ; Inapplicable ; Pass      ; Pass      ; Inapplicable ; Inapplicable ; Inapplicable ; Inapplicable ; Inapplicable ; Inapplicable ; Inapplicable ; Inapplicable ; Inapplicable ; Inapplicable ; Inapplicable ; Inapplicable ; Inapplicable ; Inapplicable ; Inapplicable ; Inapplicable ; Inapplicable ; Inapplicable ;
; avs_writedata[20]  ; Inapplicable ; Inapplicable ; Inapplicable ; Inapplicable ; Inapplicable ; Pass      ; Inapplicable ; Inapplicable ; Pass      ; Pass      ; Inapplicable ; Inapplicable ; Inapplicable ; Inapplicable ; Inapplicable ; Inapplicable ; Inapplicable ; Inapplicable ; Inapplicable ; Inapplicable ; Inapplicable ; Inapplicable ; Inapplicable ; Inapplicable ; Inapplicable ; Inapplicable ; Inapplicable ; Inapplicable ;
; avs_writedata[21]  ; Inapplicable ; Inapplicable ; Inapplicable ; Inapplicable ; Inapplicable ; Pass      ; Inapplicable ; Inapplicable ; Pass      ; Pass      ; Inapplicable ; Inapplicable ; Inapplicable ; Inapplicable ; Inapplicable ; Inapplicable ; Inapplicable ; Inapplicable ; Inapplicable ; Inapplicable ; Inapplicable ; Inapplicable ; Inapplicable ; Inapplicable ; Inapplicable ; Inapplicable ; Inapplicable ; Inapplicable ;
; avs_writedata[22]  ; Inapplicable ; Inapplicable ; Inapplicable ; Inapplicable ; Inapplicable ; Pass      ; Inapplicable ; Inapplicable ; Pass      ; Pass      ; Inapplicable ; Inapplicable ; Inapplicable ; Inapplicable ; Inapplicable ; Inapplicable ; Inapplicable ; Inapplicable ; Inapplicable ; Inapplicable ; Inapplicable ; Inapplicable ; Inapplicable ; Inapplicable ; Inapplicable ; Inapplicable ; Inapplicable ; Inapplicable ;
; avs_writedata[23]  ; Inapplicable ; Inapplicable ; Inapplicable ; Inapplicable ; Inapplicable ; Pass      ; Inapplicable ; Inapplicable ; Pass      ; Pass      ; Inapplicable ; Inapplicable ; Inapplicable ; Inapplicable ; Inapplicable ; Inapplicable ; Inapplicable ; Inapplicable ; Inapplicable ; Inapplicable ; Inapplicable ; Inapplicable ; Inapplicable ; Inapplicable ; Inapplicable ; Inapplicable ; Inapplicable ; Inapplicable ;
; avs_writedata[24]  ; Inapplicable ; Inapplicable ; Inapplicable ; Inapplicable ; Inapplicable ; Pass      ; Inapplicable ; Inapplicable ; Pass      ; Pass      ; Inapplicable ; Inapplicable ; Inapplicable ; Inapplicable ; Inapplicable ; Inapplicable ; Inapplicable ; Inapplicable ; Inapplicable ; Inapplicable ; Inapplicable ; Inapplicable ; Inapplicable ; Inapplicable ; Inapplicable ; Inapplicable ; Inapplicable ; Inapplicable ;
; avs_writedata[25]  ; Inapplicable ; Inapplicable ; Inapplicable ; Inapplicable ; Inapplicable ; Pass      ; Inapplicable ; Inapplicable ; Pass      ; Pass      ; Inapplicable ; Inapplicable ; Inapplicable ; Inapplicable ; Inapplicable ; Inapplicable ; Inapplicable ; Inapplicable ; Inapplicable ; Inapplicable ; Inapplicable ; Inapplicable ; Inapplicable ; Inapplicable ; Inapplicable ; Inapplicable ; Inapplicable ; Inapplicable ;
; avs_writedata[26]  ; Inapplicable ; Inapplicable ; Inapplicable ; Inapplicable ; Inapplicable ; Pass      ; Inapplicable ; Inapplicable ; Pass      ; Pass      ; Inapplicable ; Inapplicable ; Inapplicable ; Inapplicable ; Inapplicable ; Inapplicable ; Inapplicable ; Inapplicable ; Inapplicable ; Inapplicable ; Inapplicable ; Inapplicable ; Inapplicable ; Inapplicable ; Inapplicable ; Inapplicable ; Inapplicable ; Inapplicable ;
; avs_writedata[27]  ; Inapplicable ; Inapplicable ; Inapplicable ; Inapplicable ; Inapplicable ; Pass      ; Inapplicable ; Inapplicable ; Pass      ; Pass      ; Inapplicable ; Inapplicable ; Inapplicable ; Inapplicable ; Inapplicable ; Inapplicable ; Inapplicable ; Inapplicable ; Inapplicable ; Inapplicable ; Inapplicable ; Inapplicable ; Inapplicable ; Inapplicable ; Inapplicable ; Inapplicable ; Inapplicable ; Inapplicable ;
; avs_writedata[28]  ; Inapplicable ; Inapplicable ; Inapplicable ; Inapplicable ; Inapplicable ; Pass      ; Inapplicable ; Inapplicable ; Pass      ; Pass      ; Inapplicable ; Inapplicable ; Inapplicable ; Inapplicable ; Inapplicable ; Inapplicable ; Inapplicable ; Inapplicable ; Inapplicable ; Inapplicable ; Inapplicable ; Inapplicable ; Inapplicable ; Inapplicable ; Inapplicable ; Inapplicable ; Inapplicable ; Inapplicable ;
; avs_writedata[29]  ; Inapplicable ; Inapplicable ; Inapplicable ; Inapplicable ; Inapplicable ; Pass      ; Inapplicable ; Inapplicable ; Pass      ; Pass      ; Inapplicable ; Inapplicable ; Inapplicable ; Inapplicable ; Inapplicable ; Inapplicable ; Inapplicable ; Inapplicable ; Inapplicable ; Inapplicable ; Inapplicable ; Inapplicable ; Inapplicable ; Inapplicable ; Inapplicable ; Inapplicable ; Inapplicable ; Inapplicable ;
; avs_writedata[30]  ; Inapplicable ; Inapplicable ; Inapplicable ; Inapplicable ; Inapplicable ; Pass      ; Inapplicable ; Inapplicable ; Pass      ; Pass      ; Inapplicable ; Inapplicable ; Inapplicable ; Inapplicable ; Inapplicable ; Inapplicable ; Inapplicable ; Inapplicable ; Inapplicable ; Inapplicable ; Inapplicable ; Inapplicable ; Inapplicable ; Inapplicable ; Inapplicable ; Inapplicable ; Inapplicable ; Inapplicable ;
; avs_writedata[31]  ; Inapplicable ; Inapplicable ; Inapplicable ; Inapplicable ; Inapplicable ; Pass      ; Inapplicable ; Inapplicable ; Pass      ; Pass      ; Inapplicable ; Inapplicable ; Inapplicable ; Inapplicable ; Inapplicable ; Inapplicable ; Inapplicable ; Inapplicable ; Inapplicable ; Inapplicable ; Inapplicable ; Inapplicable ; Inapplicable ; Inapplicable ; Inapplicable ; Inapplicable ; Inapplicable ; Inapplicable ;
+--------------------+--------------+--------------+--------------+--------------+--------------+-----------+--------------+--------------+-----------+-----------+--------------+--------------+--------------+--------------+--------------+--------------+--------------+--------------+--------------+--------------+--------------+--------------+--------------+--------------+--------------+--------------+--------------+--------------+


+------------------------------------------------------------------------------------------------+
; Fitter Device Options                                                                          ;
+------------------------------------------------------------------+-----------------------------+
; Option                                                           ; Setting                     ;
+------------------------------------------------------------------+-----------------------------+
; Enable user-supplied start-up clock (CLKUSR)                     ; Off                         ;
; Enable device-wide reset (DEV_CLRn)                              ; Off                         ;
; Enable device-wide output enable (DEV_OE)                        ; Off                         ;
; Enable INIT_DONE output                                          ; Off                         ;
; Configuration scheme                                             ; Passive Serial              ;
; Enable Error Detection CRC_ERROR pin                             ; Off                         ;
; Enable open drain on CRC_ERROR pin                               ; On                          ;
; Enable open drain on INIT_DONE pin                               ; On                          ;
; Enable open drain on Partial Reconfiguration pins                ; Off                         ;
; Enable open drain on nCEO pin                                    ; On                          ;
; Enable Partial Reconfiguration pins                              ; Off                         ;
; Enable input tri-state on active configuration pins in user mode ; Off                         ;
; Active Serial clock source                                       ; 100 MHz Internal Oscillator ;
; Device initialization clock source                               ; Internal Oscillator         ;
; Configuration Voltage Level                                      ; Auto                        ;
; Force Configuration Voltage Level                                ; Off                         ;
; Enable nCEO output                                               ; Off                         ;
; Data[15..8]                                                      ; Unreserved                  ;
; Data[7..5]                                                       ; Unreserved                  ;
; Base pin-out file on sameframe device                            ; Off                         ;
+------------------------------------------------------------------+-----------------------------+


+------------------------------------+
; Operating Settings and Conditions  ;
+---------------------------+--------+
; Setting                   ; Value  ;
+---------------------------+--------+
; Nominal Core Voltage      ; 1.10 V ;
; Low Junction Temperature  ; -40 °C ;
; High Junction Temperature ; 100 °C ;
+---------------------------+--------+


+------------------------------------------------------------+
; Estimated Delay Added for Hold Timing Summary              ;
+-----------------+----------------------+-------------------+
; Source Clock(s) ; Destination Clock(s) ; Delay Added in ns ;
+-----------------+----------------------+-------------------+
; clk             ; clk                  ; 71.4              ;
+-----------------+----------------------+-------------------+
Note: For more information on problematic transfers, consider running the Fitter again with the Optimize hold timing option (Settings Menu) turned off.
This will disable optimization of problematic paths and expose them for further analysis using the TimeQuest Timing Analyzer.


+----------------------------------------------------------------------------------------------------------------------------+
; Estimated Delay Added for Hold Timing Details                                                                              ;
+------------------------------------------------------+-------------------------------------------------+-------------------+
; Source Register                                      ; Destination Register                            ; Delay Added in ns ;
+------------------------------------------------------+-------------------------------------------------+-------------------+
; sha256_core:u_core|mc:u_mc|register_file[9][20]      ; sha256_core:u_core|mc:u_mc|hkw[31]              ; 0.744             ;
; sha256_core:u_core|mc:u_mc|register_file[9][22]      ; sha256_core:u_core|mc:u_mc|hkw[31]              ; 0.721             ;
; sha256_core:u_core|mc:u_mc|register_file[9][12]      ; sha256_core:u_core|mc:u_mc|hkw[31]              ; 0.721             ;
; sha256_core:u_core|mc:u_mc|register_file[9][11]      ; sha256_core:u_core|mc:u_mc|hkw[31]              ; 0.687             ;
; sha256_core:u_core|mc:u_mc|register_file[9][10]      ; sha256_core:u_core|mc:u_mc|hkw[31]              ; 0.660             ;
; sha256_core:u_core|sha256_fsm:u_fsm|cyc[1]           ; sha256_core:u_core|sha256_fsm:u_fsm|state[0]    ; 0.645             ;
; sha256_core:u_core|sha256_fsm:u_fsm|cyc[4]           ; sha256_core:u_core|sha256_fsm:u_fsm|state[0]    ; 0.635             ;
; sha256_core:u_core|mc:u_mc|register_file[9][3]       ; sha256_core:u_core|mc:u_mc|hkw[31]              ; 0.619             ;
; sha256_core:u_core|sha256_fsm:u_fsm|cyc[3]           ; sha256_core:u_core|sha256_fsm:u_fsm|state[0]    ; 0.581             ;
; sha256_core:u_core|mc:u_mc|register_file[9][14]      ; sha256_core:u_core|mc:u_mc|hkw[31]              ; 0.536             ;
; sha256_core:u_core|mc:u_mc|register_file[9][16]      ; sha256_core:u_core|mc:u_mc|hkw[31]              ; 0.500             ;
; sha256_core:u_core|mc:u_mc|register_file[9][18]      ; sha256_core:u_core|mc:u_mc|hkw[31]              ; 0.494             ;
; sha256_core:u_core|mc:u_mc|register_file[9][8]       ; sha256_core:u_core|mc:u_mc|hkw[31]              ; 0.493             ;
; sha256_core:u_core|sha256_fsm:u_fsm|cyc[0]           ; sha256_core:u_core|sha256_fsm:u_fsm|state[0]    ; 0.484             ;
; sha256_core:u_core|mc:u_mc|register_file[9][0]       ; sha256_core:u_core|mc:u_mc|hkw[31]              ; 0.469             ;
; sha256_core:u_core|mc:u_mc|register_file[7][19]      ; sha256_core:u_core|hram:u_hram|mem[31]          ; 0.441             ;
; sha256_core:u_core|mc:u_mc|register_file[7][21]      ; sha256_core:u_core|hram:u_hram|mem[31]          ; 0.441             ;
; sha256_core:u_core|mc:u_mc|register_file[7][12]      ; sha256_core:u_core|hram:u_hram|mem[31]          ; 0.439             ;
; sha256_core:u_core|mc:u_mc|register_file[4][18]      ; sha256_core:u_core|hram:u_hram|mem[126]         ; 0.439             ;
; sha256_core:u_core|mc:u_mc|register_file[4][24]      ; sha256_core:u_core|hram:u_hram|mem[126]         ; 0.438             ;
; sha256_core:u_core|mc:u_mc|register_file[5][13]      ; sha256_core:u_core|hram:u_hram|mem[95]          ; 0.438             ;
; sha256_core:u_core|mc:u_mc|register_file[7][30]      ; sha256_core:u_core|hram:u_hram|mem[31]          ; 0.438             ;
; sha256_core:u_core|mc:u_mc|register_file[7][4]       ; sha256_core:u_core|hram:u_hram|mem[31]          ; 0.438             ;
; sha256_core:u_core|mc:u_mc|register_file[7][2]       ; sha256_core:u_core|hram:u_hram|mem[31]          ; 0.438             ;
; sha256_core:u_core|mc:u_mc|register_file[4][21]      ; sha256_core:u_core|hram:u_hram|mem[126]         ; 0.437             ;
; sha256_core:u_core|mc:u_mc|register_file[2][11]      ; sha256_core:u_core|hram:u_hram|mem[191]         ; 0.437             ;
; sha256_core:u_core|mc:u_mc|register_file[3][21]      ; sha256_core:u_core|hram:u_hram|mem[159]         ; 0.436             ;
; sha256_core:u_core|mc:u_mc|register_file[2][22]      ; sha256_core:u_core|hram:u_hram|mem[191]         ; 0.436             ;
; sha256_core:u_core|mc:u_mc|register_file[2][3]       ; sha256_core:u_core|hram:u_hram|mem[191]         ; 0.435             ;
; sha256_core:u_core|mc:u_mc|register_file[3][25]      ; sha256_core:u_core|hram:u_hram|mem[159]         ; 0.435             ;
; sha256_core:u_core|mc:u_mc|register_file[3][8]       ; sha256_core:u_core|hram:u_hram|mem[159]         ; 0.434             ;
; sha256_core:u_core|mc:u_mc|register_file[0][2]       ; sha256_core:u_core|hram:u_hram|mem[254]         ; 0.434             ;
; sha256_core:u_core|mc:u_mc|register_file[3][14]      ; sha256_core:u_core|hram:u_hram|mem[159]         ; 0.433             ;
; sha256_core:u_core|mc:u_mc|register_file[7][3]       ; sha256_core:u_core|hram:u_hram|mem[31]          ; 0.431             ;
; sha256_core:u_core|mc:u_mc|register_file[7][1]       ; sha256_core:u_core|hram:u_hram|mem[31]          ; 0.431             ;
; sha256_core:u_core|mc:u_mc|register_file[4][13]      ; sha256_core:u_core|hram:u_hram|mem[126]         ; 0.431             ;
; sha256_core:u_core|mc:u_mc|register_file[7][29]      ; sha256_core:u_core|hram:u_hram|mem[31]          ; 0.430             ;
; sha256_core:u_core|sha256_fsm:u_fsm|cyc[6]           ; sha256_core:u_core|sha256_fsm:u_fsm|state[0]    ; 0.411             ;
; sha256_core:u_core|sha256_fsm:u_fsm|state[2]         ; sha256_core:u_core|sha256_fsm:u_fsm|state[1]    ; 0.364             ;
; sha256_core:u_core|mc:u_mc|register_file[4][0]       ; sha256_core:u_core|hram:u_hram|mem[126]         ; 0.358             ;
; sha256_core:u_core|mc:u_mc|register_file[4][1]       ; sha256_core:u_core|hram:u_hram|mem[126]         ; 0.358             ;
; sha256_core:u_core|sha256_fsm:u_fsm|pad_cnt[0]       ; sha256_core:u_core|sha256_fsm:u_fsm|pad_cnt[3]  ; 0.356             ;
; sha256_csr:u_csr|busy_q                              ; sha256_csr:u_csr|msg_active_q                   ; 0.351             ;
; sha256_core:u_core|mc:u_mc|register_file[5][25]      ; sha256_core:u_core|hram:u_hram|mem[95]          ; 0.348             ;
; sha256_core:u_core|mc:u_mc|register_file[1][21]      ; sha256_core:u_core|mc:u_mc|register_file[2][21] ; 0.337             ;
; sha256_core:u_core|mc:u_mc|register_file[1][28]      ; sha256_core:u_core|mc:u_mc|register_file[2][28] ; 0.337             ;
; sha256_core:u_core|mc:u_mc|register_file[1][26]      ; sha256_core:u_core|mc:u_mc|register_file[2][26] ; 0.337             ;
; sha256_core:u_core|mc:u_mc|register_file[6][25]      ; sha256_core:u_core|mc:u_mc|register_file[7][25] ; 0.336             ;
; sha256_core:u_core|sha256_fsm:u_fsm|state[1]         ; sha256_core:u_core|sha256_fsm:u_fsm|state[2]    ; 0.336             ;
; sha256_core:u_core|mc:u_mc|register_file[5][20]      ; sha256_core:u_core|mc:u_mc|register_file[6][20] ; 0.335             ;
; sha256_core:u_core|mc:u_mc|register_file[6][20]      ; sha256_core:u_core|mc:u_mc|register_file[7][20] ; 0.335             ;
; sha256_core:u_core|mc:u_mc|register_file[5][10]      ; sha256_core:u_core|mc:u_mc|register_file[6][10] ; 0.335             ;
; sha256_core:u_core|mc:u_mc|register_file[4][11]      ; sha256_core:u_core|mc:u_mc|register_file[5][11] ; 0.335             ;
; sha256_core:u_core|mc:u_mc|register_file[7][6]       ; sha256_core:u_core|hram:u_hram|mem[31]          ; 0.335             ;
; sha256_core:u_core|mc:u_mc|register_file[1][31]      ; sha256_core:u_core|mc:u_mc|register_file[2][31] ; 0.334             ;
; sha256_core:u_core|mc:u_mc|register_file[2][31]      ; sha256_core:u_core|mc:u_mc|register_file[3][31] ; 0.334             ;
; sha256_core:u_core|mc:u_mc|register_file[5][24]      ; sha256_core:u_core|mc:u_mc|register_file[6][24] ; 0.334             ;
; sha256_core:u_core|mc:u_mc|register_file[2][20]      ; sha256_core:u_core|mc:u_mc|register_file[3][20] ; 0.334             ;
; sha256_core:u_core|mc:u_mc|register_file[6][14]      ; sha256_core:u_core|mc:u_mc|register_file[7][14] ; 0.334             ;
; sha256_core:u_core|mc:u_mc|register_file[1][17]      ; sha256_core:u_core|mc:u_mc|register_file[2][17] ; 0.334             ;
; sha256_core:u_core|mc:u_mc|register_file[2][24]      ; sha256_core:u_core|mc:u_mc|register_file[3][24] ; 0.334             ;
; sha256_core:u_core|sha256_fsm:u_fsm|done_pulse       ; sha256_csr:u_csr|block_done_q                   ; 0.334             ;
; sha256_core:u_core|sha256_fsm:u_fsm|msg_done_pulse   ; sha256_csr:u_csr|msg_done_q                     ; 0.334             ;
; sha256_core:u_core|mc:u_mc|register_file[5][19]      ; sha256_core:u_core|mc:u_mc|register_file[6][19] ; 0.333             ;
; sha256_core:u_core|mc:u_mc|register_file[5][17]      ; sha256_core:u_core|mc:u_mc|register_file[6][17] ; 0.333             ;
; sha256_core:u_core|mc:u_mc|register_file[2][5]       ; sha256_core:u_core|mc:u_mc|register_file[3][5]  ; 0.332             ;
; sha256_core:u_core|mc:u_mc|register_file[2][6]       ; sha256_core:u_core|mc:u_mc|register_file[3][6]  ; 0.332             ;
; sha256_core:u_core|mc:u_mc|register_file[1][18]      ; sha256_core:u_core|mc:u_mc|register_file[2][18] ; 0.332             ;
; sha256_core:u_core|mc:u_mc|register_file[2][18]      ; sha256_core:u_core|mc:u_mc|register_file[3][18] ; 0.332             ;
; sha256_core:u_core|mc:u_mc|register_file[0][1]       ; sha256_core:u_core|hram:u_hram|mem[254]         ; 0.332             ;
; sha256_core:u_core|mc:u_mc|register_file[2][4]       ; sha256_core:u_core|mc:u_mc|register_file[3][4]  ; 0.332             ;
; sha256_core:u_core|mc:u_mc|register_file[0][6]       ; sha256_core:u_core|mc:u_mc|register_file[1][6]  ; 0.332             ;
; sha256_core:u_core|mc:u_mc|register_file[1][8]       ; sha256_core:u_core|mc:u_mc|register_file[2][8]  ; 0.332             ;
; sha256_core:u_core|mc:u_mc|register_file[2][23]      ; sha256_core:u_core|mc:u_mc|register_file[3][23] ; 0.332             ;
; sha256_core:u_core|mc:u_mc|register_file[0][24]      ; sha256_core:u_core|mc:u_mc|register_file[1][24] ; 0.332             ;
; sha256_core:u_core|mc:u_mc|register_file[1][4]       ; sha256_core:u_core|mc:u_mc|register_file[2][4]  ; 0.332             ;
; sha256_core:u_core|mc:u_mc|register_file[1][22]      ; sha256_core:u_core|mc:u_mc|register_file[2][22] ; 0.332             ;
; sha256_core:u_core|mc:u_mc|register_file[5][7]       ; sha256_core:u_core|mc:u_mc|register_file[6][7]  ; 0.330             ;
; sha256_core:u_core|mc:u_mc|register_file[5][4]       ; sha256_core:u_core|mc:u_mc|register_file[6][4]  ; 0.330             ;
; sha256_core:u_core|mc:u_mc|register_file[1][29]      ; sha256_core:u_core|mc:u_mc|register_file[2][29] ; 0.330             ;
; sha256_core:u_core|mc:u_mc|register_file[0][29]      ; sha256_core:u_core|mc:u_mc|register_file[1][29] ; 0.330             ;
; sha256_core:u_core|sha256_fsm:u_fsm|pass2.PASS2_NONE ; sha256_core:u_core|sha256_fsm:u_fsm|shift_en    ; 0.330             ;
; sha256_core:u_core|mc:u_mc|register_file[6][8]       ; sha256_core:u_core|mc:u_mc|register_file[7][8]  ; 0.329             ;
; sha256_core:u_core|mc:u_mc|register_file[5][14]      ; sha256_core:u_core|mc:u_mc|register_file[6][14] ; 0.329             ;
; sha256_core:u_core|mc:u_mc|register_file[5][15]      ; sha256_core:u_core|mc:u_mc|register_file[6][15] ; 0.329             ;
; sha256_core:u_core|mc:u_mc|register_file[6][15]      ; sha256_core:u_core|mc:u_mc|register_file[7][15] ; 0.329             ;
; sha256_core:u_core|mc:u_mc|register_file[4][6]       ; sha256_core:u_core|mc:u_mc|register_file[5][6]  ; 0.329             ;
; sha256_core:u_core|mc:u_mc|register_file[5][6]       ; sha256_core:u_core|mc:u_mc|register_file[6][6]  ; 0.329             ;
; sha256_core:u_core|mc:u_mc|register_file[6][5]       ; sha256_core:u_core|mc:u_mc|register_file[7][5]  ; 0.329             ;
; sha256_core:u_core|mc:u_mc|register_file[1][7]       ; sha256_core:u_core|mc:u_mc|register_file[2][7]  ; 0.329             ;
; sha256_core:u_core|mc:u_mc|register_file[2][10]      ; sha256_core:u_core|mc:u_mc|register_file[3][10] ; 0.329             ;
; sha256_core:u_core|mc:u_mc|register_file[1][11]      ; sha256_core:u_core|mc:u_mc|register_file[2][11] ; 0.329             ;
; sha256_core:u_core|mc:u_mc|register_file[1][30]      ; sha256_core:u_core|mc:u_mc|register_file[2][30] ; 0.329             ;
; sha256_core:u_core|mc:u_mc|register_file[1][3]       ; sha256_core:u_core|mc:u_mc|register_file[2][3]  ; 0.329             ;
; sha256_core:u_core|hram:u_hram|mem[1]                ; sha256_core:u_core|mc:u_mc|register_file[7][1]  ; 0.328             ;
; sha256_core:u_core|hram:u_hram|mem[109]              ; sha256_core:u_core|mc:u_mc|register_file[4][13] ; 0.326             ;
; sha256_core:u_core|mc:u_mc|register_file[0][7]       ; sha256_core:u_core|mc:u_mc|register_file[1][7]  ; 0.326             ;
; sha256_core:u_core|mc:u_mc|register_file[1][12]      ; sha256_core:u_core|mc:u_mc|register_file[2][12] ; 0.326             ;
; sha256_core:u_core|mc:u_mc|register_file[1][19]      ; sha256_core:u_core|mc:u_mc|register_file[2][19] ; 0.326             ;
; sha256_core:u_core|hram:u_hram|mem[232]              ; sha256_csr:u_csr|avs_readdata[8]                ; 0.325             ;
+------------------------------------------------------+-------------------------------------------------+-------------------+
Note: This table only shows the top 100 path(s) that have the largest delay added for hold.


+-----------------+
; Fitter Messages ;
+-----------------+
Info (20030): Parallel compilation is enabled and will use 16 of the 16 processors detected
Info (119006): Selected device 5CSEBA6U23I7 for design "sha256_soc"
Info (21076): High junction temperature operating condition is not set. Assuming a default value of '100'.
Info (21076): Low junction temperature operating condition is not set. Assuming a default value of '-40'.
Info (171003): Fitter is performing an Auto Fit compilation, which may decrease Fitter effort to reduce compilation time
Warning (292013): Feature LogicLock is only available with a valid subscription license. You can purchase a software subscription to gain full access to this feature.
Warning (15714): Some pins have incomplete I/O assignments. Refer to the I/O Assignment Warnings report for details
Info (176045): Design uses memory blocks. Violating setup or hold times of memory block address registers for either read or write operations could cause memory contents to be corrupted. Make sure that all memory block address registers meet the setup and hold time requirements.
Critical Warning (169085): No exact pin location assignment(s) for 75 pins of 75 total pins
    Info (169086): Pin avs_readdata[0] not assigned to an exact location on the device
    Info (169086): Pin avs_readdata[1] not assigned to an exact location on the device
    Info (169086): Pin avs_readdata[2] not assigned to an exact location on the device
    Info (169086): Pin avs_readdata[3] not assigned to an exact location on the device
    Info (169086): Pin avs_readdata[4] not assigned to an exact location on the device
    Info (169086): Pin avs_readdata[5] not assigned to an exact location on the device
    Info (169086): Pin avs_readdata[6] not assigned to an exact location on the device
    Info (169086): Pin avs_readdata[7] not assigned to an exact location on the device
    Info (169086): Pin avs_readdata[8] not assigned to an exact location on the device
    Info (169086): Pin avs_readdata[9] not assigned to an exact location on the device
    Info (169086): Pin avs_readdata[10] not assigned to an exact location on the device
    Info (169086): Pin avs_readdata[11] not assigned to an exact location on the device
    Info (169086): Pin avs_readdata[12] not assigned to an exact location on the device
    Info (169086): Pin avs_readdata[13] not assigned to an exact location on the device
    Info (169086): Pin avs_readdata[14] not assigned to an exact location on the device
    Info (169086): Pin avs_readdata[15] not assigned to an exact location on the device
    Info (169086): Pin avs_readdata[16] not assigned to an exact location on the device
    Info (169086): Pin avs_readdata[17] not assigned to an exact location on the device
    Info (169086): Pin avs_readdata[18] not assigned to an exact location on the device
    Info (169086): Pin avs_readdata[19] not assigned to an exact location on the device
    Info (169086): Pin avs_readdata[20] not assigned to an exact location on the device
    Info (169086): Pin avs_readdata[21] not assigned to an exact location on the device
    Info (169086): Pin avs_readdata[22] not assigned to an exact location on the device
    Info (169086): Pin avs_readdata[23] not assigned to an exact location on the device
    Info (169086): Pin avs_readdata[24] not assigned to an exact location on the device
    Info (169086): Pin avs_readdata[25] not assigned to an exact location on the device
    Info (169086): Pin avs_readdata[26] not assigned to an exact location on the device
    Info (169086): Pin avs_readdata[27] not assigned to an exact location on the device
    Info (169086): Pin avs_readdata[28] not assigned to an exact location on the device
    Info (169086): Pin avs_readdata[29] not assigned to an exact location on the device
    Info (169086): Pin avs_readdata[30] not assigned to an exact location on the device
    Info (169086): Pin avs_readdata[31] not assigned to an exact location on the device
    Info (169086): Pin irq not assigned to an exact location on the device
    Info (169086): Pin avs_address[0] not assigned to an exact location on the device
    Info (169086): Pin avs_address[4] not assigned to an exact location on the device
    Info (169086): Pin avs_address[1] not assigned to an exact location on the device
    Info (169086): Pin avs_address[5] not assigned to an exact location on the device
    Info (169086): Pin avs_address[2] not assigned to an exact location on the device
    Info (169086): Pin avs_address[3] not assigned to an exact location on the device
    Info (169086): Pin clk not assigned to an exact location on the device
    Info (169086): Pin reset_n not assigned to an exact location on the device
    Info (169086): Pin avs_read not assigned to an exact location on the device
    Info (169086): Pin avs_write not assigned to an exact location on the device
    Info (169086): Pin avs_writedata[1] not assigned to an exact location on the device
    Info (169086): Pin avs_writedata[0] not assigned to an exact location on the device
    Info (169086): Pin avs_writedata[6] not assigned to an exact location on the device
    Info (169086): Pin avs_writedata[2] not assigned to an exact location on the device
    Info (169086): Pin avs_writedata[3] not assigned to an exact location on the device
    Info (169086): Pin avs_writedata[4] not assigned to an exact location on the device
    Info (169086): Pin avs_writedata[5] not assigned to an exact location on the device
    Info (169086): Pin avs_writedata[7] not assigned to an exact location on the device
    Info (169086): Pin avs_writedata[8] not assigned to an exact location on the device
    Info (169086): Pin avs_writedata[9] not assigned to an exact location on the device
    Info (169086): Pin avs_writedata[10] not assigned to an exact location on the device
    Info (169086): Pin avs_writedata[11] not assigned to an exact location on the device
    Info (169086): Pin avs_writedata[12] not assigned to an exact location on the device
    Info (169086): Pin avs_writedata[13] not assigned to an exact location on the device
    Info (169086): Pin avs_writedata[14] not assigned to an exact location on the device
    Info (169086): Pin avs_writedata[15] not assigned to an exact location on the device
    Info (169086): Pin avs_writedata[16] not assigned to an exact location on the device
    Info (169086): Pin avs_writedata[17] not assigned to an exact location on the device
    Info (169086): Pin avs_writedata[18] not assigned to an exact location on the device
    Info (169086): Pin avs_writedata[19] not assigned to an exact location on the device
    Info (169086): Pin avs_writedata[20] not assigned to an exact location on the device
    Info (169086): Pin avs_writedata[21] not assigned to an exact location on the device
    Info (169086): Pin avs_writedata[22] not assigned to an exact location on the device
    Info (169086): Pin avs_writedata[23] not assigned to an exact location on the device
    Info (169086): Pin avs_writedata[24] not assigned to an exact location on the device
    Info (169086): Pin avs_writedata[25] not assigned to an exact location on the device
    Info (169086): Pin avs_writedata[26] not assigned to an exact location on the device
    Info (169086): Pin avs_writedata[27] not assigned to an exact location on the device
    Info (169086): Pin avs_writedata[28] not assigned to an exact location on the device
    Info (169086): Pin avs_writedata[29] not assigned to an exact location on the device
    Info (169086): Pin avs_writedata[30] not assigned to an exact location on the device
    Info (169086): Pin avs_writedata[31] not assigned to an exact location on the device
Warning (205009): Dummy RLC values generated in IBIS model files for device 5CSEBA6 with package UFBGA and pin count 672
Info (184020): Starting Fitter periphery placement operations
Warning (205009): Dummy RLC values generated in IBIS model files for device 5CSEBA6 with package UFBGA and pin count 672
Info (11191): Automatically promoted 2 clocks (2 global)
    Info (11162): clk~inputCLKENA0 with 1450 fanout uses global clock CLKCTRL_G11
    Info (11162): reset_n~inputCLKENA0 with 906 fanout uses global clock CLKCTRL_G10
Warning (205009): Dummy RLC values generated in IBIS model files for device 5CSEBA6 with package UFBGA and pin count 672
Info (184021): Fitter periphery placement operations ending: elapsed time is 00:00:00
Info (332104): Reading SDC File: 'sha256_soc.sdc'
Info (332151): Clock uncertainty is not calculated until you update the timing netlist.
Info (332123): Deriving Clock Uncertainty. Please refer to report_sdc in TimeQuest to see clock uncertainties.
Info (332129): Detected timing requirements -- optimizing circuit to achieve only the specified requirements
Info (332111): Found 1 clocks
    Info (332111):   Period   Clock Name
    Info (332111): ======== ============
    Info (332111):   10.000          clk
Info (176233): Starting register packing
Info (176235): Finished register packing
    Extra Info (176219): No registers were packed into other blocks
Info (11798): Fitter preparation operations ending: elapsed time is 00:00:08
Info (170189): Fitter placement preparation operations beginning
Info (170190): Fitter placement preparation operations ending: elapsed time is 00:00:01
Info (170191): Fitter placement operations beginning
Info (170137): Fitter placement was successful
Info (170192): Fitter placement operations ending: elapsed time is 00:00:10
Info (170193): Fitter routing operations beginning
Info (170195): Router estimated average interconnect usage is 1% of the available device resources
    Info (170196): Router estimated peak interconnect usage is 28% of the available device resources in the region that extends from location X45_Y11 to location X55_Y22
Info (170194): Fitter routing operations ending: elapsed time is 00:00:06
Info (170199): The Fitter performed an Auto Fit compilation.  Optimizations were skipped to reduce compilation time.
    Info (170201): Optimizations that may affect the design's routability were skipped
Info (11888): Total time spent on timing analysis during the Fitter is 4.05 seconds.
Info (334003): Started post-fitting delay annotation
Warning (334000): Timing characteristics of device 5CSEBA6U23I7 are preliminary
Info (334004): Delay annotation completed successfully
Info (334003): Started post-fitting delay annotation
Warning (334000): Timing characteristics of device 5CSEBA6U23I7 are preliminary
Info (334004): Delay annotation completed successfully
Info (11801): Fitter post-fit operations ending: elapsed time is 00:00:08
Info (144001): Generated suppressed messages file C:/Semester_7/Peruri/sha256/PERURI/quartus_sha256_soc/quartus/output_files/sha256_soc.fit.smsg
Info: Quartus II 64-Bit Fitter was successful. 0 errors, 8 warnings
    Info: Peak virtual memory: 6832 megabytes
    Info: Processing ended: Wed Oct 07 13:34:39 2026
    Info: Elapsed time: 00:00:54
    Info: Total CPU time (on all processors): 00:01:50


+----------------------------+
; Fitter Suppressed Messages ;
+----------------------------+
The suppressed messages can be found in C:/Semester_7/Peruri/sha256/PERURI/quartus_sha256_soc/quartus/output_files/sha256_soc.fit.smsg.


