TimeQuest Timing Analyzer report for sha256_soc
Wed Oct 07 13:35:05 2026
Quartus II 64-Bit Version 13.1.0 Build 162 10/23/2013 SJ Web Edition


---------------------
; Table of Contents ;
---------------------
  1. Legal Notice
  2. TimeQuest Timing Analyzer Summary
  3. Parallel Compilation
  4. SDC File List
  5. Clocks
  6. Slow 1100mV 100C Model Fmax Summary
  7. Timing Closure Recommendations
  8. Slow 1100mV 100C Model Setup Summary
  9. Slow 1100mV 100C Model Hold Summary
 10. Slow 1100mV 100C Model Recovery Summary
 11. Slow 1100mV 100C Model Removal Summary
 12. Slow 1100mV 100C Model Minimum Pulse Width Summary
 13. Setup Times
 14. Hold Times
 15. Clock to Output Times
 16. Minimum Clock to Output Times
 17. Slow 1100mV 100C Model Metastability Report
 18. Slow 1100mV -40C Model Fmax Summary
 19. Slow 1100mV -40C Model Setup Summary
 20. Slow 1100mV -40C Model Hold Summary
 21. Slow 1100mV -40C Model Recovery Summary
 22. Slow 1100mV -40C Model Removal Summary
 23. Slow 1100mV -40C Model Minimum Pulse Width Summary
 24. Setup Times
 25. Hold Times
 26. Clock to Output Times
 27. Minimum Clock to Output Times
 28. Slow 1100mV -40C Model Metastability Report
 29. Fast 1100mV 100C Model Setup Summary
 30. Fast 1100mV 100C Model Hold Summary
 31. Fast 1100mV 100C Model Recovery Summary
 32. Fast 1100mV 100C Model Removal Summary
 33. Fast 1100mV 100C Model Minimum Pulse Width Summary
 34. Setup Times
 35. Hold Times
 36. Clock to Output Times
 37. Minimum Clock to Output Times
 38. Fast 1100mV 100C Model Metastability Report
 39. Fast 1100mV -40C Model Setup Summary
 40. Fast 1100mV -40C Model Hold Summary
 41. Fast 1100mV -40C Model Recovery Summary
 42. Fast 1100mV -40C Model Removal Summary
 43. Fast 1100mV -40C Model Minimum Pulse Width Summary
 44. Setup Times
 45. Hold Times
 46. Clock to Output Times
 47. Minimum Clock to Output Times
 48. Fast 1100mV -40C Model Metastability Report
 49. Multicorner Timing Analysis Summary
 50. Setup Times
 51. Hold Times
 52. Clock to Output Times
 53. Minimum Clock to Output Times
 54. Board Trace Model Assignments
 55. Input Transition Times
 56. Signal Integrity Metrics (Slow 1100mv n40c Model)
 57. Signal Integrity Metrics (Slow 1100mv 100c Model)
 58. Signal Integrity Metrics (Fast 1100mv n40c Model)
 59. Signal Integrity Metrics (Fast 1100mv 100c Model)
 60. Setup Transfers
 61. Hold Transfers
 62. Report TCCS
 63. Report RSKM
 64. Unconstrained Paths
 65. TimeQuest Timing Analyzer Messages



----------------
; Legal Notice ;
----------------
Copyright (C) 1991-2013 Altera Corporation
Your use of Altera Corporation's design tools, logic functions 
and other software and tools, and its AMPP partner logic 
functions, and any output files from any of the foregoing 
(including device programming or simulation files), and any 
associated documentation or information are expressly subject 
to the terms and conditions of the Altera Program License 
Subscription Agreement, Altera MegaCore Function License 
Agreement, or other applicable license agreement, including, 
without limitation, that your use is for the sole purpose of 
programming logic devices manufactured by Altera and sold by 
Altera or its authorized distributors.  Please refer to the 
applicable agreement for further details.



+-------------------------------------------------------------------------+
; TimeQuest Timing Analyzer Summary                                       ;
+--------------------+----------------------------------------------------+
; Quartus II Version ; Version 13.1.0 Build 162 10/23/2013 SJ Web Edition ;
; Revision Name      ; sha256_soc                                         ;
; Device Family      ; Cyclone V                                          ;
; Device Name        ; 5CSEBA6U23I7                                       ;
; Timing Models      ; Preliminary                                        ;
; Delay Model        ; Combined                                           ;
; Rise/Fall Delays   ; Enabled                                            ;
+--------------------+----------------------------------------------------+


+------------------------------------------+
; Parallel Compilation                     ;
+----------------------------+-------------+
; Processors                 ; Number      ;
+----------------------------+-------------+
; Number detected on machine ; 16          ;
; Maximum allowed            ; 16          ;
;                            ;             ;
; Average used               ; 6.63        ;
; Maximum used               ; 16          ;
;                            ;             ;
; Usage by Processor         ; % Time Used ;
;     Processor 1            ; 100.0%      ;
;     Processors 2-16        ;  37.5%      ;
+----------------------------+-------------+


+----------------------------------------------------+
; SDC File List                                      ;
+----------------+--------+--------------------------+
; SDC File Path  ; Status ; Read at                  ;
+----------------+--------+--------------------------+
; sha256_soc.sdc ; OK     ; Wed Oct 07 13:34:58 2026 ;
+----------------+--------+--------------------------+


+--------------------------------------------------------------------------------------------------------------------------------------------------------------------------------+
; Clocks                                                                                                                                                                         ;
+------------+------+--------+-----------+-------+-------+------------+-----------+-------------+-------+--------+-----------+------------+----------+--------+--------+---------+
; Clock Name ; Type ; Period ; Frequency ; Rise  ; Fall  ; Duty Cycle ; Divide by ; Multiply by ; Phase ; Offset ; Edge List ; Edge Shift ; Inverted ; Master ; Source ; Targets ;
+------------+------+--------+-----------+-------+-------+------------+-----------+-------------+-------+--------+-----------+------------+----------+--------+--------+---------+
; clk        ; Base ; 10.000 ; 100.0 MHz ; 0.000 ; 5.000 ;            ;           ;             ;       ;        ;           ;            ;          ;        ;        ; { clk } ;
+------------+------+--------+-----------+-------+-------+------------+-----------+-------------+-------+--------+-----------+------------+----------+--------+--------+---------+


+--------------------------------------------------+
; Slow 1100mV 100C Model Fmax Summary              ;
+------------+-----------------+------------+------+
; Fmax       ; Restricted Fmax ; Clock Name ; Note ;
+------------+-----------------+------------+------+
; 126.94 MHz ; 126.94 MHz      ; clk        ;      ;
+------------+-----------------+------------+------+
This panel reports FMAX for every clock in the design, regardless of the user-specified clock periods.  FMAX is only computed for paths where the source and destination registers or ports are driven by the same clock.  Paths of different clocks, including generated clocks, are ignored.  For paths between a clock and its inversion, FMAX is computed as if the rising and falling edges are scaled along with FMAX, such that the duty cycle (in terms of a percentage) is maintained. Altera recommends that you always use clock constraints and other slack reports for sign-off analysis.


----------------------------------
; Timing Closure Recommendations ;
----------------------------------
HTML report is unavailable in plain text report export.


+--------------------------------------+
; Slow 1100mV 100C Model Setup Summary ;
+-------+-------+----------------------+
; Clock ; Slack ; End Point TNS        ;
+-------+-------+----------------------+
; clk   ; 2.122 ; 0.000                ;
+-------+-------+----------------------+


+-------------------------------------+
; Slow 1100mV 100C Model Hold Summary ;
+-------+-------+---------------------+
; Clock ; Slack ; End Point TNS       ;
+-------+-------+---------------------+
; clk   ; 0.351 ; 0.000               ;
+-------+-------+---------------------+


-------------------------------------------
; Slow 1100mV 100C Model Recovery Summary ;
-------------------------------------------
No paths to report.


------------------------------------------
; Slow 1100mV 100C Model Removal Summary ;
------------------------------------------
No paths to report.


+----------------------------------------------------+
; Slow 1100mV 100C Model Minimum Pulse Width Summary ;
+-------+-------+------------------------------------+
; Clock ; Slack ; End Point TNS                      ;
+-------+-------+------------------------------------+
; clk   ; 3.637 ; 0.000                              ;
+-------+-------+------------------------------------+


+----------------------------------------------------------------------------------+
; Setup Times                                                                      ;
+--------------------+------------+--------+--------+------------+-----------------+
; Data Port          ; Clock Port ; Rise   ; Fall   ; Clock Edge ; Clock Reference ;
+--------------------+------------+--------+--------+------------+-----------------+
; avs_address[*]     ; clk        ; 10.632 ; 11.249 ; Rise       ; clk             ;
;  avs_address[0]    ; clk        ; 9.695  ; 10.330 ; Rise       ; clk             ;
;  avs_address[1]    ; clk        ; 6.296  ; 6.939  ; Rise       ; clk             ;
;  avs_address[2]    ; clk        ; 5.948  ; 6.945  ; Rise       ; clk             ;
;  avs_address[3]    ; clk        ; 10.632 ; 11.249 ; Rise       ; clk             ;
;  avs_address[4]    ; clk        ; 8.013  ; 7.948  ; Rise       ; clk             ;
;  avs_address[5]    ; clk        ; 7.596  ; 7.676  ; Rise       ; clk             ;
; avs_read           ; clk        ; 2.929  ; 3.312  ; Rise       ; clk             ;
; avs_write          ; clk        ; 2.824  ; 3.622  ; Rise       ; clk             ;
; avs_writedata[*]   ; clk        ; 4.085  ; 4.393  ; Rise       ; clk             ;
;  avs_writedata[0]  ; clk        ; 3.168  ; 4.130  ; Rise       ; clk             ;
;  avs_writedata[1]  ; clk        ; 1.832  ; 2.478  ; Rise       ; clk             ;
;  avs_writedata[2]  ; clk        ; 2.054  ; 2.423  ; Rise       ; clk             ;
;  avs_writedata[3]  ; clk        ; 0.733  ; 0.980  ; Rise       ; clk             ;
;  avs_writedata[4]  ; clk        ; 0.342  ; 0.764  ; Rise       ; clk             ;
;  avs_writedata[5]  ; clk        ; 1.021  ; 1.862  ; Rise       ; clk             ;
;  avs_writedata[6]  ; clk        ; 4.085  ; 4.393  ; Rise       ; clk             ;
;  avs_writedata[7]  ; clk        ; 0.581  ; 1.164  ; Rise       ; clk             ;
;  avs_writedata[8]  ; clk        ; 2.183  ; 2.844  ; Rise       ; clk             ;
;  avs_writedata[9]  ; clk        ; 0.299  ; 0.591  ; Rise       ; clk             ;
;  avs_writedata[10] ; clk        ; 2.606  ; 2.992  ; Rise       ; clk             ;
;  avs_writedata[11] ; clk        ; 0.143  ; 0.725  ; Rise       ; clk             ;
;  avs_writedata[12] ; clk        ; 2.648  ; 3.049  ; Rise       ; clk             ;
;  avs_writedata[13] ; clk        ; 1.293  ; 1.726  ; Rise       ; clk             ;
;  avs_writedata[14] ; clk        ; 0.304  ; 0.762  ; Rise       ; clk             ;
;  avs_writedata[15] ; clk        ; 2.703  ; 2.925  ; Rise       ; clk             ;
;  avs_writedata[16] ; clk        ; 2.743  ; 3.247  ; Rise       ; clk             ;
;  avs_writedata[17] ; clk        ; 0.276  ; 0.723  ; Rise       ; clk             ;
;  avs_writedata[18] ; clk        ; 2.643  ; 3.088  ; Rise       ; clk             ;
;  avs_writedata[19] ; clk        ; 0.121  ; 0.514  ; Rise       ; clk             ;
;  avs_writedata[20] ; clk        ; 2.360  ; 2.673  ; Rise       ; clk             ;
;  avs_writedata[21] ; clk        ; 1.789  ; 2.753  ; Rise       ; clk             ;
;  avs_writedata[22] ; clk        ; 0.804  ; 1.577  ; Rise       ; clk             ;
;  avs_writedata[23] ; clk        ; 1.563  ; 2.063  ; Rise       ; clk             ;
;  avs_writedata[24] ; clk        ; 0.460  ; 1.211  ; Rise       ; clk             ;
;  avs_writedata[25] ; clk        ; 0.174  ; 0.230  ; Rise       ; clk             ;
;  avs_writedata[26] ; clk        ; 0.810  ; 1.661  ; Rise       ; clk             ;
;  avs_writedata[27] ; clk        ; 0.218  ; 0.721  ; Rise       ; clk             ;
;  avs_writedata[28] ; clk        ; 2.167  ; 2.695  ; Rise       ; clk             ;
;  avs_writedata[29] ; clk        ; 0.492  ; 1.093  ; Rise       ; clk             ;
;  avs_writedata[30] ; clk        ; 0.822  ; 1.630  ; Rise       ; clk             ;
;  avs_writedata[31] ; clk        ; 0.373  ; 0.785  ; Rise       ; clk             ;
+--------------------+------------+--------+--------+------------+-----------------+


+----------------------------------------------------------------------------------+
; Hold Times                                                                       ;
+--------------------+------------+--------+--------+------------+-----------------+
; Data Port          ; Clock Port ; Rise   ; Fall   ; Clock Edge ; Clock Reference ;
+--------------------+------------+--------+--------+------------+-----------------+
; avs_address[*]     ; clk        ; 0.837  ; 0.489  ; Rise       ; clk             ;
;  avs_address[0]    ; clk        ; -0.017 ; -0.248 ; Rise       ; clk             ;
;  avs_address[1]    ; clk        ; 0.573  ; 0.255  ; Rise       ; clk             ;
;  avs_address[2]    ; clk        ; 0.837  ; 0.489  ; Rise       ; clk             ;
;  avs_address[3]    ; clk        ; -0.152 ; -0.355 ; Rise       ; clk             ;
;  avs_address[4]    ; clk        ; -0.211 ; -0.388 ; Rise       ; clk             ;
;  avs_address[5]    ; clk        ; -0.288 ; -0.528 ; Rise       ; clk             ;
; avs_read           ; clk        ; -0.058 ; -0.217 ; Rise       ; clk             ;
; avs_write          ; clk        ; 1.188  ; 0.774  ; Rise       ; clk             ;
; avs_writedata[*]   ; clk        ; 1.304  ; 1.033  ; Rise       ; clk             ;
;  avs_writedata[0]  ; clk        ; 0.199  ; -0.151 ; Rise       ; clk             ;
;  avs_writedata[1]  ; clk        ; 0.829  ; 0.484  ; Rise       ; clk             ;
;  avs_writedata[2]  ; clk        ; 1.099  ; 0.843  ; Rise       ; clk             ;
;  avs_writedata[3]  ; clk        ; 1.225  ; 1.033  ; Rise       ; clk             ;
;  avs_writedata[4]  ; clk        ; 0.648  ; 0.311  ; Rise       ; clk             ;
;  avs_writedata[5]  ; clk        ; 0.407  ; -0.146 ; Rise       ; clk             ;
;  avs_writedata[6]  ; clk        ; 0.700  ; 0.522  ; Rise       ; clk             ;
;  avs_writedata[7]  ; clk        ; 0.805  ; 0.410  ; Rise       ; clk             ;
;  avs_writedata[8]  ; clk        ; -0.832 ; -1.239 ; Rise       ; clk             ;
;  avs_writedata[9]  ; clk        ; 0.809  ; 0.590  ; Rise       ; clk             ;
;  avs_writedata[10] ; clk        ; 0.557  ; 0.337  ; Rise       ; clk             ;
;  avs_writedata[11] ; clk        ; 1.148  ; 0.812  ; Rise       ; clk             ;
;  avs_writedata[12] ; clk        ; 0.122  ; -0.072 ; Rise       ; clk             ;
;  avs_writedata[13] ; clk        ; 0.216  ; -0.030 ; Rise       ; clk             ;
;  avs_writedata[14] ; clk        ; 0.892  ; 0.562  ; Rise       ; clk             ;
;  avs_writedata[15] ; clk        ; 0.383  ; 0.163  ; Rise       ; clk             ;
;  avs_writedata[16] ; clk        ; 0.101  ; -0.237 ; Rise       ; clk             ;
;  avs_writedata[17] ; clk        ; 0.909  ; 0.594  ; Rise       ; clk             ;
;  avs_writedata[18] ; clk        ; 0.533  ; 0.323  ; Rise       ; clk             ;
;  avs_writedata[19] ; clk        ; 1.304  ; 0.952  ; Rise       ; clk             ;
;  avs_writedata[20] ; clk        ; 0.592  ; 0.419  ; Rise       ; clk             ;
;  avs_writedata[21] ; clk        ; 0.697  ; 0.674  ; Rise       ; clk             ;
;  avs_writedata[22] ; clk        ; 0.526  ; 0.162  ; Rise       ; clk             ;
;  avs_writedata[23] ; clk        ; 0.550  ; 0.464  ; Rise       ; clk             ;
;  avs_writedata[24] ; clk        ; 0.978  ; 0.571  ; Rise       ; clk             ;
;  avs_writedata[25] ; clk        ; 0.901  ; 0.874  ; Rise       ; clk             ;
;  avs_writedata[26] ; clk        ; 0.550  ; 0.063  ; Rise       ; clk             ;
;  avs_writedata[27] ; clk        ; 0.805  ; 0.527  ; Rise       ; clk             ;
;  avs_writedata[28] ; clk        ; -0.773 ; -1.125 ; Rise       ; clk             ;
;  avs_writedata[29] ; clk        ; 0.906  ; 0.619  ; Rise       ; clk             ;
;  avs_writedata[30] ; clk        ; 0.542  ; 0.076  ; Rise       ; clk             ;
;  avs_writedata[31] ; clk        ; 0.645  ; 0.291  ; Rise       ; clk             ;
+--------------------+------------+--------+--------+------------+-----------------+


+---------------------------------------------------------------------------------+
; Clock to Output Times                                                           ;
+-------------------+------------+--------+--------+------------+-----------------+
; Data Port         ; Clock Port ; Rise   ; Fall   ; Clock Edge ; Clock Reference ;
+-------------------+------------+--------+--------+------------+-----------------+
; avs_readdata[*]   ; clk        ; 12.815 ; 13.565 ; Rise       ; clk             ;
;  avs_readdata[0]  ; clk        ; 11.103 ; 11.235 ; Rise       ; clk             ;
;  avs_readdata[1]  ; clk        ; 12.083 ; 12.686 ; Rise       ; clk             ;
;  avs_readdata[2]  ; clk        ; 11.329 ; 11.564 ; Rise       ; clk             ;
;  avs_readdata[3]  ; clk        ; 11.912 ; 12.435 ; Rise       ; clk             ;
;  avs_readdata[4]  ; clk        ; 11.642 ; 12.012 ; Rise       ; clk             ;
;  avs_readdata[5]  ; clk        ; 9.651  ; 10.170 ; Rise       ; clk             ;
;  avs_readdata[6]  ; clk        ; 10.867 ; 11.083 ; Rise       ; clk             ;
;  avs_readdata[7]  ; clk        ; 12.146 ; 12.715 ; Rise       ; clk             ;
;  avs_readdata[8]  ; clk        ; 12.793 ; 13.435 ; Rise       ; clk             ;
;  avs_readdata[9]  ; clk        ; 12.815 ; 13.565 ; Rise       ; clk             ;
;  avs_readdata[10] ; clk        ; 9.993  ; 10.566 ; Rise       ; clk             ;
;  avs_readdata[11] ; clk        ; 11.384 ; 11.704 ; Rise       ; clk             ;
;  avs_readdata[12] ; clk        ; 11.770 ; 12.019 ; Rise       ; clk             ;
;  avs_readdata[13] ; clk        ; 11.010 ; 11.231 ; Rise       ; clk             ;
;  avs_readdata[14] ; clk        ; 11.580 ; 11.970 ; Rise       ; clk             ;
;  avs_readdata[15] ; clk        ; 12.266 ; 12.946 ; Rise       ; clk             ;
;  avs_readdata[16] ; clk        ; 11.877 ; 12.280 ; Rise       ; clk             ;
;  avs_readdata[17] ; clk        ; 11.789 ; 12.204 ; Rise       ; clk             ;
;  avs_readdata[18] ; clk        ; 11.341 ; 11.570 ; Rise       ; clk             ;
;  avs_readdata[19] ; clk        ; 11.370 ; 11.526 ; Rise       ; clk             ;
;  avs_readdata[20] ; clk        ; 11.630 ; 11.769 ; Rise       ; clk             ;
;  avs_readdata[21] ; clk        ; 12.094 ; 12.797 ; Rise       ; clk             ;
;  avs_readdata[22] ; clk        ; 11.607 ; 12.132 ; Rise       ; clk             ;
;  avs_readdata[23] ; clk        ; 11.507 ; 11.916 ; Rise       ; clk             ;
;  avs_readdata[24] ; clk        ; 10.211 ; 10.902 ; Rise       ; clk             ;
;  avs_readdata[25] ; clk        ; 9.483  ; 9.985  ; Rise       ; clk             ;
;  avs_readdata[26] ; clk        ; 11.116 ; 11.269 ; Rise       ; clk             ;
;  avs_readdata[27] ; clk        ; 11.495 ; 11.672 ; Rise       ; clk             ;
;  avs_readdata[28] ; clk        ; 11.095 ; 11.163 ; Rise       ; clk             ;
;  avs_readdata[29] ; clk        ; 12.269 ; 12.845 ; Rise       ; clk             ;
;  avs_readdata[30] ; clk        ; 11.133 ; 11.440 ; Rise       ; clk             ;
;  avs_readdata[31] ; clk        ; 11.184 ; 11.485 ; Rise       ; clk             ;
; irq               ; clk        ; 13.910 ; 14.771 ; Rise       ; clk             ;
+-------------------+------------+--------+--------+------------+-----------------+


+---------------------------------------------------------------------------------+
; Minimum Clock to Output Times                                                   ;
+-------------------+------------+--------+--------+------------+-----------------+
; Data Port         ; Clock Port ; Rise   ; Fall   ; Clock Edge ; Clock Reference ;
+-------------------+------------+--------+--------+------------+-----------------+
; avs_readdata[*]   ; clk        ; 8.923  ; 9.274  ; Rise       ; clk             ;
;  avs_readdata[0]  ; clk        ; 9.289  ; 9.394  ; Rise       ; clk             ;
;  avs_readdata[1]  ; clk        ; 10.134 ; 10.558 ; Rise       ; clk             ;
;  avs_readdata[2]  ; clk        ; 9.483  ; 9.638  ; Rise       ; clk             ;
;  avs_readdata[3]  ; clk        ; 10.003 ; 10.424 ; Rise       ; clk             ;
;  avs_readdata[4]  ; clk        ; 9.727  ; 9.972  ; Rise       ; clk             ;
;  avs_readdata[5]  ; clk        ; 9.073  ; 9.493  ; Rise       ; clk             ;
;  avs_readdata[6]  ; clk        ; 9.075  ; 9.274  ; Rise       ; clk             ;
;  avs_readdata[7]  ; clk        ; 10.205 ; 10.647 ; Rise       ; clk             ;
;  avs_readdata[8]  ; clk        ; 10.822 ; 11.323 ; Rise       ; clk             ;
;  avs_readdata[9]  ; clk        ; 10.817 ; 11.382 ; Rise       ; clk             ;
;  avs_readdata[10] ; clk        ; 9.374  ; 9.787  ; Rise       ; clk             ;
;  avs_readdata[11] ; clk        ; 9.554  ; 9.847  ; Rise       ; clk             ;
;  avs_readdata[12] ; clk        ; 9.889  ; 10.074 ; Rise       ; clk             ;
;  avs_readdata[13] ; clk        ; 9.213  ; 9.417  ; Rise       ; clk             ;
;  avs_readdata[14] ; clk        ; 9.702  ; 9.994  ; Rise       ; clk             ;
;  avs_readdata[15] ; clk        ; 10.265 ; 10.688 ; Rise       ; clk             ;
;  avs_readdata[16] ; clk        ; 9.991  ; 10.299 ; Rise       ; clk             ;
;  avs_readdata[17] ; clk        ; 9.885  ; 10.206 ; Rise       ; clk             ;
;  avs_readdata[18] ; clk        ; 9.485  ; 9.636  ; Rise       ; clk             ;
;  avs_readdata[19] ; clk        ; 9.520  ; 9.615  ; Rise       ; clk             ;
;  avs_readdata[20] ; clk        ; 9.771  ; 9.859  ; Rise       ; clk             ;
;  avs_readdata[21] ; clk        ; 11.313 ; 11.836 ; Rise       ; clk             ;
;  avs_readdata[22] ; clk        ; 9.728  ; 10.168 ; Rise       ; clk             ;
;  avs_readdata[23] ; clk        ; 9.635  ; 9.960  ; Rise       ; clk             ;
;  avs_readdata[24] ; clk        ; 9.491  ; 9.844  ; Rise       ; clk             ;
;  avs_readdata[25] ; clk        ; 8.923  ; 9.357  ; Rise       ; clk             ;
;  avs_readdata[26] ; clk        ; 9.297  ; 9.406  ; Rise       ; clk             ;
;  avs_readdata[27] ; clk        ; 9.623  ; 9.730  ; Rise       ; clk             ;
;  avs_readdata[28] ; clk        ; 9.272  ; 9.309  ; Rise       ; clk             ;
;  avs_readdata[29] ; clk        ; 10.293 ; 10.660 ; Rise       ; clk             ;
;  avs_readdata[30] ; clk        ; 9.318  ; 9.600  ; Rise       ; clk             ;
;  avs_readdata[31] ; clk        ; 9.363  ; 9.623  ; Rise       ; clk             ;
; irq               ; clk        ; 10.707 ; 11.125 ; Rise       ; clk             ;
+-------------------+------------+--------+--------+------------+-----------------+


-----------------------------------------------
; Slow 1100mV 100C Model Metastability Report ;
-----------------------------------------------
No synchronizer chains to report.


+--------------------------------------------------+
; Slow 1100mV -40C Model Fmax Summary              ;
+------------+-----------------+------------+------+
; Fmax       ; Restricted Fmax ; Clock Name ; Note ;
+------------+-----------------+------------+------+
; 117.47 MHz ; 117.47 MHz      ; clk        ;      ;
+------------+-----------------+------------+------+
This panel reports FMAX for every clock in the design, regardless of the user-specified clock periods.  FMAX is only computed for paths where the source and destination registers or ports are driven by the same clock.  Paths of different clocks, including generated clocks, are ignored.  For paths between a clock and its inversion, FMAX is computed as if the rising and falling edges are scaled along with FMAX, such that the duty cycle (in terms of a percentage) is maintained. Altera recommends that you always use clock constraints and other slack reports for sign-off analysis.


+--------------------------------------+
; Slow 1100mV -40C Model Setup Summary ;
+-------+-------+----------------------+
; Clock ; Slack ; End Point TNS        ;
+-------+-------+----------------------+
; clk   ; 1.487 ; 0.000                ;
+-------+-------+----------------------+


+-------------------------------------+
; Slow 1100mV -40C Model Hold Summary ;
+-------+-------+---------------------+
; Clock ; Slack ; End Point TNS       ;
+-------+-------+---------------------+
; clk   ; 0.328 ; 0.000               ;
+-------+-------+---------------------+


-------------------------------------------
; Slow 1100mV -40C Model Recovery Summary ;
-------------------------------------------
No paths to report.


------------------------------------------
; Slow 1100mV -40C Model Removal Summary ;
------------------------------------------
No paths to report.


+----------------------------------------------------+
; Slow 1100mV -40C Model Minimum Pulse Width Summary ;
+-------+-------+------------------------------------+
; Clock ; Slack ; End Point TNS                      ;
+-------+-------+------------------------------------+
; clk   ; 3.584 ; 0.000                              ;
+-------+-------+------------------------------------+


+----------------------------------------------------------------------------------+
; Setup Times                                                                      ;
+--------------------+------------+--------+--------+------------+-----------------+
; Data Port          ; Clock Port ; Rise   ; Fall   ; Clock Edge ; Clock Reference ;
+--------------------+------------+--------+--------+------------+-----------------+
; avs_address[*]     ; clk        ; 10.866 ; 11.518 ; Rise       ; clk             ;
;  avs_address[0]    ; clk        ; 9.603  ; 10.330 ; Rise       ; clk             ;
;  avs_address[1]    ; clk        ; 6.233  ; 6.953  ; Rise       ; clk             ;
;  avs_address[2]    ; clk        ; 5.932  ; 7.110  ; Rise       ; clk             ;
;  avs_address[3]    ; clk        ; 10.866 ; 11.518 ; Rise       ; clk             ;
;  avs_address[4]    ; clk        ; 7.824  ; 7.740  ; Rise       ; clk             ;
;  avs_address[5]    ; clk        ; 7.439  ; 7.804  ; Rise       ; clk             ;
; avs_read           ; clk        ; 2.548  ; 2.997  ; Rise       ; clk             ;
; avs_write          ; clk        ; 2.539  ; 3.447  ; Rise       ; clk             ;
; avs_writedata[*]   ; clk        ; 3.745  ; 4.072  ; Rise       ; clk             ;
;  avs_writedata[0]  ; clk        ; 2.976  ; 4.072  ; Rise       ; clk             ;
;  avs_writedata[1]  ; clk        ; 1.534  ; 2.259  ; Rise       ; clk             ;
;  avs_writedata[2]  ; clk        ; 1.769  ; 2.183  ; Rise       ; clk             ;
;  avs_writedata[3]  ; clk        ; 0.393  ; 0.696  ; Rise       ; clk             ;
;  avs_writedata[4]  ; clk        ; 0.060  ; 0.565  ; Rise       ; clk             ;
;  avs_writedata[5]  ; clk        ; 0.905  ; 1.823  ; Rise       ; clk             ;
;  avs_writedata[6]  ; clk        ; 3.745  ; 4.071  ; Rise       ; clk             ;
;  avs_writedata[7]  ; clk        ; 0.440  ; 1.071  ; Rise       ; clk             ;
;  avs_writedata[8]  ; clk        ; 1.872  ; 2.698  ; Rise       ; clk             ;
;  avs_writedata[9]  ; clk        ; -0.001 ; 0.377  ; Rise       ; clk             ;
;  avs_writedata[10] ; clk        ; 2.384  ; 2.824  ; Rise       ; clk             ;
;  avs_writedata[11] ; clk        ; -0.060 ; 0.588  ; Rise       ; clk             ;
;  avs_writedata[12] ; clk        ; 2.374  ; 2.818  ; Rise       ; clk             ;
;  avs_writedata[13] ; clk        ; 1.040  ; 1.578  ; Rise       ; clk             ;
;  avs_writedata[14] ; clk        ; 0.093  ; 0.601  ; Rise       ; clk             ;
;  avs_writedata[15] ; clk        ; 2.470  ; 2.759  ; Rise       ; clk             ;
;  avs_writedata[16] ; clk        ; 2.558  ; 3.116  ; Rise       ; clk             ;
;  avs_writedata[17] ; clk        ; 0.016  ; 0.531  ; Rise       ; clk             ;
;  avs_writedata[18] ; clk        ; 2.425  ; 2.943  ; Rise       ; clk             ;
;  avs_writedata[19] ; clk        ; -0.138 ; 0.321  ; Rise       ; clk             ;
;  avs_writedata[20] ; clk        ; 2.075  ; 2.454  ; Rise       ; clk             ;
;  avs_writedata[21] ; clk        ; 1.677  ; 2.756  ; Rise       ; clk             ;
;  avs_writedata[22] ; clk        ; 0.622  ; 1.466  ; Rise       ; clk             ;
;  avs_writedata[23] ; clk        ; 1.228  ; 1.895  ; Rise       ; clk             ;
;  avs_writedata[24] ; clk        ; 0.301  ; 1.130  ; Rise       ; clk             ;
;  avs_writedata[25] ; clk        ; -0.149 ; -0.003 ; Rise       ; clk             ;
;  avs_writedata[26] ; clk        ; 0.621  ; 1.577  ; Rise       ; clk             ;
;  avs_writedata[27] ; clk        ; -0.045 ; 0.499  ; Rise       ; clk             ;
;  avs_writedata[28] ; clk        ; 1.914  ; 2.564  ; Rise       ; clk             ;
;  avs_writedata[29] ; clk        ; 0.264  ; 0.945  ; Rise       ; clk             ;
;  avs_writedata[30] ; clk        ; 0.612  ; 1.536  ; Rise       ; clk             ;
;  avs_writedata[31] ; clk        ; 0.191  ; 0.645  ; Rise       ; clk             ;
+--------------------+------------+--------+--------+------------+-----------------+


+----------------------------------------------------------------------------------+
; Hold Times                                                                       ;
+--------------------+------------+--------+--------+------------+-----------------+
; Data Port          ; Clock Port ; Rise   ; Fall   ; Clock Edge ; Clock Reference ;
+--------------------+------------+--------+--------+------------+-----------------+
; avs_address[*]     ; clk        ; 1.082  ; 0.663  ; Rise       ; clk             ;
;  avs_address[0]    ; clk        ; 0.209  ; -0.112 ; Rise       ; clk             ;
;  avs_address[1]    ; clk        ; 0.807  ; 0.385  ; Rise       ; clk             ;
;  avs_address[2]    ; clk        ; 1.082  ; 0.663  ; Rise       ; clk             ;
;  avs_address[3]    ; clk        ; -0.008 ; -0.208 ; Rise       ; clk             ;
;  avs_address[4]    ; clk        ; 0.015  ; -0.151 ; Rise       ; clk             ;
;  avs_address[5]    ; clk        ; -0.215 ; -0.431 ; Rise       ; clk             ;
; avs_read           ; clk        ; 0.268  ; 0.054  ; Rise       ; clk             ;
; avs_write          ; clk        ; 1.384  ; 0.974  ; Rise       ; clk             ;
; avs_writedata[*]   ; clk        ; 1.519  ; 1.248  ; Rise       ; clk             ;
;  avs_writedata[0]  ; clk        ; 0.359  ; -0.133 ; Rise       ; clk             ;
;  avs_writedata[1]  ; clk        ; 1.052  ; 0.653  ; Rise       ; clk             ;
;  avs_writedata[2]  ; clk        ; 1.361  ; 1.053  ; Rise       ; clk             ;
;  avs_writedata[3]  ; clk        ; 1.506  ; 1.248  ; Rise       ; clk             ;
;  avs_writedata[4]  ; clk        ; 0.876  ; 0.479  ; Rise       ; clk             ;
;  avs_writedata[5]  ; clk        ; 0.515  ; -0.081 ; Rise       ; clk             ;
;  avs_writedata[6]  ; clk        ; 0.926  ; 0.724  ; Rise       ; clk             ;
;  avs_writedata[7]  ; clk        ; 0.940  ; 0.520  ; Rise       ; clk             ;
;  avs_writedata[8]  ; clk        ; -0.592 ; -1.165 ; Rise       ; clk             ;
;  avs_writedata[9]  ; clk        ; 1.124  ; 0.808  ; Rise       ; clk             ;
;  avs_writedata[10] ; clk        ; 0.700  ; 0.450  ; Rise       ; clk             ;
;  avs_writedata[11] ; clk        ; 1.330  ; 0.959  ; Rise       ; clk             ;
;  avs_writedata[12] ; clk        ; 0.316  ; 0.045  ; Rise       ; clk             ;
;  avs_writedata[13] ; clk        ; 0.413  ; 0.066  ; Rise       ; clk             ;
;  avs_writedata[14] ; clk        ; 1.087  ; 0.698  ; Rise       ; clk             ;
;  avs_writedata[15] ; clk        ; 0.569  ; 0.321  ; Rise       ; clk             ;
;  avs_writedata[16] ; clk        ; 0.254  ; -0.137 ; Rise       ; clk             ;
;  avs_writedata[17] ; clk        ; 1.118  ; 0.739  ; Rise       ; clk             ;
;  avs_writedata[18] ; clk        ; 0.738  ; 0.506  ; Rise       ; clk             ;
;  avs_writedata[19] ; clk        ; 1.519  ; 1.136  ; Rise       ; clk             ;
;  avs_writedata[20] ; clk        ; 0.802  ; 0.584  ; Rise       ; clk             ;
;  avs_writedata[21] ; clk        ; 0.928  ; 0.812  ; Rise       ; clk             ;
;  avs_writedata[22] ; clk        ; 0.717  ; 0.295  ; Rise       ; clk             ;
;  avs_writedata[23] ; clk        ; 0.831  ; 0.619  ; Rise       ; clk             ;
;  avs_writedata[24] ; clk        ; 1.152  ; 0.698  ; Rise       ; clk             ;
;  avs_writedata[25] ; clk        ; 1.226  ; 1.100  ; Rise       ; clk             ;
;  avs_writedata[26] ; clk        ; 0.722  ; 0.158  ; Rise       ; clk             ;
;  avs_writedata[27] ; clk        ; 1.026  ; 0.706  ; Rise       ; clk             ;
;  avs_writedata[28] ; clk        ; -0.520 ; -1.016 ; Rise       ; clk             ;
;  avs_writedata[29] ; clk        ; 1.035  ; 0.733  ; Rise       ; clk             ;
;  avs_writedata[30] ; clk        ; 0.711  ; 0.139  ; Rise       ; clk             ;
;  avs_writedata[31] ; clk        ; 0.772  ; 0.370  ; Rise       ; clk             ;
+--------------------+------------+--------+--------+------------+-----------------+


+---------------------------------------------------------------------------------+
; Clock to Output Times                                                           ;
+-------------------+------------+--------+--------+------------+-----------------+
; Data Port         ; Clock Port ; Rise   ; Fall   ; Clock Edge ; Clock Reference ;
+-------------------+------------+--------+--------+------------+-----------------+
; avs_readdata[*]   ; clk        ; 12.714 ; 13.609 ; Rise       ; clk             ;
;  avs_readdata[0]  ; clk        ; 10.925 ; 11.150 ; Rise       ; clk             ;
;  avs_readdata[1]  ; clk        ; 11.993 ; 12.693 ; Rise       ; clk             ;
;  avs_readdata[2]  ; clk        ; 11.156 ; 11.476 ; Rise       ; clk             ;
;  avs_readdata[3]  ; clk        ; 11.758 ; 12.412 ; Rise       ; clk             ;
;  avs_readdata[4]  ; clk        ; 11.479 ; 11.955 ; Rise       ; clk             ;
;  avs_readdata[5]  ; clk        ; 9.547  ; 10.159 ; Rise       ; clk             ;
;  avs_readdata[6]  ; clk        ; 10.769 ; 11.034 ; Rise       ; clk             ;
;  avs_readdata[7]  ; clk        ; 12.055 ; 12.742 ; Rise       ; clk             ;
;  avs_readdata[8]  ; clk        ; 12.671 ; 13.449 ; Rise       ; clk             ;
;  avs_readdata[9]  ; clk        ; 12.714 ; 13.609 ; Rise       ; clk             ;
;  avs_readdata[10] ; clk        ; 9.834  ; 10.536 ; Rise       ; clk             ;
;  avs_readdata[11] ; clk        ; 11.241 ; 11.662 ; Rise       ; clk             ;
;  avs_readdata[12] ; clk        ; 11.624 ; 11.952 ; Rise       ; clk             ;
;  avs_readdata[13] ; clk        ; 10.896 ; 11.186 ; Rise       ; clk             ;
;  avs_readdata[14] ; clk        ; 11.429 ; 11.918 ; Rise       ; clk             ;
;  avs_readdata[15] ; clk        ; 12.174 ; 12.969 ; Rise       ; clk             ;
;  avs_readdata[16] ; clk        ; 11.728 ; 12.259 ; Rise       ; clk             ;
;  avs_readdata[17] ; clk        ; 11.674 ; 12.190 ; Rise       ; clk             ;
;  avs_readdata[18] ; clk        ; 11.169 ; 11.474 ; Rise       ; clk             ;
;  avs_readdata[19] ; clk        ; 11.224 ; 11.468 ; Rise       ; clk             ;
;  avs_readdata[20] ; clk        ; 11.401 ; 11.658 ; Rise       ; clk             ;
;  avs_readdata[21] ; clk        ; 11.971 ; 12.796 ; Rise       ; clk             ;
;  avs_readdata[22] ; clk        ; 11.571 ; 12.133 ; Rise       ; clk             ;
;  avs_readdata[23] ; clk        ; 11.356 ; 11.872 ; Rise       ; clk             ;
;  avs_readdata[24] ; clk        ; 10.143 ; 10.929 ; Rise       ; clk             ;
;  avs_readdata[25] ; clk        ; 9.397  ; 9.953  ; Rise       ; clk             ;
;  avs_readdata[26] ; clk        ; 10.954 ; 11.191 ; Rise       ; clk             ;
;  avs_readdata[27] ; clk        ; 11.323 ; 11.600 ; Rise       ; clk             ;
;  avs_readdata[28] ; clk        ; 10.928 ; 11.076 ; Rise       ; clk             ;
;  avs_readdata[29] ; clk        ; 12.183 ; 12.865 ; Rise       ; clk             ;
;  avs_readdata[30] ; clk        ; 11.031 ; 11.389 ; Rise       ; clk             ;
;  avs_readdata[31] ; clk        ; 11.072 ; 11.454 ; Rise       ; clk             ;
; irq               ; clk        ; 13.710 ; 14.709 ; Rise       ; clk             ;
+-------------------+------------+--------+--------+------------+-----------------+


+---------------------------------------------------------------------------------+
; Minimum Clock to Output Times                                                   ;
+-------------------+------------+--------+--------+------------+-----------------+
; Data Port         ; Clock Port ; Rise   ; Fall   ; Clock Edge ; Clock Reference ;
+-------------------+------------+--------+--------+------------+-----------------+
; avs_readdata[*]   ; clk        ; 8.899  ; 9.280  ; Rise       ; clk             ;
;  avs_readdata[0]  ; clk        ; 9.188  ; 9.384  ; Rise       ; clk             ;
;  avs_readdata[1]  ; clk        ; 10.104 ; 10.603 ; Rise       ; clk             ;
;  avs_readdata[2]  ; clk        ; 9.383  ; 9.634  ; Rise       ; clk             ;
;  avs_readdata[3]  ; clk        ; 9.923  ; 10.439 ; Rise       ; clk             ;
;  avs_readdata[4]  ; clk        ; 9.636  ; 9.997  ; Rise       ; clk             ;
;  avs_readdata[5]  ; clk        ; 9.029  ; 9.516  ; Rise       ; clk             ;
;  avs_readdata[6]  ; clk        ; 9.053  ; 9.280  ; Rise       ; clk             ;
;  avs_readdata[7]  ; clk        ; 10.178 ; 10.696 ; Rise       ; clk             ;
;  avs_readdata[8]  ; clk        ; 10.762 ; 11.370 ; Rise       ; clk             ;
;  avs_readdata[9]  ; clk        ; 10.773 ; 11.454 ; Rise       ; clk             ;
;  avs_readdata[10] ; clk        ; 9.271  ; 9.810  ; Rise       ; clk             ;
;  avs_readdata[11] ; clk        ; 9.487  ; 9.837  ; Rise       ; clk             ;
;  avs_readdata[12] ; clk        ; 9.815  ; 10.098 ; Rise       ; clk             ;
;  avs_readdata[13] ; clk        ; 9.174  ; 9.426  ; Rise       ; clk             ;
;  avs_readdata[14] ; clk        ; 9.625  ; 9.991  ; Rise       ; clk             ;
;  avs_readdata[15] ; clk        ; 10.227 ; 10.764 ; Rise       ; clk             ;
;  avs_readdata[16] ; clk        ; 9.913  ; 10.328 ; Rise       ; clk             ;
;  avs_readdata[17] ; clk        ; 9.839  ; 10.231 ; Rise       ; clk             ;
;  avs_readdata[18] ; clk        ; 9.388  ; 9.621  ; Rise       ; clk             ;
;  avs_readdata[19] ; clk        ; 9.444  ; 9.654  ; Rise       ; clk             ;
;  avs_readdata[20] ; clk        ; 9.621  ; 9.846  ; Rise       ; clk             ;
;  avs_readdata[21] ; clk        ; 11.233 ; 11.952 ; Rise       ; clk             ;
;  avs_readdata[22] ; clk        ; 9.757  ; 10.199 ; Rise       ; clk             ;
;  avs_readdata[23] ; clk        ; 9.559  ; 9.962  ; Rise       ; clk             ;
;  avs_readdata[24] ; clk        ; 9.458  ; 9.937  ; Rise       ; clk             ;
;  avs_readdata[25] ; clk        ; 8.899  ; 9.360  ; Rise       ; clk             ;
;  avs_readdata[26] ; clk        ; 9.209  ; 9.415  ; Rise       ; clk             ;
;  avs_readdata[27] ; clk        ; 9.523  ; 9.753  ; Rise       ; clk             ;
;  avs_readdata[28] ; clk        ; 9.181  ; 9.316  ; Rise       ; clk             ;
;  avs_readdata[29] ; clk        ; 10.262 ; 10.729 ; Rise       ; clk             ;
;  avs_readdata[30] ; clk        ; 9.290  ; 9.588  ; Rise       ; clk             ;
;  avs_readdata[31] ; clk        ; 9.324  ; 9.644  ; Rise       ; clk             ;
; irq               ; clk        ; 10.543 ; 11.094 ; Rise       ; clk             ;
+-------------------+------------+--------+--------+------------+-----------------+


-----------------------------------------------
; Slow 1100mV -40C Model Metastability Report ;
-----------------------------------------------
No synchronizer chains to report.


+--------------------------------------+
; Fast 1100mV 100C Model Setup Summary ;
+-------+-------+----------------------+
; Clock ; Slack ; End Point TNS        ;
+-------+-------+----------------------+
; clk   ; 5.265 ; 0.000                ;
+-------+-------+----------------------+


+-------------------------------------+
; Fast 1100mV 100C Model Hold Summary ;
+-------+-------+---------------------+
; Clock ; Slack ; End Point TNS       ;
+-------+-------+---------------------+
; clk   ; 0.181 ; 0.000               ;
+-------+-------+---------------------+


-------------------------------------------
; Fast 1100mV 100C Model Recovery Summary ;
-------------------------------------------
No paths to report.


------------------------------------------
; Fast 1100mV 100C Model Removal Summary ;
------------------------------------------
No paths to report.


+----------------------------------------------------+
; Fast 1100mV 100C Model Minimum Pulse Width Summary ;
+-------+-------+------------------------------------+
; Clock ; Slack ; End Point TNS                      ;
+-------+-------+------------------------------------+
; clk   ; 3.860 ; 0.000                              ;
+-------+-------+------------------------------------+


+---------------------------------------------------------------------------------+
; Setup Times                                                                     ;
+--------------------+------------+--------+-------+------------+-----------------+
; Data Port          ; Clock Port ; Rise   ; Fall  ; Clock Edge ; Clock Reference ;
+--------------------+------------+--------+-------+------------+-----------------+
; avs_address[*]     ; clk        ; 5.946  ; 6.831 ; Rise       ; clk             ;
;  avs_address[0]    ; clk        ; 5.563  ; 6.459 ; Rise       ; clk             ;
;  avs_address[1]    ; clk        ; 3.934  ; 4.732 ; Rise       ; clk             ;
;  avs_address[2]    ; clk        ; 3.338  ; 4.485 ; Rise       ; clk             ;
;  avs_address[3]    ; clk        ; 5.946  ; 6.831 ; Rise       ; clk             ;
;  avs_address[4]    ; clk        ; 4.155  ; 4.658 ; Rise       ; clk             ;
;  avs_address[5]    ; clk        ; 4.003  ; 4.397 ; Rise       ; clk             ;
; avs_read           ; clk        ; 1.240  ; 1.931 ; Rise       ; clk             ;
; avs_write          ; clk        ; 1.257  ; 2.354 ; Rise       ; clk             ;
; avs_writedata[*]   ; clk        ; 1.818  ; 2.873 ; Rise       ; clk             ;
;  avs_writedata[0]  ; clk        ; 1.639  ; 2.873 ; Rise       ; clk             ;
;  avs_writedata[1]  ; clk        ; 0.862  ; 1.803 ; Rise       ; clk             ;
;  avs_writedata[2]  ; clk        ; 0.740  ; 1.476 ; Rise       ; clk             ;
;  avs_writedata[3]  ; clk        ; 0.231  ; 0.795 ; Rise       ; clk             ;
;  avs_writedata[4]  ; clk        ; 0.094  ; 0.765 ; Rise       ; clk             ;
;  avs_writedata[5]  ; clk        ; 0.611  ; 1.656 ; Rise       ; clk             ;
;  avs_writedata[6]  ; clk        ; 1.818  ; 2.377 ; Rise       ; clk             ;
;  avs_writedata[7]  ; clk        ; 0.281  ; 1.087 ; Rise       ; clk             ;
;  avs_writedata[8]  ; clk        ; 1.051  ; 1.920 ; Rise       ; clk             ;
;  avs_writedata[9]  ; clk        ; 0.058  ; 0.643 ; Rise       ; clk             ;
;  avs_writedata[10] ; clk        ; 1.120  ; 1.768 ; Rise       ; clk             ;
;  avs_writedata[11] ; clk        ; 0.035  ; 0.800 ; Rise       ; clk             ;
;  avs_writedata[12] ; clk        ; 1.220  ; 1.938 ; Rise       ; clk             ;
;  avs_writedata[13] ; clk        ; 0.685  ; 1.458 ; Rise       ; clk             ;
;  avs_writedata[14] ; clk        ; 0.090  ; 0.752 ; Rise       ; clk             ;
;  avs_writedata[15] ; clk        ; 1.110  ; 1.636 ; Rise       ; clk             ;
;  avs_writedata[16] ; clk        ; 1.275  ; 2.044 ; Rise       ; clk             ;
;  avs_writedata[17] ; clk        ; 0.040  ; 0.706 ; Rise       ; clk             ;
;  avs_writedata[18] ; clk        ; 1.171  ; 1.880 ; Rise       ; clk             ;
;  avs_writedata[19] ; clk        ; -0.044 ; 0.560 ; Rise       ; clk             ;
;  avs_writedata[20] ; clk        ; 0.973  ; 1.562 ; Rise       ; clk             ;
;  avs_writedata[21] ; clk        ; 1.168  ; 2.372 ; Rise       ; clk             ;
;  avs_writedata[22] ; clk        ; 0.493  ; 1.439 ; Rise       ; clk             ;
;  avs_writedata[23] ; clk        ; 0.813  ; 1.693 ; Rise       ; clk             ;
;  avs_writedata[24] ; clk        ; 0.262  ; 1.163 ; Rise       ; clk             ;
;  avs_writedata[25] ; clk        ; -0.018 ; 0.487 ; Rise       ; clk             ;
;  avs_writedata[26] ; clk        ; 0.446  ; 1.435 ; Rise       ; clk             ;
;  avs_writedata[27] ; clk        ; 0.094  ; 0.828 ; Rise       ; clk             ;
;  avs_writedata[28] ; clk        ; 1.043  ; 1.806 ; Rise       ; clk             ;
;  avs_writedata[29] ; clk        ; 0.195  ; 0.996 ; Rise       ; clk             ;
;  avs_writedata[30] ; clk        ; 0.461  ; 1.435 ; Rise       ; clk             ;
;  avs_writedata[31] ; clk        ; 0.107  ; 0.797 ; Rise       ; clk             ;
+--------------------+------------+--------+-------+------------+-----------------+


+----------------------------------------------------------------------------------+
; Hold Times                                                                       ;
+--------------------+------------+--------+--------+------------+-----------------+
; Data Port          ; Clock Port ; Rise   ; Fall   ; Clock Edge ; Clock Reference ;
+--------------------+------------+--------+--------+------------+-----------------+
; avs_address[*]     ; clk        ; 0.361  ; -0.200 ; Rise       ; clk             ;
;  avs_address[0]    ; clk        ; -0.017 ; -0.583 ; Rise       ; clk             ;
;  avs_address[1]    ; clk        ; 0.330  ; -0.200 ; Rise       ; clk             ;
;  avs_address[2]    ; clk        ; 0.361  ; -0.229 ; Rise       ; clk             ;
;  avs_address[3]    ; clk        ; -0.008 ; -0.509 ; Rise       ; clk             ;
;  avs_address[4]    ; clk        ; -0.036 ; -0.566 ; Rise       ; clk             ;
;  avs_address[5]    ; clk        ; -0.110 ; -0.664 ; Rise       ; clk             ;
; avs_read           ; clk        ; 0.092  ; -0.423 ; Rise       ; clk             ;
; avs_write          ; clk        ; 0.582  ; -0.019 ; Rise       ; clk             ;
; avs_writedata[*]   ; clk        ; 0.618  ; 0.114  ; Rise       ; clk             ;
;  avs_writedata[0]  ; clk        ; -0.113 ; -0.816 ; Rise       ; clk             ;
;  avs_writedata[1]  ; clk        ; 0.411  ; -0.233 ; Rise       ; clk             ;
;  avs_writedata[2]  ; clk        ; 0.560  ; 0.018  ; Rise       ; clk             ;
;  avs_writedata[3]  ; clk        ; 0.618  ; 0.114  ; Rise       ; clk             ;
;  avs_writedata[4]  ; clk        ; 0.288  ; -0.321 ; Rise       ; clk             ;
;  avs_writedata[5]  ; clk        ; 0.030  ; -0.797 ; Rise       ; clk             ;
;  avs_writedata[6]  ; clk        ; 0.396  ; -0.118 ; Rise       ; clk             ;
;  avs_writedata[7]  ; clk        ; 0.376  ; -0.264 ; Rise       ; clk             ;
;  avs_writedata[8]  ; clk        ; -0.509 ; -1.209 ; Rise       ; clk             ;
;  avs_writedata[9]  ; clk        ; 0.409  ; -0.153 ; Rise       ; clk             ;
;  avs_writedata[10] ; clk        ; 0.275  ; -0.242 ; Rise       ; clk             ;
;  avs_writedata[11] ; clk        ; 0.547  ; -0.040 ; Rise       ; clk             ;
;  avs_writedata[12] ; clk        ; 0.054  ; -0.479 ; Rise       ; clk             ;
;  avs_writedata[13] ; clk        ; -0.004 ; -0.654 ; Rise       ; clk             ;
;  avs_writedata[14] ; clk        ; 0.467  ; -0.136 ; Rise       ; clk             ;
;  avs_writedata[15] ; clk        ; 0.246  ; -0.289 ; Rise       ; clk             ;
;  avs_writedata[16] ; clk        ; 0.042  ; -0.602 ; Rise       ; clk             ;
;  avs_writedata[17] ; clk        ; 0.437  ; -0.156 ; Rise       ; clk             ;
;  avs_writedata[18] ; clk        ; 0.240  ; -0.304 ; Rise       ; clk             ;
;  avs_writedata[19] ; clk        ; 0.616  ; 0.037  ; Rise       ; clk             ;
;  avs_writedata[20] ; clk        ; 0.324  ; -0.170 ; Rise       ; clk             ;
;  avs_writedata[21] ; clk        ; 0.324  ; -0.152 ; Rise       ; clk             ;
;  avs_writedata[22] ; clk        ; 0.207  ; -0.444 ; Rise       ; clk             ;
;  avs_writedata[23] ; clk        ; 0.246  ; -0.260 ; Rise       ; clk             ;
;  avs_writedata[24] ; clk        ; 0.423  ; -0.226 ; Rise       ; clk             ;
;  avs_writedata[25] ; clk        ; 0.450  ; -0.045 ; Rise       ; clk             ;
;  avs_writedata[26] ; clk        ; 0.129  ; -0.601 ; Rise       ; clk             ;
;  avs_writedata[27] ; clk        ; 0.404  ; -0.164 ; Rise       ; clk             ;
;  avs_writedata[28] ; clk        ; -0.427 ; -1.088 ; Rise       ; clk             ;
;  avs_writedata[29] ; clk        ; 0.502  ; -0.065 ; Rise       ; clk             ;
;  avs_writedata[30] ; clk        ; 0.135  ; -0.570 ; Rise       ; clk             ;
;  avs_writedata[31] ; clk        ; 0.269  ; -0.308 ; Rise       ; clk             ;
+--------------------+------------+--------+--------+------------+-----------------+


+-------------------------------------------------------------------------------+
; Clock to Output Times                                                         ;
+-------------------+------------+-------+-------+------------+-----------------+
; Data Port         ; Clock Port ; Rise  ; Fall  ; Clock Edge ; Clock Reference ;
+-------------------+------------+-------+-------+------------+-----------------+
; avs_readdata[*]   ; clk        ; 6.792 ; 7.572 ; Rise       ; clk             ;
;  avs_readdata[0]  ; clk        ; 5.671 ; 5.862 ; Rise       ; clk             ;
;  avs_readdata[1]  ; clk        ; 6.366 ; 6.998 ; Rise       ; clk             ;
;  avs_readdata[2]  ; clk        ; 5.792 ; 6.065 ; Rise       ; clk             ;
;  avs_readdata[3]  ; clk        ; 6.197 ; 6.763 ; Rise       ; clk             ;
;  avs_readdata[4]  ; clk        ; 6.033 ; 6.425 ; Rise       ; clk             ;
;  avs_readdata[5]  ; clk        ; 5.155 ; 5.657 ; Rise       ; clk             ;
;  avs_readdata[6]  ; clk        ; 5.644 ; 5.891 ; Rise       ; clk             ;
;  avs_readdata[7]  ; clk        ; 6.434 ; 7.037 ; Rise       ; clk             ;
;  avs_readdata[8]  ; clk        ; 6.708 ; 7.391 ; Rise       ; clk             ;
;  avs_readdata[9]  ; clk        ; 6.792 ; 7.572 ; Rise       ; clk             ;
;  avs_readdata[10] ; clk        ; 5.310 ; 5.825 ; Rise       ; clk             ;
;  avs_readdata[11] ; clk        ; 5.916 ; 6.293 ; Rise       ; clk             ;
;  avs_readdata[12] ; clk        ; 6.059 ; 6.348 ; Rise       ; clk             ;
;  avs_readdata[13] ; clk        ; 5.690 ; 5.957 ; Rise       ; clk             ;
;  avs_readdata[14] ; clk        ; 6.039 ; 6.482 ; Rise       ; clk             ;
;  avs_readdata[15] ; clk        ; 6.497 ; 7.174 ; Rise       ; clk             ;
;  avs_readdata[16] ; clk        ; 6.137 ; 6.602 ; Rise       ; clk             ;
;  avs_readdata[17] ; clk        ; 6.165 ; 6.653 ; Rise       ; clk             ;
;  avs_readdata[18] ; clk        ; 5.830 ; 6.114 ; Rise       ; clk             ;
;  avs_readdata[19] ; clk        ; 5.851 ; 6.055 ; Rise       ; clk             ;
;  avs_readdata[20] ; clk        ; 5.937 ; 6.180 ; Rise       ; clk             ;
;  avs_readdata[21] ; clk        ; 6.390 ; 6.959 ; Rise       ; clk             ;
;  avs_readdata[22] ; clk        ; 6.108 ; 6.641 ; Rise       ; clk             ;
;  avs_readdata[23] ; clk        ; 5.963 ; 6.429 ; Rise       ; clk             ;
;  avs_readdata[24] ; clk        ; 5.577 ; 6.253 ; Rise       ; clk             ;
;  avs_readdata[25] ; clk        ; 5.074 ; 5.540 ; Rise       ; clk             ;
;  avs_readdata[26] ; clk        ; 5.670 ; 5.871 ; Rise       ; clk             ;
;  avs_readdata[27] ; clk        ; 5.921 ; 6.158 ; Rise       ; clk             ;
;  avs_readdata[28] ; clk        ; 5.654 ; 5.810 ; Rise       ; clk             ;
;  avs_readdata[29] ; clk        ; 6.503 ; 7.090 ; Rise       ; clk             ;
;  avs_readdata[30] ; clk        ; 5.796 ; 6.142 ; Rise       ; clk             ;
;  avs_readdata[31] ; clk        ; 5.803 ; 6.143 ; Rise       ; clk             ;
; irq               ; clk        ; 7.240 ; 8.172 ; Rise       ; clk             ;
+-------------------+------------+-------+-------+------------+-----------------+


+-------------------------------------------------------------------------------+
; Minimum Clock to Output Times                                                 ;
+-------------------+------------+-------+-------+------------+-----------------+
; Data Port         ; Clock Port ; Rise  ; Fall  ; Clock Edge ; Clock Reference ;
+-------------------+------------+-------+-------+------------+-----------------+
; avs_readdata[*]   ; clk        ; 4.871 ; 5.034 ; Rise       ; clk             ;
;  avs_readdata[0]  ; clk        ; 4.914 ; 5.087 ; Rise       ; clk             ;
;  avs_readdata[1]  ; clk        ; 5.523 ; 6.025 ; Rise       ; clk             ;
;  avs_readdata[2]  ; clk        ; 5.015 ; 5.237 ; Rise       ; clk             ;
;  avs_readdata[3]  ; clk        ; 5.385 ; 5.869 ; Rise       ; clk             ;
;  avs_readdata[4]  ; clk        ; 5.218 ; 5.518 ; Rise       ; clk             ;
;  avs_readdata[5]  ; clk        ; 4.944 ; 5.376 ; Rise       ; clk             ;
;  avs_readdata[6]  ; clk        ; 4.894 ; 5.129 ; Rise       ; clk             ;
;  avs_readdata[7]  ; clk        ; 5.595 ; 6.103 ; Rise       ; clk             ;
;  avs_readdata[8]  ; clk        ; 5.859 ; 6.455 ; Rise       ; clk             ;
;  avs_readdata[9]  ; clk        ; 5.921 ; 6.565 ; Rise       ; clk             ;
;  avs_readdata[10] ; clk        ; 5.076 ; 5.484 ; Rise       ; clk             ;
;  avs_readdata[11] ; clk        ; 5.146 ; 5.501 ; Rise       ; clk             ;
;  avs_readdata[12] ; clk        ; 5.267 ; 5.522 ; Rise       ; clk             ;
;  avs_readdata[13] ; clk        ; 4.938 ; 5.192 ; Rise       ; clk             ;
;  avs_readdata[14] ; clk        ; 5.242 ; 5.612 ; Rise       ; clk             ;
;  avs_readdata[15] ; clk        ; 5.621 ; 6.107 ; Rise       ; clk             ;
;  avs_readdata[16] ; clk        ; 5.340 ; 5.745 ; Rise       ; clk             ;
;  avs_readdata[17] ; clk        ; 5.352 ; 5.771 ; Rise       ; clk             ;
;  avs_readdata[18] ; clk        ; 5.049 ; 5.283 ; Rise       ; clk             ;
;  avs_readdata[19] ; clk        ; 5.065 ; 5.230 ; Rise       ; clk             ;
;  avs_readdata[20] ; clk        ; 5.157 ; 5.376 ; Rise       ; clk             ;
;  avs_readdata[21] ; clk        ; 6.082 ; 6.558 ; Rise       ; clk             ;
;  avs_readdata[22] ; clk        ; 5.308 ; 5.777 ; Rise       ; clk             ;
;  avs_readdata[23] ; clk        ; 5.172 ; 5.572 ; Rise       ; clk             ;
;  avs_readdata[24] ; clk        ; 5.265 ; 5.689 ; Rise       ; clk             ;
;  avs_readdata[25] ; clk        ; 4.871 ; 5.292 ; Rise       ; clk             ;
;  avs_readdata[26] ; clk        ; 4.908 ; 5.080 ; Rise       ; clk             ;
;  avs_readdata[27] ; clk        ; 5.126 ; 5.316 ; Rise       ; clk             ;
;  avs_readdata[28] ; clk        ; 4.894 ; 5.034 ; Rise       ; clk             ;
;  avs_readdata[29] ; clk        ; 5.638 ; 6.078 ; Rise       ; clk             ;
;  avs_readdata[30] ; clk        ; 5.033 ; 5.360 ; Rise       ; clk             ;
;  avs_readdata[31] ; clk        ; 5.036 ; 5.346 ; Rise       ; clk             ;
; irq               ; clk        ; 5.682 ; 6.198 ; Rise       ; clk             ;
+-------------------+------------+-------+-------+------------+-----------------+


-----------------------------------------------
; Fast 1100mV 100C Model Metastability Report ;
-----------------------------------------------
No synchronizer chains to report.


+--------------------------------------+
; Fast 1100mV -40C Model Setup Summary ;
+-------+-------+----------------------+
; Clock ; Slack ; End Point TNS        ;
+-------+-------+----------------------+
; clk   ; 5.772 ; 0.000                ;
+-------+-------+----------------------+


+-------------------------------------+
; Fast 1100mV -40C Model Hold Summary ;
+-------+-------+---------------------+
; Clock ; Slack ; End Point TNS       ;
+-------+-------+---------------------+
; clk   ; 0.165 ; 0.000               ;
+-------+-------+---------------------+


-------------------------------------------
; Fast 1100mV -40C Model Recovery Summary ;
-------------------------------------------
No paths to report.


------------------------------------------
; Fast 1100mV -40C Model Removal Summary ;
------------------------------------------
No paths to report.


+----------------------------------------------------+
; Fast 1100mV -40C Model Minimum Pulse Width Summary ;
+-------+-------+------------------------------------+
; Clock ; Slack ; End Point TNS                      ;
+-------+-------+------------------------------------+
; clk   ; 3.837 ; 0.000                              ;
+-------+-------+------------------------------------+


+---------------------------------------------------------------------------------+
; Setup Times                                                                     ;
+--------------------+------------+--------+-------+------------+-----------------+
; Data Port          ; Clock Port ; Rise   ; Fall  ; Clock Edge ; Clock Reference ;
+--------------------+------------+--------+-------+------------+-----------------+
; avs_address[*]     ; clk        ; 5.379  ; 6.202 ; Rise       ; clk             ;
;  avs_address[0]    ; clk        ; 4.984  ; 5.847 ; Rise       ; clk             ;
;  avs_address[1]    ; clk        ; 3.471  ; 4.244 ; Rise       ; clk             ;
;  avs_address[2]    ; clk        ; 2.954  ; 4.010 ; Rise       ; clk             ;
;  avs_address[3]    ; clk        ; 5.379  ; 6.202 ; Rise       ; clk             ;
;  avs_address[4]    ; clk        ; 3.747  ; 4.274 ; Rise       ; clk             ;
;  avs_address[5]    ; clk        ; 3.614  ; 4.024 ; Rise       ; clk             ;
; avs_read           ; clk        ; 1.103  ; 1.782 ; Rise       ; clk             ;
; avs_write          ; clk        ; 1.104  ; 2.091 ; Rise       ; clk             ;
; avs_writedata[*]   ; clk        ; 1.673  ; 2.622 ; Rise       ; clk             ;
;  avs_writedata[0]  ; clk        ; 1.533  ; 2.622 ; Rise       ; clk             ;
;  avs_writedata[1]  ; clk        ; 0.733  ; 1.607 ; Rise       ; clk             ;
;  avs_writedata[2]  ; clk        ; 0.609  ; 1.323 ; Rise       ; clk             ;
;  avs_writedata[3]  ; clk        ; 0.085  ; 0.679 ; Rise       ; clk             ;
;  avs_writedata[4]  ; clk        ; 0.013  ; 0.694 ; Rise       ; clk             ;
;  avs_writedata[5]  ; clk        ; 0.576  ; 1.509 ; Rise       ; clk             ;
;  avs_writedata[6]  ; clk        ; 1.673  ; 2.205 ; Rise       ; clk             ;
;  avs_writedata[7]  ; clk        ; 0.237  ; 0.998 ; Rise       ; clk             ;
;  avs_writedata[8]  ; clk        ; 0.769  ; 1.687 ; Rise       ; clk             ;
;  avs_writedata[9]  ; clk        ; -0.054 ; 0.567 ; Rise       ; clk             ;
;  avs_writedata[10] ; clk        ; 1.025  ; 1.666 ; Rise       ; clk             ;
;  avs_writedata[11] ; clk        ; 0.028  ; 0.755 ; Rise       ; clk             ;
;  avs_writedata[12] ; clk        ; 1.150  ; 1.834 ; Rise       ; clk             ;
;  avs_writedata[13] ; clk        ; 0.544  ; 1.313 ; Rise       ; clk             ;
;  avs_writedata[14] ; clk        ; 0.028  ; 0.702 ; Rise       ; clk             ;
;  avs_writedata[15] ; clk        ; 0.990  ; 1.555 ; Rise       ; clk             ;
;  avs_writedata[16] ; clk        ; 1.238  ; 1.949 ; Rise       ; clk             ;
;  avs_writedata[17] ; clk        ; -0.044 ; 0.635 ; Rise       ; clk             ;
;  avs_writedata[18] ; clk        ; 1.121  ; 1.789 ; Rise       ; clk             ;
;  avs_writedata[19] ; clk        ; -0.120 ; 0.518 ; Rise       ; clk             ;
;  avs_writedata[20] ; clk        ; 0.871  ; 1.473 ; Rise       ; clk             ;
;  avs_writedata[21] ; clk        ; 1.117  ; 2.170 ; Rise       ; clk             ;
;  avs_writedata[22] ; clk        ; 0.453  ; 1.328 ; Rise       ; clk             ;
;  avs_writedata[23] ; clk        ; 0.638  ; 1.489 ; Rise       ; clk             ;
;  avs_writedata[24] ; clk        ; 0.231  ; 1.064 ; Rise       ; clk             ;
;  avs_writedata[25] ; clk        ; -0.099 ; 0.423 ; Rise       ; clk             ;
;  avs_writedata[26] ; clk        ; 0.375  ; 1.295 ; Rise       ; clk             ;
;  avs_writedata[27] ; clk        ; 0.027  ; 0.748 ; Rise       ; clk             ;
;  avs_writedata[28] ; clk        ; 0.790  ; 1.624 ; Rise       ; clk             ;
;  avs_writedata[29] ; clk        ; 0.138  ; 0.902 ; Rise       ; clk             ;
;  avs_writedata[30] ; clk        ; 0.397  ; 1.300 ; Rise       ; clk             ;
;  avs_writedata[31] ; clk        ; 0.068  ; 0.743 ; Rise       ; clk             ;
+--------------------+------------+--------+-------+------------+-----------------+


+----------------------------------------------------------------------------------+
; Hold Times                                                                       ;
+--------------------+------------+--------+--------+------------+-----------------+
; Data Port          ; Clock Port ; Rise   ; Fall   ; Clock Edge ; Clock Reference ;
+--------------------+------------+--------+--------+------------+-----------------+
; avs_address[*]     ; clk        ; 0.429  ; -0.186 ; Rise       ; clk             ;
;  avs_address[0]    ; clk        ; 0.063  ; -0.524 ; Rise       ; clk             ;
;  avs_address[1]    ; clk        ; 0.364  ; -0.191 ; Rise       ; clk             ;
;  avs_address[2]    ; clk        ; 0.429  ; -0.186 ; Rise       ; clk             ;
;  avs_address[3]    ; clk        ; 0.055  ; -0.470 ; Rise       ; clk             ;
;  avs_address[4]    ; clk        ; -0.008 ; -0.518 ; Rise       ; clk             ;
;  avs_address[5]    ; clk        ; -0.085 ; -0.611 ; Rise       ; clk             ;
; avs_read           ; clk        ; 0.189  ; -0.345 ; Rise       ; clk             ;
; avs_write          ; clk        ; 0.581  ; 0.002  ; Rise       ; clk             ;
; avs_writedata[*]   ; clk        ; 0.674  ; 0.127  ; Rise       ; clk             ;
;  avs_writedata[0]  ; clk        ; -0.098 ; -0.771 ; Rise       ; clk             ;
;  avs_writedata[1]  ; clk        ; 0.442  ; -0.199 ; Rise       ; clk             ;
;  avs_writedata[2]  ; clk        ; 0.609  ; 0.031  ; Rise       ; clk             ;
;  avs_writedata[3]  ; clk        ; 0.674  ; 0.127  ; Rise       ; clk             ;
;  avs_writedata[4]  ; clk        ; 0.343  ; -0.279 ; Rise       ; clk             ;
;  avs_writedata[5]  ; clk        ; 0.034  ; -0.715 ; Rise       ; clk             ;
;  avs_writedata[6]  ; clk        ; 0.398  ; -0.105 ; Rise       ; clk             ;
;  avs_writedata[7]  ; clk        ; 0.399  ; -0.239 ; Rise       ; clk             ;
;  avs_writedata[8]  ; clk        ; -0.303 ; -1.060 ; Rise       ; clk             ;
;  avs_writedata[9]  ; clk        ; 0.504  ; -0.099 ; Rise       ; clk             ;
;  avs_writedata[10] ; clk        ; 0.281  ; -0.242 ; Rise       ; clk             ;
;  avs_writedata[11] ; clk        ; 0.539  ; -0.034 ; Rise       ; clk             ;
;  avs_writedata[12] ; clk        ; 0.081  ; -0.466 ; Rise       ; clk             ;
;  avs_writedata[13] ; clk        ; 0.066  ; -0.573 ; Rise       ; clk             ;
;  avs_writedata[14] ; clk        ; 0.478  ; -0.118 ; Rise       ; clk             ;
;  avs_writedata[15] ; clk        ; 0.286  ; -0.264 ; Rise       ; clk             ;
;  avs_writedata[16] ; clk        ; 0.051  ; -0.536 ; Rise       ; clk             ;
;  avs_writedata[17] ; clk        ; 0.463  ; -0.136 ; Rise       ; clk             ;
;  avs_writedata[18] ; clk        ; 0.241  ; -0.283 ; Rise       ; clk             ;
;  avs_writedata[19] ; clk        ; 0.611  ; 0.043  ; Rise       ; clk             ;
;  avs_writedata[20] ; clk        ; 0.351  ; -0.153 ; Rise       ; clk             ;
;  avs_writedata[21] ; clk        ; 0.389  ; -0.117 ; Rise       ; clk             ;
;  avs_writedata[22] ; clk        ; 0.252  ; -0.386 ; Rise       ; clk             ;
;  avs_writedata[23] ; clk        ; 0.355  ; -0.200 ; Rise       ; clk             ;
;  avs_writedata[24] ; clk        ; 0.444  ; -0.178 ; Rise       ; clk             ;
;  avs_writedata[25] ; clk        ; 0.511  ; -0.014 ; Rise       ; clk             ;
;  avs_writedata[26] ; clk        ; 0.169  ; -0.532 ; Rise       ; clk             ;
;  avs_writedata[27] ; clk        ; 0.450  ; -0.132 ; Rise       ; clk             ;
;  avs_writedata[28] ; clk        ; -0.216 ; -0.970 ; Rise       ; clk             ;
;  avs_writedata[29] ; clk        ; 0.504  ; -0.068 ; Rise       ; clk             ;
;  avs_writedata[30] ; clk        ; 0.180  ; -0.523 ; Rise       ; clk             ;
;  avs_writedata[31] ; clk        ; 0.325  ; -0.288 ; Rise       ; clk             ;
+--------------------+------------+--------+--------+------------+-----------------+


+-------------------------------------------------------------------------------+
; Clock to Output Times                                                         ;
+-------------------+------------+-------+-------+------------+-----------------+
; Data Port         ; Clock Port ; Rise  ; Fall  ; Clock Edge ; Clock Reference ;
+-------------------+------------+-------+-------+------------+-----------------+
; avs_readdata[*]   ; clk        ; 6.331 ; 6.901 ; Rise       ; clk             ;
;  avs_readdata[0]  ; clk        ; 5.218 ; 5.355 ; Rise       ; clk             ;
;  avs_readdata[1]  ; clk        ; 5.902 ; 6.370 ; Rise       ; clk             ;
;  avs_readdata[2]  ; clk        ; 5.342 ; 5.542 ; Rise       ; clk             ;
;  avs_readdata[3]  ; clk        ; 5.758 ; 6.157 ; Rise       ; clk             ;
;  avs_readdata[4]  ; clk        ; 5.541 ; 5.855 ; Rise       ; clk             ;
;  avs_readdata[5]  ; clk        ; 4.730 ; 5.107 ; Rise       ; clk             ;
;  avs_readdata[6]  ; clk        ; 5.221 ; 5.392 ; Rise       ; clk             ;
;  avs_readdata[7]  ; clk        ; 5.974 ; 6.417 ; Rise       ; clk             ;
;  avs_readdata[8]  ; clk        ; 6.225 ; 6.725 ; Rise       ; clk             ;
;  avs_readdata[9]  ; clk        ; 6.331 ; 6.901 ; Rise       ; clk             ;
;  avs_readdata[10] ; clk        ; 4.858 ; 5.262 ; Rise       ; clk             ;
;  avs_readdata[11] ; clk        ; 5.487 ; 5.742 ; Rise       ; clk             ;
;  avs_readdata[12] ; clk        ; 5.525 ; 5.779 ; Rise       ; clk             ;
;  avs_readdata[13] ; clk        ; 5.279 ; 5.450 ; Rise       ; clk             ;
;  avs_readdata[14] ; clk        ; 5.574 ; 5.898 ; Rise       ; clk             ;
;  avs_readdata[15] ; clk        ; 6.028 ; 6.542 ; Rise       ; clk             ;
;  avs_readdata[16] ; clk        ; 5.686 ; 6.023 ; Rise       ; clk             ;
;  avs_readdata[17] ; clk        ; 5.707 ; 6.061 ; Rise       ; clk             ;
;  avs_readdata[18] ; clk        ; 5.341 ; 5.567 ; Rise       ; clk             ;
;  avs_readdata[19] ; clk        ; 5.401 ; 5.554 ; Rise       ; clk             ;
;  avs_readdata[20] ; clk        ; 5.423 ; 5.621 ; Rise       ; clk             ;
;  avs_readdata[21] ; clk        ; 5.722 ; 6.279 ; Rise       ; clk             ;
;  avs_readdata[22] ; clk        ; 5.672 ; 6.051 ; Rise       ; clk             ;
;  avs_readdata[23] ; clk        ; 5.496 ; 5.838 ; Rise       ; clk             ;
;  avs_readdata[24] ; clk        ; 5.150 ; 5.656 ; Rise       ; clk             ;
;  avs_readdata[25] ; clk        ; 4.661 ; 5.005 ; Rise       ; clk             ;
;  avs_readdata[26] ; clk        ; 5.237 ; 5.380 ; Rise       ; clk             ;
;  avs_readdata[27] ; clk        ; 5.442 ; 5.622 ; Rise       ; clk             ;
;  avs_readdata[28] ; clk        ; 5.161 ; 5.296 ; Rise       ; clk             ;
;  avs_readdata[29] ; clk        ; 6.022 ; 6.465 ; Rise       ; clk             ;
;  avs_readdata[30] ; clk        ; 5.364 ; 5.606 ; Rise       ; clk             ;
;  avs_readdata[31] ; clk        ; 5.388 ; 5.616 ; Rise       ; clk             ;
; irq               ; clk        ; 6.654 ; 7.382 ; Rise       ; clk             ;
+-------------------+------------+-------+-------+------------+-----------------+


+-------------------------------------------------------------------------------+
; Minimum Clock to Output Times                                                 ;
+-------------------+------------+-------+-------+------------+-----------------+
; Data Port         ; Clock Port ; Rise  ; Fall  ; Clock Edge ; Clock Reference ;
+-------------------+------------+-------+-------+------------+-----------------+
; avs_readdata[*]   ; clk        ; 4.437 ; 4.561 ; Rise       ; clk             ;
;  avs_readdata[0]  ; clk        ; 4.493 ; 4.608 ; Rise       ; clk             ;
;  avs_readdata[1]  ; clk        ; 5.088 ; 5.418 ; Rise       ; clk             ;
;  avs_readdata[2]  ; clk        ; 4.598 ; 4.754 ; Rise       ; clk             ;
;  avs_readdata[3]  ; clk        ; 4.977 ; 5.278 ; Rise       ; clk             ;
;  avs_readdata[4]  ; clk        ; 4.758 ; 5.005 ; Rise       ; clk             ;
;  avs_readdata[5]  ; clk        ; 4.528 ; 4.822 ; Rise       ; clk             ;
;  avs_readdata[6]  ; clk        ; 4.499 ; 4.632 ; Rise       ; clk             ;
;  avs_readdata[7]  ; clk        ; 5.164 ; 5.477 ; Rise       ; clk             ;
;  avs_readdata[8]  ; clk        ; 5.412 ; 5.788 ; Rise       ; clk             ;
;  avs_readdata[9]  ; clk        ; 5.491 ; 5.912 ; Rise       ; clk             ;
;  avs_readdata[10] ; clk        ; 4.636 ; 4.945 ; Rise       ; clk             ;
;  avs_readdata[11] ; clk        ; 4.746 ; 4.935 ; Rise       ; clk             ;
;  avs_readdata[12] ; clk        ; 4.772 ; 4.991 ; Rise       ; clk             ;
;  avs_readdata[13] ; clk        ; 4.555 ; 4.688 ; Rise       ; clk             ;
;  avs_readdata[14] ; clk        ; 4.808 ; 5.047 ; Rise       ; clk             ;
;  avs_readdata[15] ; clk        ; 5.179 ; 5.529 ; Rise       ; clk             ;
;  avs_readdata[16] ; clk        ; 4.921 ; 5.178 ; Rise       ; clk             ;
;  avs_readdata[17] ; clk        ; 4.924 ; 5.183 ; Rise       ; clk             ;
;  avs_readdata[18] ; clk        ; 4.594 ; 4.777 ; Rise       ; clk             ;
;  avs_readdata[19] ; clk        ; 4.649 ; 4.774 ; Rise       ; clk             ;
;  avs_readdata[20] ; clk        ; 4.684 ; 4.855 ; Rise       ; clk             ;
;  avs_readdata[21] ; clk        ; 5.450 ; 5.938 ; Rise       ; clk             ;
;  avs_readdata[22] ; clk        ; 4.902 ; 5.190 ; Rise       ; clk             ;
;  avs_readdata[23] ; clk        ; 4.737 ; 5.000 ; Rise       ; clk             ;
;  avs_readdata[24] ; clk        ; 4.846 ; 5.168 ; Rise       ; clk             ;
;  avs_readdata[25] ; clk        ; 4.469 ; 4.738 ; Rise       ; clk             ;
;  avs_readdata[26] ; clk        ; 4.507 ; 4.630 ; Rise       ; clk             ;
;  avs_readdata[27] ; clk        ; 4.684 ; 4.829 ; Rise       ; clk             ;
;  avs_readdata[28] ; clk        ; 4.437 ; 4.561 ; Rise       ; clk             ;
;  avs_readdata[29] ; clk        ; 5.190 ; 5.486 ; Rise       ; clk             ;
;  avs_readdata[30] ; clk        ; 4.629 ; 4.814 ; Rise       ; clk             ;
;  avs_readdata[31] ; clk        ; 4.650 ; 4.825 ; Rise       ; clk             ;
; irq               ; clk        ; 5.197 ; 5.582 ; Rise       ; clk             ;
+-------------------+------------+-------+-------+------------+-----------------+


-----------------------------------------------
; Fast 1100mV -40C Model Metastability Report ;
-----------------------------------------------
No synchronizer chains to report.


+-----------------------------------------------------------------------------+
; Multicorner Timing Analysis Summary                                         ;
+------------------+-------+-------+----------+---------+---------------------+
; Clock            ; Setup ; Hold  ; Recovery ; Removal ; Minimum Pulse Width ;
+------------------+-------+-------+----------+---------+---------------------+
; Worst-case Slack ; 1.487 ; 0.165 ; N/A      ; N/A     ; 3.584               ;
;  clk             ; 1.487 ; 0.165 ; N/A      ; N/A     ; 3.584               ;
; Design-wide TNS  ; 0.0   ; 0.0   ; 0.0      ; 0.0     ; 0.0                 ;
;  clk             ; 0.000 ; 0.000 ; N/A      ; N/A     ; 0.000               ;
+------------------+-------+-------+----------+---------+---------------------+


+----------------------------------------------------------------------------------+
; Setup Times                                                                      ;
+--------------------+------------+--------+--------+------------+-----------------+
; Data Port          ; Clock Port ; Rise   ; Fall   ; Clock Edge ; Clock Reference ;
+--------------------+------------+--------+--------+------------+-----------------+
; avs_address[*]     ; clk        ; 10.866 ; 11.518 ; Rise       ; clk             ;
;  avs_address[0]    ; clk        ; 9.695  ; 10.330 ; Rise       ; clk             ;
;  avs_address[1]    ; clk        ; 6.296  ; 6.953  ; Rise       ; clk             ;
;  avs_address[2]    ; clk        ; 5.948  ; 7.110  ; Rise       ; clk             ;
;  avs_address[3]    ; clk        ; 10.866 ; 11.518 ; Rise       ; clk             ;
;  avs_address[4]    ; clk        ; 8.013  ; 7.948  ; Rise       ; clk             ;
;  avs_address[5]    ; clk        ; 7.596  ; 7.804  ; Rise       ; clk             ;
; avs_read           ; clk        ; 2.929  ; 3.312  ; Rise       ; clk             ;
; avs_write          ; clk        ; 2.824  ; 3.622  ; Rise       ; clk             ;
; avs_writedata[*]   ; clk        ; 4.085  ; 4.393  ; Rise       ; clk             ;
;  avs_writedata[0]  ; clk        ; 3.168  ; 4.130  ; Rise       ; clk             ;
;  avs_writedata[1]  ; clk        ; 1.832  ; 2.478  ; Rise       ; clk             ;
;  avs_writedata[2]  ; clk        ; 2.054  ; 2.423  ; Rise       ; clk             ;
;  avs_writedata[3]  ; clk        ; 0.733  ; 0.980  ; Rise       ; clk             ;
;  avs_writedata[4]  ; clk        ; 0.342  ; 0.765  ; Rise       ; clk             ;
;  avs_writedata[5]  ; clk        ; 1.021  ; 1.862  ; Rise       ; clk             ;
;  avs_writedata[6]  ; clk        ; 4.085  ; 4.393  ; Rise       ; clk             ;
;  avs_writedata[7]  ; clk        ; 0.581  ; 1.164  ; Rise       ; clk             ;
;  avs_writedata[8]  ; clk        ; 2.183  ; 2.844  ; Rise       ; clk             ;
;  avs_writedata[9]  ; clk        ; 0.299  ; 0.643  ; Rise       ; clk             ;
;  avs_writedata[10] ; clk        ; 2.606  ; 2.992  ; Rise       ; clk             ;
;  avs_writedata[11] ; clk        ; 0.143  ; 0.800  ; Rise       ; clk             ;
;  avs_writedata[12] ; clk        ; 2.648  ; 3.049  ; Rise       ; clk             ;
;  avs_writedata[13] ; clk        ; 1.293  ; 1.726  ; Rise       ; clk             ;
;  avs_writedata[14] ; clk        ; 0.304  ; 0.762  ; Rise       ; clk             ;
;  avs_writedata[15] ; clk        ; 2.703  ; 2.925  ; Rise       ; clk             ;
;  avs_writedata[16] ; clk        ; 2.743  ; 3.247  ; Rise       ; clk             ;
;  avs_writedata[17] ; clk        ; 0.276  ; 0.723  ; Rise       ; clk             ;
;  avs_writedata[18] ; clk        ; 2.643  ; 3.088  ; Rise       ; clk             ;
;  avs_writedata[19] ; clk        ; 0.121  ; 0.560  ; Rise       ; clk             ;
;  avs_writedata[20] ; clk        ; 2.360  ; 2.673  ; Rise       ; clk             ;
;  avs_writedata[21] ; clk        ; 1.789  ; 2.756  ; Rise       ; clk             ;
;  avs_writedata[22] ; clk        ; 0.804  ; 1.577  ; Rise       ; clk             ;
;  avs_writedata[23] ; clk        ; 1.563  ; 2.063  ; Rise       ; clk             ;
;  avs_writedata[24] ; clk        ; 0.460  ; 1.211  ; Rise       ; clk             ;
;  avs_writedata[25] ; clk        ; 0.174  ; 0.487  ; Rise       ; clk             ;
;  avs_writedata[26] ; clk        ; 0.810  ; 1.661  ; Rise       ; clk             ;
;  avs_writedata[27] ; clk        ; 0.218  ; 0.828  ; Rise       ; clk             ;
;  avs_writedata[28] ; clk        ; 2.167  ; 2.695  ; Rise       ; clk             ;
;  avs_writedata[29] ; clk        ; 0.492  ; 1.093  ; Rise       ; clk             ;
;  avs_writedata[30] ; clk        ; 0.822  ; 1.630  ; Rise       ; clk             ;
;  avs_writedata[31] ; clk        ; 0.373  ; 0.797  ; Rise       ; clk             ;
+--------------------+------------+--------+--------+------------+-----------------+


+----------------------------------------------------------------------------------+
; Hold Times                                                                       ;
+--------------------+------------+--------+--------+------------+-----------------+
; Data Port          ; Clock Port ; Rise   ; Fall   ; Clock Edge ; Clock Reference ;
+--------------------+------------+--------+--------+------------+-----------------+
; avs_address[*]     ; clk        ; 1.082  ; 0.663  ; Rise       ; clk             ;
;  avs_address[0]    ; clk        ; 0.209  ; -0.112 ; Rise       ; clk             ;
;  avs_address[1]    ; clk        ; 0.807  ; 0.385  ; Rise       ; clk             ;
;  avs_address[2]    ; clk        ; 1.082  ; 0.663  ; Rise       ; clk             ;
;  avs_address[3]    ; clk        ; 0.055  ; -0.208 ; Rise       ; clk             ;
;  avs_address[4]    ; clk        ; 0.015  ; -0.151 ; Rise       ; clk             ;
;  avs_address[5]    ; clk        ; -0.085 ; -0.431 ; Rise       ; clk             ;
; avs_read           ; clk        ; 0.268  ; 0.054  ; Rise       ; clk             ;
; avs_write          ; clk        ; 1.384  ; 0.974  ; Rise       ; clk             ;
; avs_writedata[*]   ; clk        ; 1.519  ; 1.248  ; Rise       ; clk             ;
;  avs_writedata[0]  ; clk        ; 0.359  ; -0.133 ; Rise       ; clk             ;
;  avs_writedata[1]  ; clk        ; 1.052  ; 0.653  ; Rise       ; clk             ;
;  avs_writedata[2]  ; clk        ; 1.361  ; 1.053  ; Rise       ; clk             ;
;  avs_writedata[3]  ; clk        ; 1.506  ; 1.248  ; Rise       ; clk             ;
;  avs_writedata[4]  ; clk        ; 0.876  ; 0.479  ; Rise       ; clk             ;
;  avs_writedata[5]  ; clk        ; 0.515  ; -0.081 ; Rise       ; clk             ;
;  avs_writedata[6]  ; clk        ; 0.926  ; 0.724  ; Rise       ; clk             ;
;  avs_writedata[7]  ; clk        ; 0.940  ; 0.520  ; Rise       ; clk             ;
;  avs_writedata[8]  ; clk        ; -0.303 ; -1.060 ; Rise       ; clk             ;
;  avs_writedata[9]  ; clk        ; 1.124  ; 0.808  ; Rise       ; clk             ;
;  avs_writedata[10] ; clk        ; 0.700  ; 0.450  ; Rise       ; clk             ;
;  avs_writedata[11] ; clk        ; 1.330  ; 0.959  ; Rise       ; clk             ;
;  avs_writedata[12] ; clk        ; 0.316  ; 0.045  ; Rise       ; clk             ;
;  avs_writedata[13] ; clk        ; 0.413  ; 0.066  ; Rise       ; clk             ;
;  avs_writedata[14] ; clk        ; 1.087  ; 0.698  ; Rise       ; clk             ;
;  avs_writedata[15] ; clk        ; 0.569  ; 0.321  ; Rise       ; clk             ;
;  avs_writedata[16] ; clk        ; 0.254  ; -0.137 ; Rise       ; clk             ;
;  avs_writedata[17] ; clk        ; 1.118  ; 0.739  ; Rise       ; clk             ;
;  avs_writedata[18] ; clk        ; 0.738  ; 0.506  ; Rise       ; clk             ;
;  avs_writedata[19] ; clk        ; 1.519  ; 1.136  ; Rise       ; clk             ;
;  avs_writedata[20] ; clk        ; 0.802  ; 0.584  ; Rise       ; clk             ;
;  avs_writedata[21] ; clk        ; 0.928  ; 0.812  ; Rise       ; clk             ;
;  avs_writedata[22] ; clk        ; 0.717  ; 0.295  ; Rise       ; clk             ;
;  avs_writedata[23] ; clk        ; 0.831  ; 0.619  ; Rise       ; clk             ;
;  avs_writedata[24] ; clk        ; 1.152  ; 0.698  ; Rise       ; clk             ;
;  avs_writedata[25] ; clk        ; 1.226  ; 1.100  ; Rise       ; clk             ;
;  avs_writedata[26] ; clk        ; 0.722  ; 0.158  ; Rise       ; clk             ;
;  avs_writedata[27] ; clk        ; 1.026  ; 0.706  ; Rise       ; clk             ;
;  avs_writedata[28] ; clk        ; -0.216 ; -0.970 ; Rise       ; clk             ;
;  avs_writedata[29] ; clk        ; 1.035  ; 0.733  ; Rise       ; clk             ;
;  avs_writedata[30] ; clk        ; 0.711  ; 0.139  ; Rise       ; clk             ;
;  avs_writedata[31] ; clk        ; 0.772  ; 0.370  ; Rise       ; clk             ;
+--------------------+------------+--------+--------+------------+-----------------+


+---------------------------------------------------------------------------------+
; Clock to Output Times                                                           ;
+-------------------+------------+--------+--------+------------+-----------------+
; Data Port         ; Clock Port ; Rise   ; Fall   ; Clock Edge ; Clock Reference ;
+-------------------+------------+--------+--------+------------+-----------------+
; avs_readdata[*]   ; clk        ; 12.815 ; 13.609 ; Rise       ; clk             ;
;  avs_readdata[0]  ; clk        ; 11.103 ; 11.235 ; Rise       ; clk             ;
;  avs_readdata[1]  ; clk        ; 12.083 ; 12.693 ; Rise       ; clk             ;
;  avs_readdata[2]  ; clk        ; 11.329 ; 11.564 ; Rise       ; clk             ;
;  avs_readdata[3]  ; clk        ; 11.912 ; 12.435 ; Rise       ; clk             ;
;  avs_readdata[4]  ; clk        ; 11.642 ; 12.012 ; Rise       ; clk             ;
;  avs_readdata[5]  ; clk        ; 9.651  ; 10.170 ; Rise       ; clk             ;
;  avs_readdata[6]  ; clk        ; 10.867 ; 11.083 ; Rise       ; clk             ;
;  avs_readdata[7]  ; clk        ; 12.146 ; 12.742 ; Rise       ; clk             ;
;  avs_readdata[8]  ; clk        ; 12.793 ; 13.449 ; Rise       ; clk             ;
;  avs_readdata[9]  ; clk        ; 12.815 ; 13.609 ; Rise       ; clk             ;
;  avs_readdata[10] ; clk        ; 9.993  ; 10.566 ; Rise       ; clk             ;
;  avs_readdata[11] ; clk        ; 11.384 ; 11.704 ; Rise       ; clk             ;
;  avs_readdata[12] ; clk        ; 11.770 ; 12.019 ; Rise       ; clk             ;
;  avs_readdata[13] ; clk        ; 11.010 ; 11.231 ; Rise       ; clk             ;
;  avs_readdata[14] ; clk        ; 11.580 ; 11.970 ; Rise       ; clk             ;
;  avs_readdata[15] ; clk        ; 12.266 ; 12.969 ; Rise       ; clk             ;
;  avs_readdata[16] ; clk        ; 11.877 ; 12.280 ; Rise       ; clk             ;
;  avs_readdata[17] ; clk        ; 11.789 ; 12.204 ; Rise       ; clk             ;
;  avs_readdata[18] ; clk        ; 11.341 ; 11.570 ; Rise       ; clk             ;
;  avs_readdata[19] ; clk        ; 11.370 ; 11.526 ; Rise       ; clk             ;
;  avs_readdata[20] ; clk        ; 11.630 ; 11.769 ; Rise       ; clk             ;
;  avs_readdata[21] ; clk        ; 12.094 ; 12.797 ; Rise       ; clk             ;
;  avs_readdata[22] ; clk        ; 11.607 ; 12.133 ; Rise       ; clk             ;
;  avs_readdata[23] ; clk        ; 11.507 ; 11.916 ; Rise       ; clk             ;
;  avs_readdata[24] ; clk        ; 10.211 ; 10.929 ; Rise       ; clk             ;
;  avs_readdata[25] ; clk        ; 9.483  ; 9.985  ; Rise       ; clk             ;
;  avs_readdata[26] ; clk        ; 11.116 ; 11.269 ; Rise       ; clk             ;
;  avs_readdata[27] ; clk        ; 11.495 ; 11.672 ; Rise       ; clk             ;
;  avs_readdata[28] ; clk        ; 11.095 ; 11.163 ; Rise       ; clk             ;
;  avs_readdata[29] ; clk        ; 12.269 ; 12.865 ; Rise       ; clk             ;
;  avs_readdata[30] ; clk        ; 11.133 ; 11.440 ; Rise       ; clk             ;
;  avs_readdata[31] ; clk        ; 11.184 ; 11.485 ; Rise       ; clk             ;
; irq               ; clk        ; 13.910 ; 14.771 ; Rise       ; clk             ;
+-------------------+------------+--------+--------+------------+-----------------+


+-------------------------------------------------------------------------------+
; Minimum Clock to Output Times                                                 ;
+-------------------+------------+-------+-------+------------+-----------------+
; Data Port         ; Clock Port ; Rise  ; Fall  ; Clock Edge ; Clock Reference ;
+-------------------+------------+-------+-------+------------+-----------------+
; avs_readdata[*]   ; clk        ; 4.437 ; 4.561 ; Rise       ; clk             ;
;  avs_readdata[0]  ; clk        ; 4.493 ; 4.608 ; Rise       ; clk             ;
;  avs_readdata[1]  ; clk        ; 5.088 ; 5.418 ; Rise       ; clk             ;
;  avs_readdata[2]  ; clk        ; 4.598 ; 4.754 ; Rise       ; clk             ;
;  avs_readdata[3]  ; clk        ; 4.977 ; 5.278 ; Rise       ; clk             ;
;  avs_readdata[4]  ; clk        ; 4.758 ; 5.005 ; Rise       ; clk             ;
;  avs_readdata[5]  ; clk        ; 4.528 ; 4.822 ; Rise       ; clk             ;
;  avs_readdata[6]  ; clk        ; 4.499 ; 4.632 ; Rise       ; clk             ;
;  avs_readdata[7]  ; clk        ; 5.164 ; 5.477 ; Rise       ; clk             ;
;  avs_readdata[8]  ; clk        ; 5.412 ; 5.788 ; Rise       ; clk             ;
;  avs_readdata[9]  ; clk        ; 5.491 ; 5.912 ; Rise       ; clk             ;
;  avs_readdata[10] ; clk        ; 4.636 ; 4.945 ; Rise       ; clk             ;
;  avs_readdata[11] ; clk        ; 4.746 ; 4.935 ; Rise       ; clk             ;
;  avs_readdata[12] ; clk        ; 4.772 ; 4.991 ; Rise       ; clk             ;
;  avs_readdata[13] ; clk        ; 4.555 ; 4.688 ; Rise       ; clk             ;
;  avs_readdata[14] ; clk        ; 4.808 ; 5.047 ; Rise       ; clk             ;
;  avs_readdata[15] ; clk        ; 5.179 ; 5.529 ; Rise       ; clk             ;
;  avs_readdata[16] ; clk        ; 4.921 ; 5.178 ; Rise       ; clk             ;
;  avs_readdata[17] ; clk        ; 4.924 ; 5.183 ; Rise       ; clk             ;
;  avs_readdata[18] ; clk        ; 4.594 ; 4.777 ; Rise       ; clk             ;
;  avs_readdata[19] ; clk        ; 4.649 ; 4.774 ; Rise       ; clk             ;
;  avs_readdata[20] ; clk        ; 4.684 ; 4.855 ; Rise       ; clk             ;
;  avs_readdata[21] ; clk        ; 5.450 ; 5.938 ; Rise       ; clk             ;
;  avs_readdata[22] ; clk        ; 4.902 ; 5.190 ; Rise       ; clk             ;
;  avs_readdata[23] ; clk        ; 4.737 ; 5.000 ; Rise       ; clk             ;
;  avs_readdata[24] ; clk        ; 4.846 ; 5.168 ; Rise       ; clk             ;
;  avs_readdata[25] ; clk        ; 4.469 ; 4.738 ; Rise       ; clk             ;
;  avs_readdata[26] ; clk        ; 4.507 ; 4.630 ; Rise       ; clk             ;
;  avs_readdata[27] ; clk        ; 4.684 ; 4.829 ; Rise       ; clk             ;
;  avs_readdata[28] ; clk        ; 4.437 ; 4.561 ; Rise       ; clk             ;
;  avs_readdata[29] ; clk        ; 5.190 ; 5.486 ; Rise       ; clk             ;
;  avs_readdata[30] ; clk        ; 4.629 ; 4.814 ; Rise       ; clk             ;
;  avs_readdata[31] ; clk        ; 4.650 ; 4.825 ; Rise       ; clk             ;
; irq               ; clk        ; 5.197 ; 5.582 ; Rise       ; clk             ;
+-------------------+------------+-------+-------+------------+-----------------+


+---------------------------------------------------------------------------------------------------------------------------------------------------------------------------------------------------------------------------------------------------------------------------------------------------------------------------------------------------------------------------------------------------------------------+
; Board Trace Model Assignments                                                                                                                                                                                                                                                                                                                                                                                       ;
+------------------+--------------+-------------------+-------------------------+-------------------------+---------------+---------------------+----------------+------------------+--------+------------------+------------------------+------------------------+--------------+---------------+-----------------+-------+---------------------+--------------------+---------------+-----------------+-------------+
; Pin              ; I/O Standard ; Near Tline Length ; Near Tline L per Length ; Near Tline C per Length ; Near Series R ; Near Differential R ; Near Pull-up R ; Near Pull-down R ; Near C ; Far Tline Length ; Far Tline L per Length ; Far Tline C per Length ; Far Series R ; Far Pull-up R ; Far Pull-down R ; Far C ; Termination Voltage ; Far Differential R ; EBD File Name ; EBD Signal Name ; EBD Far-end ;
+------------------+--------------+-------------------+-------------------------+-------------------------+---------------+---------------------+----------------+------------------+--------+------------------+------------------------+------------------------+--------------+---------------+-----------------+-------+---------------------+--------------------+---------------+-----------------+-------------+
; avs_readdata[0]  ; 2.5 V        ; 0 in              ; 0 H/in                  ; 0 F/in                  ; short         ; -                   ; open           ; open             ; open   ; 0 in             ; 0 H/in                 ; 0 F/in                 ; short        ; open          ; open            ; open  ; 0 V                 ; -                  ; n/a           ; n/a             ; n/a         ;
; avs_readdata[1]  ; 2.5 V        ; 0 in              ; 0 H/in                  ; 0 F/in                  ; short         ; -                   ; open           ; open             ; open   ; 0 in             ; 0 H/in                 ; 0 F/in                 ; short        ; open          ; open            ; open  ; 0 V                 ; -                  ; n/a           ; n/a             ; n/a         ;
; avs_readdata[2]  ; 2.5 V        ; 0 in              ; 0 H/in                  ; 0 F/in                  ; short         ; -                   ; open           ; open             ; open   ; 0 in             ; 0 H/in                 ; 0 F/in                 ; short        ; open          ; open            ; open  ; 0 V                 ; -                  ; n/a           ; n/a             ; n/a         ;
; avs_readdata[3]  ; 2.5 V        ; 0 in              ; 0 H/in                  ; 0 F/in                  ; short         ; -                   ; open           ; open             ; open   ; 0 in             ; 0 H/in                 ; 0 F/in                 ; short        ; open          ; open            ; open  ; 0 V                 ; -                  ; n/a           ; n/a             ; n/a         ;
; avs_readdata[4]  ; 2.5 V        ; 0 in              ; 0 H/in                  ; 0 F/in                  ; short         ; -                   ; open           ; open             ; open   ; 0 in             ; 0 H/in                 ; 0 F/in                 ; short        ; open          ; open            ; open  ; 0 V                 ; -                  ; n/a           ; n/a             ; n/a         ;
; avs_readdata[5]  ; 2.5 V        ; 0 in              ; 0 H/in                  ; 0 F/in                  ; short         ; -                   ; open           ; open             ; open   ; 0 in             ; 0 H/in                 ; 0 F/in                 ; short        ; open          ; open            ; open  ; 0 V                 ; -                  ; n/a           ; n/a             ; n/a         ;
; avs_readdata[6]  ; 2.5 V        ; 0 in              ; 0 H/in                  ; 0 F/in                  ; short         ; -                   ; open           ; open             ; open   ; 0 in             ; 0 H/in                 ; 0 F/in                 ; short        ; open          ; open            ; open  ; 0 V                 ; -                  ; n/a           ; n/a             ; n/a         ;
; avs_readdata[7]  ; 2.5 V        ; 0 in              ; 0 H/in                  ; 0 F/in                  ; short         ; -                   ; open           ; open             ; open   ; 0 in             ; 0 H/in                 ; 0 F/in                 ; short        ; open          ; open            ; open  ; 0 V                 ; -                  ; n/a           ; n/a             ; n/a         ;
; avs_readdata[8]  ; 2.5 V        ; 0 in              ; 0 H/in                  ; 0 F/in                  ; short         ; -                   ; open           ; open             ; open   ; 0 in             ; 0 H/in                 ; 0 F/in                 ; short        ; open          ; open            ; open  ; 0 V                 ; -                  ; n/a           ; n/a             ; n/a         ;
; avs_readdata[9]  ; 2.5 V        ; 0 in              ; 0 H/in                  ; 0 F/in                  ; short         ; -                   ; open           ; open             ; open   ; 0 in             ; 0 H/in                 ; 0 F/in                 ; short        ; open          ; open            ; open  ; 0 V                 ; -                  ; n/a           ; n/a             ; n/a         ;
; avs_readdata[10] ; 2.5 V        ; 0 in              ; 0 H/in                  ; 0 F/in                  ; short         ; -                   ; open           ; open             ; open   ; 0 in             ; 0 H/in                 ; 0 F/in                 ; short        ; open          ; open            ; open  ; 0 V                 ; -                  ; n/a           ; n/a             ; n/a         ;
; avs_readdata[11] ; 2.5 V        ; 0 in              ; 0 H/in                  ; 0 F/in                  ; short         ; -                   ; open           ; open             ; open   ; 0 in             ; 0 H/in                 ; 0 F/in                 ; short        ; open          ; open            ; open  ; 0 V                 ; -                  ; n/a           ; n/a             ; n/a         ;
; avs_readdata[12] ; 2.5 V        ; 0 in              ; 0 H/in                  ; 0 F/in                  ; short         ; -                   ; open           ; open             ; open   ; 0 in             ; 0 H/in                 ; 0 F/in                 ; short        ; open          ; open            ; open  ; 0 V                 ; -                  ; n/a           ; n/a             ; n/a         ;
; avs_readdata[13] ; 2.5 V        ; 0 in              ; 0 H/in                  ; 0 F/in                  ; short         ; -                   ; open           ; open             ; open   ; 0 in             ; 0 H/in                 ; 0 F/in                 ; short        ; open          ; open            ; open  ; 0 V                 ; -                  ; n/a           ; n/a             ; n/a         ;
; avs_readdata[14] ; 2.5 V        ; 0 in              ; 0 H/in                  ; 0 F/in                  ; short         ; -                   ; open           ; open             ; open   ; 0 in             ; 0 H/in                 ; 0 F/in                 ; short        ; open          ; open            ; open  ; 0 V                 ; -                  ; n/a           ; n/a             ; n/a         ;
; avs_readdata[15] ; 2.5 V        ; 0 in              ; 0 H/in                  ; 0 F/in                  ; short         ; -                   ; open           ; open             ; open   ; 0 in             ; 0 H/in                 ; 0 F/in                 ; short        ; open          ; open            ; open  ; 0 V                 ; -                  ; n/a           ; n/a             ; n/a         ;
; avs_readdata[16] ; 2.5 V        ; 0 in              ; 0 H/in                  ; 0 F/in                  ; short         ; -                   ; open           ; open             ; open   ; 0 in             ; 0 H/in                 ; 0 F/in                 ; short        ; open          ; open            ; open  ; 0 V                 ; -                  ; n/a           ; n/a             ; n/a         ;
; avs_readdata[17] ; 2.5 V        ; 0 in              ; 0 H/in                  ; 0 F/in                  ; short         ; -                   ; open           ; open             ; open   ; 0 in             ; 0 H/in                 ; 0 F/in                 ; short        ; open          ; open            ; open  ; 0 V                 ; -                  ; n/a           ; n/a             ; n/a         ;
; avs_readdata[18] ; 2.5 V        ; 0 in              ; 0 H/in                  ; 0 F/in                  ; short         ; -                   ; open           ; open             ; open   ; 0 in             ; 0 H/in                 ; 0 F/in                 ; short        ; open          ; open            ; open  ; 0 V                 ; -                  ; n/a           ; n/a             ; n/a         ;
; avs_readdata[19] ; 2.5 V        ; 0 in              ; 0 H/in                  ; 0 F/in                  ; short         ; -                   ; open           ; open             ; open   ; 0 in             ; 0 H/in                 ; 0 F/in                 ; short        ; open          ; open            ; open  ; 0 V                 ; -                  ; n/a           ; n/a             ; n/a         ;
; avs_readdata[20] ; 2.5 V        ; 0 in              ; 0 H/in                  ; 0 F/in                  ; short         ; -                   ; open           ; open             ; open   ; 0 in             ; 0 H/in                 ; 0 F/in                 ; short        ; open          ; open            ; open  ; 0 V                 ; -                  ; n/a           ; n/a             ; n/a         ;
; avs_readdata[21] ; 2.5 V        ; 0 in              ; 0 H/in                  ; 0 F/in                  ; short         ; -                   ; open           ; open             ; open   ; 0 in             ; 0 H/in                 ; 0 F/in                 ; short        ; open          ; open            ; open  ; 0 V                 ; -                  ; n/a           ; n/a             ; n/a         ;
; avs_readdata[22] ; 2.5 V        ; 0 in              ; 0 H/in                  ; 0 F/in                  ; short         ; -                   ; open           ; open             ; open   ; 0 in             ; 0 H/in                 ; 0 F/in                 ; short        ; open          ; open            ; open  ; 0 V                 ; -                  ; n/a           ; n/a             ; n/a         ;
; avs_readdata[23] ; 2.5 V        ; 0 in              ; 0 H/in                  ; 0 F/in                  ; short         ; -                   ; open           ; open             ; open   ; 0 in             ; 0 H/in                 ; 0 F/in                 ; short        ; open          ; open            ; open  ; 0 V                 ; -                  ; n/a           ; n/a             ; n/a         ;
; avs_readdata[24] ; 2.5 V        ; 0 in              ; 0 H/in                  ; 0 F/in                  ; short         ; -                   ; open           ; open             ; open   ; 0 in             ; 0 H/in                 ; 0 F/in                 ; short        ; open          ; open            ; open  ; 0 V                 ; -                  ; n/a           ; n/a             ; n/a         ;
; avs_readdata[25] ; 2.5 V        ; 0 in              ; 0 H/in                  ; 0 F/in                  ; short         ; -                   ; open           ; open             ; open   ; 0 in             ; 0 H/in                 ; 0 F/in                 ; short        ; open          ; open            ; open  ; 0 V                 ; -                  ; n/a           ; n/a             ; n/a         ;
; avs_readdata[26] ; 2.5 V        ; 0 in              ; 0 H/in                  ; 0 F/in                  ; short         ; -                   ; open           ; open             ; open   ; 0 in             ; 0 H/in                 ; 0 F/in                 ; short        ; open          ; open            ; open  ; 0 V                 ; -                  ; n/a           ; n/a             ; n/a         ;
; avs_readdata[27] ; 2.5 V        ; 0 in              ; 0 H/in                  ; 0 F/in                  ; short         ; -                   ; open           ; open             ; open   ; 0 in             ; 0 H/in                 ; 0 F/in                 ; short        ; open          ; open            ; open  ; 0 V                 ; -                  ; n/a           ; n/a             ; n/a         ;
; avs_readdata[28] ; 2.5 V        ; 0 in              ; 0 H/in                  ; 0 F/in                  ; short         ; -                   ; open           ; open             ; open   ; 0 in             ; 0 H/in                 ; 0 F/in                 ; short        ; open          ; open            ; open  ; 0 V                 ; -                  ; n/a           ; n/a             ; n/a         ;
; avs_readdata[29] ; 2.5 V        ; 0 in              ; 0 H/in                  ; 0 F/in                  ; short         ; -                   ; open           ; open             ; open   ; 0 in             ; 0 H/in                 ; 0 F/in                 ; short        ; open          ; open            ; open  ; 0 V                 ; -                  ; n/a           ; n/a             ; n/a         ;
; avs_readdata[30] ; 2.5 V        ; 0 in              ; 0 H/in                  ; 0 F/in                  ; short         ; -                   ; open           ; open             ; open   ; 0 in             ; 0 H/in                 ; 0 F/in                 ; short        ; open          ; open            ; open  ; 0 V                 ; -                  ; n/a           ; n/a             ; n/a         ;
; avs_readdata[31] ; 2.5 V        ; 0 in              ; 0 H/in                  ; 0 F/in                  ; short         ; -                   ; open           ; open             ; open   ; 0 in             ; 0 H/in                 ; 0 F/in                 ; short        ; open          ; open            ; open  ; 0 V                 ; -                  ; n/a           ; n/a             ; n/a         ;
; irq              ; 2.5 V        ; 0 in              ; 0 H/in                  ; 0 F/in                  ; short         ; -                   ; open           ; open             ; open   ; 0 in             ; 0 H/in                 ; 0 F/in                 ; short        ; open          ; open            ; open  ; 0 V                 ; -                  ; n/a           ; n/a             ; n/a         ;
+------------------+--------------+-------------------+-------------------------+-------------------------+---------------+---------------------+----------------+------------------+--------+------------------+------------------------+------------------------+--------------+---------------+-----------------+-------+---------------------+--------------------+---------------+-----------------+-------------+


+----------------------------------------------------------------------+
; Input Transition Times                                               ;
+-------------------+--------------+-----------------+-----------------+
; Pin               ; I/O Standard ; 10-90 Rise Time ; 90-10 Fall Time ;
+-------------------+--------------+-----------------+-----------------+
; avs_address[0]    ; 2.5 V        ; 2000 ps         ; 2000 ps         ;
; avs_address[4]    ; 2.5 V        ; 2000 ps         ; 2000 ps         ;
; avs_address[1]    ; 2.5 V        ; 2000 ps         ; 2000 ps         ;
; avs_address[5]    ; 2.5 V        ; 2000 ps         ; 2000 ps         ;
; avs_address[2]    ; 2.5 V        ; 2000 ps         ; 2000 ps         ;
; avs_address[3]    ; 2.5 V        ; 2000 ps         ; 2000 ps         ;
; clk               ; 2.5 V        ; 2000 ps         ; 2000 ps         ;
; reset_n           ; 2.5 V        ; 2000 ps         ; 2000 ps         ;
; avs_read          ; 2.5 V        ; 2000 ps         ; 2000 ps         ;
; avs_write         ; 2.5 V        ; 2000 ps         ; 2000 ps         ;
; avs_writedata[1]  ; 2.5 V        ; 2000 ps         ; 2000 ps         ;
; avs_writedata[0]  ; 2.5 V        ; 2000 ps         ; 2000 ps         ;
; avs_writedata[6]  ; 2.5 V        ; 2000 ps         ; 2000 ps         ;
; avs_writedata[2]  ; 2.5 V        ; 2000 ps         ; 2000 ps         ;
; avs_writedata[3]  ; 2.5 V        ; 2000 ps         ; 2000 ps         ;
; avs_writedata[4]  ; 2.5 V        ; 2000 ps         ; 2000 ps         ;
; avs_writedata[5]  ; 2.5 V        ; 2000 ps         ; 2000 ps         ;
; avs_writedata[7]  ; 2.5 V        ; 2000 ps         ; 2000 ps         ;
; avs_writedata[8]  ; 2.5 V        ; 2000 ps         ; 2000 ps         ;
; avs_writedata[9]  ; 2.5 V        ; 2000 ps         ; 2000 ps         ;
; avs_writedata[10] ; 2.5 V        ; 2000 ps         ; 2000 ps         ;
; avs_writedata[11] ; 2.5 V        ; 2000 ps         ; 2000 ps         ;
; avs_writedata[12] ; 2.5 V        ; 2000 ps         ; 2000 ps         ;
; avs_writedata[13] ; 2.5 V        ; 2000 ps         ; 2000 ps         ;
; avs_writedata[14] ; 2.5 V        ; 2000 ps         ; 2000 ps         ;
; avs_writedata[15] ; 2.5 V        ; 2000 ps         ; 2000 ps         ;
; avs_writedata[16] ; 2.5 V        ; 2000 ps         ; 2000 ps         ;
; avs_writedata[17] ; 2.5 V        ; 2000 ps         ; 2000 ps         ;
; avs_writedata[18] ; 2.5 V        ; 2000 ps         ; 2000 ps         ;
; avs_writedata[19] ; 2.5 V        ; 2000 ps         ; 2000 ps         ;
; avs_writedata[20] ; 2.5 V        ; 2000 ps         ; 2000 ps         ;
; avs_writedata[21] ; 2.5 V        ; 2000 ps         ; 2000 ps         ;
; avs_writedata[22] ; 2.5 V        ; 2000 ps         ; 2000 ps         ;
; avs_writedata[23] ; 2.5 V        ; 2000 ps         ; 2000 ps         ;
; avs_writedata[24] ; 2.5 V        ; 2000 ps         ; 2000 ps         ;
; avs_writedata[25] ; 2.5 V        ; 2000 ps         ; 2000 ps         ;
; avs_writedata[26] ; 2.5 V        ; 2000 ps         ; 2000 ps         ;
; avs_writedata[27] ; 2.5 V        ; 2000 ps         ; 2000 ps         ;
; avs_writedata[28] ; 2.5 V        ; 2000 ps         ; 2000 ps         ;
; avs_writedata[29] ; 2.5 V        ; 2000 ps         ; 2000 ps         ;
; avs_writedata[30] ; 2.5 V        ; 2000 ps         ; 2000 ps         ;
; avs_writedata[31] ; 2.5 V        ; 2000 ps         ; 2000 ps         ;
+-------------------+--------------+-----------------+-----------------+


+-----------------------------------------------------------------------------------------------------------------------------------------------------------------------------------------------------------------------------------------------------------------------------------------------------------------------------------------------------------------------------------------------------------------------------------------------------------------------------------------------------------------------------------------------------------------------------------------------------------------------------------------------------------------------------------------------+
; Signal Integrity Metrics (Slow 1100mv n40c Model)                                                                                                                                                                                                                                                                                                                                                                                                                                                                                                                                                                                                                                             ;
+------------------+--------------+---------------------+---------------------+------------------------------+------------------------------+---------------------+---------------------+--------------------------------------+--------------------------------------+-----------------------------+-----------------------------+----------------------------+----------------------------+-----------------------------+-----------------------------+--------------------+--------------------+-------------------------------------+-------------------------------------+----------------------------+----------------------------+---------------------------+---------------------------+
; Pin              ; I/O Standard ; Board Delay on Rise ; Board Delay on Fall ; Steady State Voh at FPGA Pin ; Steady State Vol at FPGA Pin ; Voh Max at FPGA Pin ; Vol Min at FPGA Pin ; Ringback Voltage on Rise at FPGA Pin ; Ringback Voltage on Fall at FPGA Pin ; 10-90 Rise Time at FPGA Pin ; 90-10 Fall Time at FPGA Pin ; Monotonic Rise at FPGA Pin ; Monotonic Fall at FPGA Pin ; Steady State Voh at Far-end ; Steady State Vol at Far-end ; Voh Max at Far-end ; Vol Min at Far-end ; Ringback Voltage on Rise at Far-end ; Ringback Voltage on Fall at Far-end ; 10-90 Rise Time at Far-end ; 90-10 Fall Time at Far-end ; Monotonic Rise at Far-end ; Monotonic Fall at Far-end ;
+------------------+--------------+---------------------+---------------------+------------------------------+------------------------------+---------------------+---------------------+--------------------------------------+--------------------------------------+-----------------------------+-----------------------------+----------------------------+----------------------------+-----------------------------+-----------------------------+--------------------+--------------------+-------------------------------------+-------------------------------------+----------------------------+----------------------------+---------------------------+---------------------------+
; avs_readdata[0]  ; 2.5 V        ; 0 s                 ; 0 s                 ; 2.32 V                       ; 1.56e-08 V                   ; 2.43 V              ; -0.0607 V           ; 0.35 V                               ; 0.108 V                              ; 3.1e-10 s                   ; 4.28e-10 s                  ; No                         ; No                         ; 2.32 V                      ; 1.56e-08 V                  ; 2.43 V             ; -0.0607 V          ; 0.35 V                              ; 0.108 V                             ; 3.1e-10 s                  ; 4.28e-10 s                 ; No                        ; No                        ;
; avs_readdata[1]  ; 2.5 V        ; 0 s                 ; 0 s                 ; 2.32 V                       ; 1.6e-08 V                    ; 2.42 V              ; -0.0509 V           ; 0.197 V                              ; 0.118 V                              ; 4.57e-10 s                  ; 4.47e-10 s                  ; No                         ; Yes                        ; 2.32 V                      ; 1.6e-08 V                   ; 2.42 V             ; -0.0509 V          ; 0.197 V                             ; 0.118 V                             ; 4.57e-10 s                 ; 4.47e-10 s                 ; No                        ; Yes                       ;
; avs_readdata[2]  ; 2.5 V        ; 0 s                 ; 0 s                 ; 2.32 V                       ; 1.56e-08 V                   ; 2.43 V              ; -0.0617 V           ; 0.35 V                               ; 0.107 V                              ; 3.1e-10 s                   ; 4.28e-10 s                  ; No                         ; No                         ; 2.32 V                      ; 1.56e-08 V                  ; 2.43 V             ; -0.0617 V          ; 0.35 V                              ; 0.107 V                             ; 3.1e-10 s                  ; 4.28e-10 s                 ; No                        ; No                        ;
; avs_readdata[3]  ; 2.5 V        ; 0 s                 ; 0 s                 ; 2.32 V                       ; 1.56e-08 V                   ; 2.43 V              ; -0.0617 V           ; 0.35 V                               ; 0.107 V                              ; 3.1e-10 s                   ; 4.28e-10 s                  ; No                         ; No                         ; 2.32 V                      ; 1.56e-08 V                  ; 2.43 V             ; -0.0617 V          ; 0.35 V                              ; 0.107 V                             ; 3.1e-10 s                  ; 4.28e-10 s                 ; No                        ; No                        ;
; avs_readdata[4]  ; 2.5 V        ; 0 s                 ; 0 s                 ; 2.32 V                       ; 1.33e-08 V                   ; 2.36 V              ; -0.0253 V           ; 0.132 V                              ; 0.078 V                              ; 4.45e-10 s                  ; 4.26e-10 s                  ; No                         ; Yes                        ; 2.32 V                      ; 1.33e-08 V                  ; 2.36 V             ; -0.0253 V          ; 0.132 V                             ; 0.078 V                             ; 4.45e-10 s                 ; 4.26e-10 s                 ; No                        ; Yes                       ;
; avs_readdata[5]  ; 2.5 V        ; 0 s                 ; 0 s                 ; 2.32 V                       ; 1.6e-08 V                    ; 2.42 V              ; -0.0509 V           ; 0.197 V                              ; 0.118 V                              ; 4.57e-10 s                  ; 4.47e-10 s                  ; No                         ; Yes                        ; 2.32 V                      ; 1.6e-08 V                   ; 2.42 V             ; -0.0509 V          ; 0.197 V                             ; 0.118 V                             ; 4.57e-10 s                 ; 4.47e-10 s                 ; No                        ; Yes                       ;
; avs_readdata[6]  ; 2.5 V        ; 0 s                 ; 0 s                 ; 2.32 V                       ; 1.33e-08 V                   ; 2.36 V              ; -0.0253 V           ; 0.132 V                              ; 0.078 V                              ; 4.45e-10 s                  ; 4.26e-10 s                  ; No                         ; Yes                        ; 2.32 V                      ; 1.33e-08 V                  ; 2.36 V             ; -0.0253 V          ; 0.132 V                             ; 0.078 V                             ; 4.45e-10 s                 ; 4.26e-10 s                 ; No                        ; Yes                       ;
; avs_readdata[7]  ; 2.5 V        ; 0 s                 ; 0 s                 ; 2.32 V                       ; 1.33e-08 V                   ; 2.36 V              ; -0.0253 V           ; 0.132 V                              ; 0.078 V                              ; 4.45e-10 s                  ; 4.26e-10 s                  ; No                         ; Yes                        ; 2.32 V                      ; 1.33e-08 V                  ; 2.36 V             ; -0.0253 V          ; 0.132 V                             ; 0.078 V                             ; 4.45e-10 s                 ; 4.26e-10 s                 ; No                        ; Yes                       ;
; avs_readdata[8]  ; 2.5 V        ; 0 s                 ; 0 s                 ; 2.32 V                       ; 1.56e-08 V                   ; 2.43 V              ; -0.0617 V           ; 0.35 V                               ; 0.107 V                              ; 3.1e-10 s                   ; 4.28e-10 s                  ; No                         ; No                         ; 2.32 V                      ; 1.56e-08 V                  ; 2.43 V             ; -0.0617 V          ; 0.35 V                              ; 0.107 V                             ; 3.1e-10 s                  ; 4.28e-10 s                 ; No                        ; No                        ;
; avs_readdata[9]  ; 2.5 V        ; 0 s                 ; 0 s                 ; 2.32 V                       ; 1.56e-08 V                   ; 2.43 V              ; -0.0617 V           ; 0.35 V                               ; 0.107 V                              ; 3.1e-10 s                   ; 4.28e-10 s                  ; No                         ; No                         ; 2.32 V                      ; 1.56e-08 V                  ; 2.43 V             ; -0.0617 V          ; 0.35 V                              ; 0.107 V                             ; 3.1e-10 s                  ; 4.28e-10 s                 ; No                        ; No                        ;
; avs_readdata[10] ; 2.5 V        ; 0 s                 ; 0 s                 ; 2.32 V                       ; 1.56e-08 V                   ; 2.43 V              ; -0.0607 V           ; 0.35 V                               ; 0.108 V                              ; 3.1e-10 s                   ; 4.28e-10 s                  ; No                         ; No                         ; 2.32 V                      ; 1.56e-08 V                  ; 2.43 V             ; -0.0607 V          ; 0.35 V                              ; 0.108 V                             ; 3.1e-10 s                  ; 4.28e-10 s                 ; No                        ; No                        ;
; avs_readdata[11] ; 2.5 V        ; 0 s                 ; 0 s                 ; 2.32 V                       ; 1.56e-08 V                   ; 2.43 V              ; -0.0607 V           ; 0.35 V                               ; 0.108 V                              ; 3.1e-10 s                   ; 4.28e-10 s                  ; No                         ; No                         ; 2.32 V                      ; 1.56e-08 V                  ; 2.43 V             ; -0.0607 V          ; 0.35 V                              ; 0.108 V                             ; 3.1e-10 s                  ; 4.28e-10 s                 ; No                        ; No                        ;
; avs_readdata[12] ; 2.5 V        ; 0 s                 ; 0 s                 ; 2.32 V                       ; 1.6e-08 V                    ; 2.42 V              ; -0.0509 V           ; 0.197 V                              ; 0.118 V                              ; 4.57e-10 s                  ; 4.47e-10 s                  ; No                         ; Yes                        ; 2.32 V                      ; 1.6e-08 V                   ; 2.42 V             ; -0.0509 V          ; 0.197 V                             ; 0.118 V                             ; 4.57e-10 s                 ; 4.47e-10 s                 ; No                        ; Yes                       ;
; avs_readdata[13] ; 2.5 V        ; 0 s                 ; 0 s                 ; 2.32 V                       ; 1.56e-08 V                   ; 2.43 V              ; -0.0607 V           ; 0.35 V                               ; 0.108 V                              ; 3.1e-10 s                   ; 4.28e-10 s                  ; No                         ; No                         ; 2.32 V                      ; 1.56e-08 V                  ; 2.43 V             ; -0.0607 V          ; 0.35 V                              ; 0.108 V                             ; 3.1e-10 s                  ; 4.28e-10 s                 ; No                        ; No                        ;
; avs_readdata[14] ; 2.5 V        ; 0 s                 ; 0 s                 ; 2.32 V                       ; 1.33e-08 V                   ; 2.36 V              ; -0.0253 V           ; 0.132 V                              ; 0.078 V                              ; 4.45e-10 s                  ; 4.26e-10 s                  ; No                         ; Yes                        ; 2.32 V                      ; 1.33e-08 V                  ; 2.36 V             ; -0.0253 V          ; 0.132 V                             ; 0.078 V                             ; 4.45e-10 s                 ; 4.26e-10 s                 ; No                        ; Yes                       ;
; avs_readdata[15] ; 2.5 V        ; 0 s                 ; 0 s                 ; 2.32 V                       ; 1.33e-08 V                   ; 2.36 V              ; -0.0253 V           ; 0.132 V                              ; 0.078 V                              ; 4.45e-10 s                  ; 4.26e-10 s                  ; No                         ; Yes                        ; 2.32 V                      ; 1.33e-08 V                  ; 2.36 V             ; -0.0253 V          ; 0.132 V                             ; 0.078 V                             ; 4.45e-10 s                 ; 4.26e-10 s                 ; No                        ; Yes                       ;
; avs_readdata[16] ; 2.5 V        ; 0 s                 ; 0 s                 ; 2.32 V                       ; 1.56e-08 V                   ; 2.43 V              ; -0.0617 V           ; 0.35 V                               ; 0.107 V                              ; 3.1e-10 s                   ; 4.28e-10 s                  ; No                         ; No                         ; 2.32 V                      ; 1.56e-08 V                  ; 2.43 V             ; -0.0617 V          ; 0.35 V                              ; 0.107 V                             ; 3.1e-10 s                  ; 4.28e-10 s                 ; No                        ; No                        ;
; avs_readdata[17] ; 2.5 V        ; 0 s                 ; 0 s                 ; 2.32 V                       ; 1.6e-08 V                    ; 2.42 V              ; -0.0509 V           ; 0.197 V                              ; 0.118 V                              ; 4.57e-10 s                  ; 4.47e-10 s                  ; No                         ; Yes                        ; 2.32 V                      ; 1.6e-08 V                   ; 2.42 V             ; -0.0509 V          ; 0.197 V                             ; 0.118 V                             ; 4.57e-10 s                 ; 4.47e-10 s                 ; No                        ; Yes                       ;
; avs_readdata[18] ; 2.5 V        ; 0 s                 ; 0 s                 ; 2.32 V                       ; 1.6e-08 V                    ; 2.42 V              ; -0.0509 V           ; 0.197 V                              ; 0.118 V                              ; 4.57e-10 s                  ; 4.47e-10 s                  ; No                         ; Yes                        ; 2.32 V                      ; 1.6e-08 V                   ; 2.42 V             ; -0.0509 V          ; 0.197 V                             ; 0.118 V                             ; 4.57e-10 s                 ; 4.47e-10 s                 ; No                        ; Yes                       ;
; avs_readdata[19] ; 2.5 V        ; 0 s                 ; 0 s                 ; 2.32 V                       ; 1.56e-08 V                   ; 2.43 V              ; -0.0617 V           ; 0.35 V                               ; 0.107 V                              ; 3.1e-10 s                   ; 4.28e-10 s                  ; No                         ; No                         ; 2.32 V                      ; 1.56e-08 V                  ; 2.43 V             ; -0.0617 V          ; 0.35 V                              ; 0.107 V                             ; 3.1e-10 s                  ; 4.28e-10 s                 ; No                        ; No                        ;
; avs_readdata[20] ; 2.5 V        ; 0 s                 ; 0 s                 ; 2.32 V                       ; 1.56e-08 V                   ; 2.43 V              ; -0.0607 V           ; 0.35 V                               ; 0.108 V                              ; 3.1e-10 s                   ; 4.28e-10 s                  ; No                         ; No                         ; 2.32 V                      ; 1.56e-08 V                  ; 2.43 V             ; -0.0607 V          ; 0.35 V                              ; 0.108 V                             ; 3.1e-10 s                  ; 4.28e-10 s                 ; No                        ; No                        ;
; avs_readdata[21] ; 2.5 V        ; 0 s                 ; 0 s                 ; 2.32 V                       ; 1.56e-08 V                   ; 2.43 V              ; -0.0607 V           ; 0.35 V                               ; 0.108 V                              ; 3.1e-10 s                   ; 4.28e-10 s                  ; No                         ; No                         ; 2.32 V                      ; 1.56e-08 V                  ; 2.43 V             ; -0.0607 V          ; 0.35 V                              ; 0.108 V                             ; 3.1e-10 s                  ; 4.28e-10 s                 ; No                        ; No                        ;
; avs_readdata[22] ; 2.5 V        ; 0 s                 ; 0 s                 ; 2.32 V                       ; 1.6e-08 V                    ; 2.42 V              ; -0.0509 V           ; 0.197 V                              ; 0.118 V                              ; 4.57e-10 s                  ; 4.47e-10 s                  ; No                         ; Yes                        ; 2.32 V                      ; 1.6e-08 V                   ; 2.42 V             ; -0.0509 V          ; 0.197 V                             ; 0.118 V                             ; 4.57e-10 s                 ; 4.47e-10 s                 ; No                        ; Yes                       ;
; avs_readdata[23] ; 2.5 V        ; 0 s                 ; 0 s                 ; 2.32 V                       ; 1.6e-08 V                    ; 2.42 V              ; -0.0509 V           ; 0.197 V                              ; 0.118 V                              ; 4.57e-10 s                  ; 4.47e-10 s                  ; No                         ; Yes                        ; 2.32 V                      ; 1.6e-08 V                   ; 2.42 V             ; -0.0509 V          ; 0.197 V                             ; 0.118 V                             ; 4.57e-10 s                 ; 4.47e-10 s                 ; No                        ; Yes                       ;
; avs_readdata[24] ; 2.5 V        ; 0 s                 ; 0 s                 ; 2.32 V                       ; 1.33e-08 V                   ; 2.36 V              ; -0.0253 V           ; 0.132 V                              ; 0.078 V                              ; 4.45e-10 s                  ; 4.26e-10 s                  ; No                         ; Yes                        ; 2.32 V                      ; 1.33e-08 V                  ; 2.36 V             ; -0.0253 V          ; 0.132 V                             ; 0.078 V                             ; 4.45e-10 s                 ; 4.26e-10 s                 ; No                        ; Yes                       ;
; avs_readdata[25] ; 2.5 V        ; 0 s                 ; 0 s                 ; 2.32 V                       ; 1.6e-08 V                    ; 2.42 V              ; -0.0509 V           ; 0.197 V                              ; 0.118 V                              ; 4.57e-10 s                  ; 4.47e-10 s                  ; No                         ; Yes                        ; 2.32 V                      ; 1.6e-08 V                   ; 2.42 V             ; -0.0509 V          ; 0.197 V                             ; 0.118 V                             ; 4.57e-10 s                 ; 4.47e-10 s                 ; No                        ; Yes                       ;
; avs_readdata[26] ; 2.5 V        ; 0 s                 ; 0 s                 ; 2.32 V                       ; 1.56e-08 V                   ; 2.43 V              ; -0.0617 V           ; 0.35 V                               ; 0.107 V                              ; 3.1e-10 s                   ; 4.28e-10 s                  ; No                         ; No                         ; 2.32 V                      ; 1.56e-08 V                  ; 2.43 V             ; -0.0617 V          ; 0.35 V                              ; 0.107 V                             ; 3.1e-10 s                  ; 4.28e-10 s                 ; No                        ; No                        ;
; avs_readdata[27] ; 2.5 V        ; 0 s                 ; 0 s                 ; 2.32 V                       ; 1.56e-08 V                   ; 2.43 V              ; -0.0607 V           ; 0.35 V                               ; 0.108 V                              ; 3.1e-10 s                   ; 4.28e-10 s                  ; No                         ; No                         ; 2.32 V                      ; 1.56e-08 V                  ; 2.43 V             ; -0.0607 V          ; 0.35 V                              ; 0.108 V                             ; 3.1e-10 s                  ; 4.28e-10 s                 ; No                        ; No                        ;
; avs_readdata[28] ; 2.5 V        ; 0 s                 ; 0 s                 ; 2.32 V                       ; 1.6e-08 V                    ; 2.42 V              ; -0.0509 V           ; 0.197 V                              ; 0.118 V                              ; 4.57e-10 s                  ; 4.47e-10 s                  ; No                         ; Yes                        ; 2.32 V                      ; 1.6e-08 V                   ; 2.42 V             ; -0.0509 V          ; 0.197 V                             ; 0.118 V                             ; 4.57e-10 s                 ; 4.47e-10 s                 ; No                        ; Yes                       ;
; avs_readdata[29] ; 2.5 V        ; 0 s                 ; 0 s                 ; 2.32 V                       ; 1.33e-08 V                   ; 2.36 V              ; -0.0253 V           ; 0.132 V                              ; 0.078 V                              ; 4.45e-10 s                  ; 4.26e-10 s                  ; No                         ; Yes                        ; 2.32 V                      ; 1.33e-08 V                  ; 2.36 V             ; -0.0253 V          ; 0.132 V                             ; 0.078 V                             ; 4.45e-10 s                 ; 4.26e-10 s                 ; No                        ; Yes                       ;
; avs_readdata[30] ; 2.5 V        ; 0 s                 ; 0 s                 ; 2.32 V                       ; 1.6e-08 V                    ; 2.42 V              ; -0.0509 V           ; 0.197 V                              ; 0.118 V                              ; 4.57e-10 s                  ; 4.47e-10 s                  ; No                         ; Yes                        ; 2.32 V                      ; 1.6e-08 V                   ; 2.42 V             ; -0.0509 V          ; 0.197 V                             ; 0.118 V                             ; 4.57e-10 s                 ; 4.47e-10 s                 ; No                        ; Yes                       ;
; avs_readdata[31] ; 2.5 V        ; 0 s                 ; 0 s                 ; 2.32 V                       ; 1.56e-08 V                   ; 2.43 V              ; -0.0607 V           ; 0.35 V                               ; 0.108 V                              ; 3.1e-10 s                   ; 4.28e-10 s                  ; No                         ; No                         ; 2.32 V                      ; 1.56e-08 V                  ; 2.43 V             ; -0.0607 V          ; 0.35 V                              ; 0.108 V                             ; 3.1e-10 s                  ; 4.28e-10 s                 ; No                        ; No                        ;
; irq              ; 2.5 V        ; 0 s                 ; 0 s                 ; 2.32 V                       ; 1.56e-08 V                   ; 2.43 V              ; -0.0617 V           ; 0.35 V                               ; 0.107 V                              ; 3.1e-10 s                   ; 4.28e-10 s                  ; No                         ; No                         ; 2.32 V                      ; 1.56e-08 V                  ; 2.43 V             ; -0.0617 V          ; 0.35 V                              ; 0.107 V                             ; 3.1e-10 s                  ; 4.28e-10 s                 ; No                        ; No                        ;
+------------------+--------------+---------------------+---------------------+------------------------------+------------------------------+---------------------+---------------------+--------------------------------------+--------------------------------------+-----------------------------+-----------------------------+----------------------------+----------------------------+-----------------------------+-----------------------------+--------------------+--------------------+-------------------------------------+-------------------------------------+----------------------------+----------------------------+---------------------------+---------------------------+


+-----------------------------------------------------------------------------------------------------------------------------------------------------------------------------------------------------------------------------------------------------------------------------------------------------------------------------------------------------------------------------------------------------------------------------------------------------------------------------------------------------------------------------------------------------------------------------------------------------------------------------------------------------------------------------------------------+
; Signal Integrity Metrics (Slow 1100mv 100c Model)                                                                                                                                                                                                                                                                                                                                                                                                                                                                                                                                                                                                                                             ;
+------------------+--------------+---------------------+---------------------+------------------------------+------------------------------+---------------------+---------------------+--------------------------------------+--------------------------------------+-----------------------------+-----------------------------+----------------------------+----------------------------+-----------------------------+-----------------------------+--------------------+--------------------+-------------------------------------+-------------------------------------+----------------------------+----------------------------+---------------------------+---------------------------+
; Pin              ; I/O Standard ; Board Delay on Rise ; Board Delay on Fall ; Steady State Voh at FPGA Pin ; Steady State Vol at FPGA Pin ; Voh Max at FPGA Pin ; Vol Min at FPGA Pin ; Ringback Voltage on Rise at FPGA Pin ; Ringback Voltage on Fall at FPGA Pin ; 10-90 Rise Time at FPGA Pin ; 90-10 Fall Time at FPGA Pin ; Monotonic Rise at FPGA Pin ; Monotonic Fall at FPGA Pin ; Steady State Voh at Far-end ; Steady State Vol at Far-end ; Voh Max at Far-end ; Vol Min at Far-end ; Ringback Voltage on Rise at Far-end ; Ringback Voltage on Fall at Far-end ; 10-90 Rise Time at Far-end ; 90-10 Fall Time at Far-end ; Monotonic Rise at Far-end ; Monotonic Fall at Far-end ;
+------------------+--------------+---------------------+---------------------+------------------------------+------------------------------+---------------------+---------------------+--------------------------------------+--------------------------------------+-----------------------------+-----------------------------+----------------------------+----------------------------+-----------------------------+-----------------------------+--------------------+--------------------+-------------------------------------+-------------------------------------+----------------------------+----------------------------+---------------------------+---------------------------+
; avs_readdata[0]  ; 2.5 V        ; 0 s                 ; 0 s                 ; 2.32 V                       ; 4.73e-05 V                   ; 2.38 V              ; -0.0297 V           ; 0.21 V                               ; 0.199 V                              ; 4.77e-10 s                  ; 4.97e-10 s                  ; No                         ; Yes                        ; 2.32 V                      ; 4.73e-05 V                  ; 2.38 V             ; -0.0297 V          ; 0.21 V                              ; 0.199 V                             ; 4.77e-10 s                 ; 4.97e-10 s                 ; No                        ; Yes                       ;
; avs_readdata[1]  ; 2.5 V        ; 0 s                 ; 0 s                 ; 2.32 V                       ; 4.81e-05 V                   ; 2.37 V              ; -0.0242 V           ; 0.257 V                              ; 0.097 V                              ; 5.03e-10 s                  ; 6.18e-10 s                  ; No                         ; Yes                        ; 2.32 V                      ; 4.81e-05 V                  ; 2.37 V             ; -0.0242 V          ; 0.257 V                             ; 0.097 V                             ; 5.03e-10 s                 ; 6.18e-10 s                 ; No                        ; Yes                       ;
; avs_readdata[2]  ; 2.5 V        ; 0 s                 ; 0 s                 ; 2.32 V                       ; 4.73e-05 V                   ; 2.38 V              ; -0.0301 V           ; 0.21 V                               ; 0.2 V                                ; 4.78e-10 s                  ; 4.96e-10 s                  ; No                         ; Yes                        ; 2.32 V                      ; 4.73e-05 V                  ; 2.38 V             ; -0.0301 V          ; 0.21 V                              ; 0.2 V                               ; 4.78e-10 s                 ; 4.96e-10 s                 ; No                        ; Yes                       ;
; avs_readdata[3]  ; 2.5 V        ; 0 s                 ; 0 s                 ; 2.32 V                       ; 4.73e-05 V                   ; 2.38 V              ; -0.0301 V           ; 0.21 V                               ; 0.2 V                                ; 4.78e-10 s                  ; 4.96e-10 s                  ; No                         ; Yes                        ; 2.32 V                      ; 4.73e-05 V                  ; 2.38 V             ; -0.0301 V          ; 0.21 V                              ; 0.2 V                               ; 4.78e-10 s                 ; 4.96e-10 s                 ; No                        ; Yes                       ;
; avs_readdata[4]  ; 2.5 V        ; 0 s                 ; 0 s                 ; 2.32 V                       ; 4.28e-05 V                   ; 2.34 V              ; -0.00773 V          ; 0.214 V                              ; 0.065 V                              ; 5.06e-10 s                  ; 5.4e-10 s                   ; Yes                        ; Yes                        ; 2.32 V                      ; 4.28e-05 V                  ; 2.34 V             ; -0.00773 V         ; 0.214 V                             ; 0.065 V                             ; 5.06e-10 s                 ; 5.4e-10 s                  ; Yes                       ; Yes                       ;
; avs_readdata[5]  ; 2.5 V        ; 0 s                 ; 0 s                 ; 2.32 V                       ; 4.81e-05 V                   ; 2.37 V              ; -0.0242 V           ; 0.257 V                              ; 0.097 V                              ; 5.03e-10 s                  ; 6.18e-10 s                  ; No                         ; Yes                        ; 2.32 V                      ; 4.81e-05 V                  ; 2.37 V             ; -0.0242 V          ; 0.257 V                             ; 0.097 V                             ; 5.03e-10 s                 ; 6.18e-10 s                 ; No                        ; Yes                       ;
; avs_readdata[6]  ; 2.5 V        ; 0 s                 ; 0 s                 ; 2.32 V                       ; 4.28e-05 V                   ; 2.34 V              ; -0.00773 V          ; 0.214 V                              ; 0.065 V                              ; 5.06e-10 s                  ; 5.4e-10 s                   ; Yes                        ; Yes                        ; 2.32 V                      ; 4.28e-05 V                  ; 2.34 V             ; -0.00773 V         ; 0.214 V                             ; 0.065 V                             ; 5.06e-10 s                 ; 5.4e-10 s                  ; Yes                       ; Yes                       ;
; avs_readdata[7]  ; 2.5 V        ; 0 s                 ; 0 s                 ; 2.32 V                       ; 4.28e-05 V                   ; 2.34 V              ; -0.00773 V          ; 0.214 V                              ; 0.065 V                              ; 5.06e-10 s                  ; 5.4e-10 s                   ; Yes                        ; Yes                        ; 2.32 V                      ; 4.28e-05 V                  ; 2.34 V             ; -0.00773 V         ; 0.214 V                             ; 0.065 V                             ; 5.06e-10 s                 ; 5.4e-10 s                  ; Yes                       ; Yes                       ;
; avs_readdata[8]  ; 2.5 V        ; 0 s                 ; 0 s                 ; 2.32 V                       ; 4.73e-05 V                   ; 2.38 V              ; -0.0301 V           ; 0.21 V                               ; 0.2 V                                ; 4.78e-10 s                  ; 4.96e-10 s                  ; No                         ; Yes                        ; 2.32 V                      ; 4.73e-05 V                  ; 2.38 V             ; -0.0301 V          ; 0.21 V                              ; 0.2 V                               ; 4.78e-10 s                 ; 4.96e-10 s                 ; No                        ; Yes                       ;
; avs_readdata[9]  ; 2.5 V        ; 0 s                 ; 0 s                 ; 2.32 V                       ; 4.73e-05 V                   ; 2.38 V              ; -0.0301 V           ; 0.21 V                               ; 0.2 V                                ; 4.78e-10 s                  ; 4.96e-10 s                  ; No                         ; Yes                        ; 2.32 V                      ; 4.73e-05 V                  ; 2.38 V             ; -0.0301 V          ; 0.21 V                              ; 0.2 V                               ; 4.78e-10 s                 ; 4.96e-10 s                 ; No                        ; Yes                       ;
; avs_readdata[10] ; 2.5 V        ; 0 s                 ; 0 s                 ; 2.32 V                       ; 4.73e-05 V                   ; 2.38 V              ; -0.0297 V           ; 0.21 V                               ; 0.199 V                              ; 4.77e-10 s                  ; 4.97e-10 s                  ; No                         ; Yes                        ; 2.32 V                      ; 4.73e-05 V                  ; 2.38 V             ; -0.0297 V          ; 0.21 V                              ; 0.199 V                             ; 4.77e-10 s                 ; 4.97e-10 s                 ; No                        ; Yes                       ;
; avs_readdata[11] ; 2.5 V        ; 0 s                 ; 0 s                 ; 2.32 V                       ; 4.73e-05 V                   ; 2.38 V              ; -0.0297 V           ; 0.21 V                               ; 0.199 V                              ; 4.77e-10 s                  ; 4.97e-10 s                  ; No                         ; Yes                        ; 2.32 V                      ; 4.73e-05 V                  ; 2.38 V             ; -0.0297 V          ; 0.21 V                              ; 0.199 V                             ; 4.77e-10 s                 ; 4.97e-10 s                 ; No                        ; Yes                       ;
; avs_readdata[12] ; 2.5 V        ; 0 s                 ; 0 s                 ; 2.32 V                       ; 4.81e-05 V                   ; 2.37 V              ; -0.0242 V           ; 0.257 V                              ; 0.097 V                              ; 5.03e-10 s                  ; 6.18e-10 s                  ; No                         ; Yes                        ; 2.32 V                      ; 4.81e-05 V                  ; 2.37 V             ; -0.0242 V          ; 0.257 V                             ; 0.097 V                             ; 5.03e-10 s                 ; 6.18e-10 s                 ; No                        ; Yes                       ;
; avs_readdata[13] ; 2.5 V        ; 0 s                 ; 0 s                 ; 2.32 V                       ; 4.73e-05 V                   ; 2.38 V              ; -0.0297 V           ; 0.21 V                               ; 0.199 V                              ; 4.77e-10 s                  ; 4.97e-10 s                  ; No                         ; Yes                        ; 2.32 V                      ; 4.73e-05 V                  ; 2.38 V             ; -0.0297 V          ; 0.21 V                              ; 0.199 V                             ; 4.77e-10 s                 ; 4.97e-10 s                 ; No                        ; Yes                       ;
; avs_readdata[14] ; 2.5 V        ; 0 s                 ; 0 s                 ; 2.32 V                       ; 4.28e-05 V                   ; 2.34 V              ; -0.00773 V          ; 0.214 V                              ; 0.065 V                              ; 5.06e-10 s                  ; 5.4e-10 s                   ; Yes                        ; Yes                        ; 2.32 V                      ; 4.28e-05 V                  ; 2.34 V             ; -0.00773 V         ; 0.214 V                             ; 0.065 V                             ; 5.06e-10 s                 ; 5.4e-10 s                  ; Yes                       ; Yes                       ;
; avs_readdata[15] ; 2.5 V        ; 0 s                 ; 0 s                 ; 2.32 V                       ; 4.28e-05 V                   ; 2.34 V              ; -0.00773 V          ; 0.214 V                              ; 0.065 V                              ; 5.06e-10 s                  ; 5.4e-10 s                   ; Yes                        ; Yes                        ; 2.32 V                      ; 4.28e-05 V                  ; 2.34 V             ; -0.00773 V         ; 0.214 V                             ; 0.065 V                             ; 5.06e-10 s                 ; 5.4e-10 s                  ; Yes                       ; Yes                       ;
; avs_readdata[16] ; 2.5 V        ; 0 s                 ; 0 s                 ; 2.32 V                       ; 4.73e-05 V                   ; 2.38 V              ; -0.0301 V           ; 0.21 V                               ; 0.2 V                                ; 4.78e-10 s                  ; 4.96e-10 s                  ; No                         ; Yes                        ; 2.32 V                      ; 4.73e-05 V                  ; 2.38 V             ; -0.0301 V          ; 0.21 V                              ; 0.2 V                               ; 4.78e-10 s                 ; 4.96e-10 s                 ; No                        ; Yes                       ;
; avs_readdata[17] ; 2.5 V        ; 0 s                 ; 0 s                 ; 2.32 V                       ; 4.81e-05 V                   ; 2.37 V              ; -0.0242 V           ; 0.257 V                              ; 0.097 V                              ; 5.03e-10 s                  ; 6.18e-10 s                  ; No                         ; Yes                        ; 2.32 V                      ; 4.81e-05 V                  ; 2.37 V             ; -0.0242 V          ; 0.257 V                             ; 0.097 V                             ; 5.03e-10 s                 ; 6.18e-10 s                 ; No                        ; Yes                       ;
; avs_readdata[18] ; 2.5 V        ; 0 s                 ; 0 s                 ; 2.32 V                       ; 4.81e-05 V                   ; 2.37 V              ; -0.0242 V           ; 0.257 V                              ; 0.097 V                              ; 5.03e-10 s                  ; 6.18e-10 s                  ; No                         ; Yes                        ; 2.32 V                      ; 4.81e-05 V                  ; 2.37 V             ; -0.0242 V          ; 0.257 V                             ; 0.097 V                             ; 5.03e-10 s                 ; 6.18e-10 s                 ; No                        ; Yes                       ;
; avs_readdata[19] ; 2.5 V        ; 0 s                 ; 0 s                 ; 2.32 V                       ; 4.73e-05 V                   ; 2.38 V              ; -0.0301 V           ; 0.21 V                               ; 0.2 V                                ; 4.78e-10 s                  ; 4.96e-10 s                  ; No                         ; Yes                        ; 2.32 V                      ; 4.73e-05 V                  ; 2.38 V             ; -0.0301 V          ; 0.21 V                              ; 0.2 V                               ; 4.78e-10 s                 ; 4.96e-10 s                 ; No                        ; Yes                       ;
; avs_readdata[20] ; 2.5 V        ; 0 s                 ; 0 s                 ; 2.32 V                       ; 4.73e-05 V                   ; 2.38 V              ; -0.0297 V           ; 0.21 V                               ; 0.199 V                              ; 4.77e-10 s                  ; 4.97e-10 s                  ; No                         ; Yes                        ; 2.32 V                      ; 4.73e-05 V                  ; 2.38 V             ; -0.0297 V          ; 0.21 V                              ; 0.199 V                             ; 4.77e-10 s                 ; 4.97e-10 s                 ; No                        ; Yes                       ;
; avs_readdata[21] ; 2.5 V        ; 0 s                 ; 0 s                 ; 2.32 V                       ; 4.73e-05 V                   ; 2.38 V              ; -0.0297 V           ; 0.21 V                               ; 0.199 V                              ; 4.77e-10 s                  ; 4.97e-10 s                  ; No                         ; Yes                        ; 2.32 V                      ; 4.73e-05 V                  ; 2.38 V             ; -0.0297 V          ; 0.21 V                              ; 0.199 V                             ; 4.77e-10 s                 ; 4.97e-10 s                 ; No                        ; Yes                       ;
; avs_readdata[22] ; 2.5 V        ; 0 s                 ; 0 s                 ; 2.32 V                       ; 4.81e-05 V                   ; 2.37 V              ; -0.0242 V           ; 0.257 V                              ; 0.097 V                              ; 5.03e-10 s                  ; 6.18e-10 s                  ; No                         ; Yes                        ; 2.32 V                      ; 4.81e-05 V                  ; 2.37 V             ; -0.0242 V          ; 0.257 V                             ; 0.097 V                             ; 5.03e-10 s                 ; 6.18e-10 s                 ; No                        ; Yes                       ;
; avs_readdata[23] ; 2.5 V        ; 0 s                 ; 0 s                 ; 2.32 V                       ; 4.81e-05 V                   ; 2.37 V              ; -0.0242 V           ; 0.257 V                              ; 0.097 V                              ; 5.03e-10 s                  ; 6.18e-10 s                  ; No                         ; Yes                        ; 2.32 V                      ; 4.81e-05 V                  ; 2.37 V             ; -0.0242 V          ; 0.257 V                             ; 0.097 V                             ; 5.03e-10 s                 ; 6.18e-10 s                 ; No                        ; Yes                       ;
; avs_readdata[24] ; 2.5 V        ; 0 s                 ; 0 s                 ; 2.32 V                       ; 4.28e-05 V                   ; 2.34 V              ; -0.00773 V          ; 0.214 V                              ; 0.065 V                              ; 5.06e-10 s                  ; 5.4e-10 s                   ; Yes                        ; Yes                        ; 2.32 V                      ; 4.28e-05 V                  ; 2.34 V             ; -0.00773 V         ; 0.214 V                             ; 0.065 V                             ; 5.06e-10 s                 ; 5.4e-10 s                  ; Yes                       ; Yes                       ;
; avs_readdata[25] ; 2.5 V        ; 0 s                 ; 0 s                 ; 2.32 V                       ; 4.81e-05 V                   ; 2.37 V              ; -0.0242 V           ; 0.257 V                              ; 0.097 V                              ; 5.03e-10 s                  ; 6.18e-10 s                  ; No                         ; Yes                        ; 2.32 V                      ; 4.81e-05 V                  ; 2.37 V             ; -0.0242 V          ; 0.257 V                             ; 0.097 V                             ; 5.03e-10 s                 ; 6.18e-10 s                 ; No                        ; Yes                       ;
; avs_readdata[26] ; 2.5 V        ; 0 s                 ; 0 s                 ; 2.32 V                       ; 4.73e-05 V                   ; 2.38 V              ; -0.0301 V           ; 0.21 V                               ; 0.2 V                                ; 4.78e-10 s                  ; 4.96e-10 s                  ; No                         ; Yes                        ; 2.32 V                      ; 4.73e-05 V                  ; 2.38 V             ; -0.0301 V          ; 0.21 V                              ; 0.2 V                               ; 4.78e-10 s                 ; 4.96e-10 s                 ; No                        ; Yes                       ;
; avs_readdata[27] ; 2.5 V        ; 0 s                 ; 0 s                 ; 2.32 V                       ; 4.73e-05 V                   ; 2.38 V              ; -0.0297 V           ; 0.21 V                               ; 0.199 V                              ; 4.77e-10 s                  ; 4.97e-10 s                  ; No                         ; Yes                        ; 2.32 V                      ; 4.73e-05 V                  ; 2.38 V             ; -0.0297 V          ; 0.21 V                              ; 0.199 V                             ; 4.77e-10 s                 ; 4.97e-10 s                 ; No                        ; Yes                       ;
; avs_readdata[28] ; 2.5 V        ; 0 s                 ; 0 s                 ; 2.32 V                       ; 4.81e-05 V                   ; 2.37 V              ; -0.0242 V           ; 0.257 V                              ; 0.097 V                              ; 5.03e-10 s                  ; 6.18e-10 s                  ; No                         ; Yes                        ; 2.32 V                      ; 4.81e-05 V                  ; 2.37 V             ; -0.0242 V          ; 0.257 V                             ; 0.097 V                             ; 5.03e-10 s                 ; 6.18e-10 s                 ; No                        ; Yes                       ;
; avs_readdata[29] ; 2.5 V        ; 0 s                 ; 0 s                 ; 2.32 V                       ; 4.28e-05 V                   ; 2.34 V              ; -0.00773 V          ; 0.214 V                              ; 0.065 V                              ; 5.06e-10 s                  ; 5.4e-10 s                   ; Yes                        ; Yes                        ; 2.32 V                      ; 4.28e-05 V                  ; 2.34 V             ; -0.00773 V         ; 0.214 V                             ; 0.065 V                             ; 5.06e-10 s                 ; 5.4e-10 s                  ; Yes                       ; Yes                       ;
; avs_readdata[30] ; 2.5 V        ; 0 s                 ; 0 s                 ; 2.32 V                       ; 4.81e-05 V                   ; 2.37 V              ; -0.0242 V           ; 0.257 V                              ; 0.097 V                              ; 5.03e-10 s                  ; 6.18e-10 s                  ; No                         ; Yes                        ; 2.32 V                      ; 4.81e-05 V                  ; 2.37 V             ; -0.0242 V          ; 0.257 V                             ; 0.097 V                             ; 5.03e-10 s                 ; 6.18e-10 s                 ; No                        ; Yes                       ;
; avs_readdata[31] ; 2.5 V        ; 0 s                 ; 0 s                 ; 2.32 V                       ; 4.73e-05 V                   ; 2.38 V              ; -0.0297 V           ; 0.21 V                               ; 0.199 V                              ; 4.77e-10 s                  ; 4.97e-10 s                  ; No                         ; Yes                        ; 2.32 V                      ; 4.73e-05 V                  ; 2.38 V             ; -0.0297 V          ; 0.21 V                              ; 0.199 V                             ; 4.77e-10 s                 ; 4.97e-10 s                 ; No                        ; Yes                       ;
; irq              ; 2.5 V        ; 0 s                 ; 0 s                 ; 2.32 V                       ; 4.73e-05 V                   ; 2.38 V              ; -0.0301 V           ; 0.21 V                               ; 0.2 V                                ; 4.78e-10 s                  ; 4.96e-10 s                  ; No                         ; Yes                        ; 2.32 V                      ; 4.73e-05 V                  ; 2.38 V             ; -0.0301 V          ; 0.21 V                              ; 0.2 V                               ; 4.78e-10 s                 ; 4.96e-10 s                 ; No                        ; Yes                       ;
+------------------+--------------+---------------------+---------------------+------------------------------+------------------------------+---------------------+---------------------+--------------------------------------+--------------------------------------+-----------------------------+-----------------------------+----------------------------+----------------------------+-----------------------------+-----------------------------+--------------------+--------------------+-------------------------------------+-------------------------------------+----------------------------+----------------------------+---------------------------+---------------------------+


+-----------------------------------------------------------------------------------------------------------------------------------------------------------------------------------------------------------------------------------------------------------------------------------------------------------------------------------------------------------------------------------------------------------------------------------------------------------------------------------------------------------------------------------------------------------------------------------------------------------------------------------------------------------------------------------------------+
; Signal Integrity Metrics (Fast 1100mv n40c Model)                                                                                                                                                                                                                                                                                                                                                                                                                                                                                                                                                                                                                                             ;
+------------------+--------------+---------------------+---------------------+------------------------------+------------------------------+---------------------+---------------------+--------------------------------------+--------------------------------------+-----------------------------+-----------------------------+----------------------------+----------------------------+-----------------------------+-----------------------------+--------------------+--------------------+-------------------------------------+-------------------------------------+----------------------------+----------------------------+---------------------------+---------------------------+
; Pin              ; I/O Standard ; Board Delay on Rise ; Board Delay on Fall ; Steady State Voh at FPGA Pin ; Steady State Vol at FPGA Pin ; Voh Max at FPGA Pin ; Vol Min at FPGA Pin ; Ringback Voltage on Rise at FPGA Pin ; Ringback Voltage on Fall at FPGA Pin ; 10-90 Rise Time at FPGA Pin ; 90-10 Fall Time at FPGA Pin ; Monotonic Rise at FPGA Pin ; Monotonic Fall at FPGA Pin ; Steady State Voh at Far-end ; Steady State Vol at Far-end ; Voh Max at Far-end ; Vol Min at Far-end ; Ringback Voltage on Rise at Far-end ; Ringback Voltage on Fall at Far-end ; 10-90 Rise Time at Far-end ; 90-10 Fall Time at Far-end ; Monotonic Rise at Far-end ; Monotonic Fall at Far-end ;
+------------------+--------------+---------------------+---------------------+------------------------------+------------------------------+---------------------+---------------------+--------------------------------------+--------------------------------------+-----------------------------+-----------------------------+----------------------------+----------------------------+-----------------------------+-----------------------------+--------------------+--------------------+-------------------------------------+-------------------------------------+----------------------------+----------------------------+---------------------------+---------------------------+
; avs_readdata[0]  ; 2.5 V        ; 0 s                 ; 0 s                 ; 2.75 V                       ; 2.38e-07 V                   ; 2.94 V              ; -0.139 V            ; 0.31 V                               ; 0.268 V                              ; 2.65e-10 s                  ; 2.63e-10 s                  ; No                         ; Yes                        ; 2.75 V                      ; 2.38e-07 V                  ; 2.94 V             ; -0.139 V           ; 0.31 V                              ; 0.268 V                             ; 2.65e-10 s                 ; 2.63e-10 s                 ; No                        ; Yes                       ;
; avs_readdata[1]  ; 2.5 V        ; 0 s                 ; 0 s                 ; 2.75 V                       ; 2.45e-07 V                   ; 2.93 V              ; -0.127 V            ; 0.351 V                              ; 0.317 V                              ; 2.74e-10 s                  ; 2.82e-10 s                  ; No                         ; No                         ; 2.75 V                      ; 2.45e-07 V                  ; 2.93 V             ; -0.127 V           ; 0.351 V                             ; 0.317 V                             ; 2.74e-10 s                 ; 2.82e-10 s                 ; No                        ; No                        ;
; avs_readdata[2]  ; 2.5 V        ; 0 s                 ; 0 s                 ; 2.75 V                       ; 2.38e-07 V                   ; 2.94 V              ; -0.135 V            ; 0.31 V                               ; 0.268 V                              ; 2.65e-10 s                  ; 2.64e-10 s                  ; No                         ; Yes                        ; 2.75 V                      ; 2.38e-07 V                  ; 2.94 V             ; -0.135 V           ; 0.31 V                              ; 0.268 V                             ; 2.65e-10 s                 ; 2.64e-10 s                 ; No                        ; Yes                       ;
; avs_readdata[3]  ; 2.5 V        ; 0 s                 ; 0 s                 ; 2.75 V                       ; 2.38e-07 V                   ; 2.94 V              ; -0.135 V            ; 0.31 V                               ; 0.268 V                              ; 2.65e-10 s                  ; 2.64e-10 s                  ; No                         ; Yes                        ; 2.75 V                      ; 2.38e-07 V                  ; 2.94 V             ; -0.135 V           ; 0.31 V                              ; 0.268 V                             ; 2.65e-10 s                 ; 2.64e-10 s                 ; No                        ; Yes                       ;
; avs_readdata[4]  ; 2.5 V        ; 0 s                 ; 0 s                 ; 2.75 V                       ; 1.99e-07 V                   ; 2.83 V              ; -0.0718 V           ; 0.269 V                              ; 0.234 V                              ; 2.77e-10 s                  ; 2.75e-10 s                  ; Yes                        ; Yes                        ; 2.75 V                      ; 1.99e-07 V                  ; 2.83 V             ; -0.0718 V          ; 0.269 V                             ; 0.234 V                             ; 2.77e-10 s                 ; 2.75e-10 s                 ; Yes                       ; Yes                       ;
; avs_readdata[5]  ; 2.5 V        ; 0 s                 ; 0 s                 ; 2.75 V                       ; 2.45e-07 V                   ; 2.93 V              ; -0.127 V            ; 0.351 V                              ; 0.317 V                              ; 2.74e-10 s                  ; 2.82e-10 s                  ; No                         ; No                         ; 2.75 V                      ; 2.45e-07 V                  ; 2.93 V             ; -0.127 V           ; 0.351 V                             ; 0.317 V                             ; 2.74e-10 s                 ; 2.82e-10 s                 ; No                        ; No                        ;
; avs_readdata[6]  ; 2.5 V        ; 0 s                 ; 0 s                 ; 2.75 V                       ; 1.99e-07 V                   ; 2.83 V              ; -0.0718 V           ; 0.269 V                              ; 0.234 V                              ; 2.77e-10 s                  ; 2.75e-10 s                  ; Yes                        ; Yes                        ; 2.75 V                      ; 1.99e-07 V                  ; 2.83 V             ; -0.0718 V          ; 0.269 V                             ; 0.234 V                             ; 2.77e-10 s                 ; 2.75e-10 s                 ; Yes                       ; Yes                       ;
; avs_readdata[7]  ; 2.5 V        ; 0 s                 ; 0 s                 ; 2.75 V                       ; 1.99e-07 V                   ; 2.83 V              ; -0.0718 V           ; 0.269 V                              ; 0.234 V                              ; 2.77e-10 s                  ; 2.75e-10 s                  ; Yes                        ; Yes                        ; 2.75 V                      ; 1.99e-07 V                  ; 2.83 V             ; -0.0718 V          ; 0.269 V                             ; 0.234 V                             ; 2.77e-10 s                 ; 2.75e-10 s                 ; Yes                       ; Yes                       ;
; avs_readdata[8]  ; 2.5 V        ; 0 s                 ; 0 s                 ; 2.75 V                       ; 2.38e-07 V                   ; 2.94 V              ; -0.135 V            ; 0.31 V                               ; 0.268 V                              ; 2.65e-10 s                  ; 2.64e-10 s                  ; No                         ; Yes                        ; 2.75 V                      ; 2.38e-07 V                  ; 2.94 V             ; -0.135 V           ; 0.31 V                              ; 0.268 V                             ; 2.65e-10 s                 ; 2.64e-10 s                 ; No                        ; Yes                       ;
; avs_readdata[9]  ; 2.5 V        ; 0 s                 ; 0 s                 ; 2.75 V                       ; 2.38e-07 V                   ; 2.94 V              ; -0.135 V            ; 0.31 V                               ; 0.268 V                              ; 2.65e-10 s                  ; 2.64e-10 s                  ; No                         ; Yes                        ; 2.75 V                      ; 2.38e-07 V                  ; 2.94 V             ; -0.135 V           ; 0.31 V                              ; 0.268 V                             ; 2.65e-10 s                 ; 2.64e-10 s                 ; No                        ; Yes                       ;
; avs_readdata[10] ; 2.5 V        ; 0 s                 ; 0 s                 ; 2.75 V                       ; 2.38e-07 V                   ; 2.94 V              ; -0.139 V            ; 0.31 V                               ; 0.268 V                              ; 2.65e-10 s                  ; 2.63e-10 s                  ; No                         ; Yes                        ; 2.75 V                      ; 2.38e-07 V                  ; 2.94 V             ; -0.139 V           ; 0.31 V                              ; 0.268 V                             ; 2.65e-10 s                 ; 2.63e-10 s                 ; No                        ; Yes                       ;
; avs_readdata[11] ; 2.5 V        ; 0 s                 ; 0 s                 ; 2.75 V                       ; 2.38e-07 V                   ; 2.94 V              ; -0.139 V            ; 0.31 V                               ; 0.268 V                              ; 2.65e-10 s                  ; 2.63e-10 s                  ; No                         ; Yes                        ; 2.75 V                      ; 2.38e-07 V                  ; 2.94 V             ; -0.139 V           ; 0.31 V                              ; 0.268 V                             ; 2.65e-10 s                 ; 2.63e-10 s                 ; No                        ; Yes                       ;
; avs_readdata[12] ; 2.5 V        ; 0 s                 ; 0 s                 ; 2.75 V                       ; 2.45e-07 V                   ; 2.93 V              ; -0.127 V            ; 0.351 V                              ; 0.317 V                              ; 2.74e-10 s                  ; 2.82e-10 s                  ; No                         ; No                         ; 2.75 V                      ; 2.45e-07 V                  ; 2.93 V             ; -0.127 V           ; 0.351 V                             ; 0.317 V                             ; 2.74e-10 s                 ; 2.82e-10 s                 ; No                        ; No                        ;
; avs_readdata[13] ; 2.5 V        ; 0 s                 ; 0 s                 ; 2.75 V                       ; 2.38e-07 V                   ; 2.94 V              ; -0.139 V            ; 0.31 V                               ; 0.268 V                              ; 2.65e-10 s                  ; 2.63e-10 s                  ; No                         ; Yes                        ; 2.75 V                      ; 2.38e-07 V                  ; 2.94 V             ; -0.139 V           ; 0.31 V                              ; 0.268 V                             ; 2.65e-10 s                 ; 2.63e-10 s                 ; No                        ; Yes                       ;
; avs_readdata[14] ; 2.5 V        ; 0 s                 ; 0 s                 ; 2.75 V                       ; 1.99e-07 V                   ; 2.83 V              ; -0.0718 V           ; 0.269 V                              ; 0.234 V                              ; 2.77e-10 s                  ; 2.75e-10 s                  ; Yes                        ; Yes                        ; 2.75 V                      ; 1.99e-07 V                  ; 2.83 V             ; -0.0718 V          ; 0.269 V                             ; 0.234 V                             ; 2.77e-10 s                 ; 2.75e-10 s                 ; Yes                       ; Yes                       ;
; avs_readdata[15] ; 2.5 V        ; 0 s                 ; 0 s                 ; 2.75 V                       ; 1.99e-07 V                   ; 2.83 V              ; -0.0718 V           ; 0.269 V                              ; 0.234 V                              ; 2.77e-10 s                  ; 2.75e-10 s                  ; Yes                        ; Yes                        ; 2.75 V                      ; 1.99e-07 V                  ; 2.83 V             ; -0.0718 V          ; 0.269 V                             ; 0.234 V                             ; 2.77e-10 s                 ; 2.75e-10 s                 ; Yes                       ; Yes                       ;
; avs_readdata[16] ; 2.5 V        ; 0 s                 ; 0 s                 ; 2.75 V                       ; 2.38e-07 V                   ; 2.94 V              ; -0.135 V            ; 0.31 V                               ; 0.268 V                              ; 2.65e-10 s                  ; 2.64e-10 s                  ; No                         ; Yes                        ; 2.75 V                      ; 2.38e-07 V                  ; 2.94 V             ; -0.135 V           ; 0.31 V                              ; 0.268 V                             ; 2.65e-10 s                 ; 2.64e-10 s                 ; No                        ; Yes                       ;
; avs_readdata[17] ; 2.5 V        ; 0 s                 ; 0 s                 ; 2.75 V                       ; 2.45e-07 V                   ; 2.93 V              ; -0.127 V            ; 0.351 V                              ; 0.317 V                              ; 2.74e-10 s                  ; 2.82e-10 s                  ; No                         ; No                         ; 2.75 V                      ; 2.45e-07 V                  ; 2.93 V             ; -0.127 V           ; 0.351 V                             ; 0.317 V                             ; 2.74e-10 s                 ; 2.82e-10 s                 ; No                        ; No                        ;
; avs_readdata[18] ; 2.5 V        ; 0 s                 ; 0 s                 ; 2.75 V                       ; 2.45e-07 V                   ; 2.93 V              ; -0.127 V            ; 0.351 V                              ; 0.317 V                              ; 2.74e-10 s                  ; 2.82e-10 s                  ; No                         ; No                         ; 2.75 V                      ; 2.45e-07 V                  ; 2.93 V             ; -0.127 V           ; 0.351 V                             ; 0.317 V                             ; 2.74e-10 s                 ; 2.82e-10 s                 ; No                        ; No                        ;
; avs_readdata[19] ; 2.5 V        ; 0 s                 ; 0 s                 ; 2.75 V                       ; 2.38e-07 V                   ; 2.94 V              ; -0.135 V            ; 0.31 V                               ; 0.268 V                              ; 2.65e-10 s                  ; 2.64e-10 s                  ; No                         ; Yes                        ; 2.75 V                      ; 2.38e-07 V                  ; 2.94 V             ; -0.135 V           ; 0.31 V                              ; 0.268 V                             ; 2.65e-10 s                 ; 2.64e-10 s                 ; No                        ; Yes                       ;
; avs_readdata[20] ; 2.5 V        ; 0 s                 ; 0 s                 ; 2.75 V                       ; 2.38e-07 V                   ; 2.94 V              ; -0.139 V            ; 0.31 V                               ; 0.268 V                              ; 2.65e-10 s                  ; 2.63e-10 s                  ; No                         ; Yes                        ; 2.75 V                      ; 2.38e-07 V                  ; 2.94 V             ; -0.139 V           ; 0.31 V                              ; 0.268 V                             ; 2.65e-10 s                 ; 2.63e-10 s                 ; No                        ; Yes                       ;
; avs_readdata[21] ; 2.5 V        ; 0 s                 ; 0 s                 ; 2.75 V                       ; 2.38e-07 V                   ; 2.94 V              ; -0.139 V            ; 0.31 V                               ; 0.268 V                              ; 2.65e-10 s                  ; 2.63e-10 s                  ; No                         ; Yes                        ; 2.75 V                      ; 2.38e-07 V                  ; 2.94 V             ; -0.139 V           ; 0.31 V                              ; 0.268 V                             ; 2.65e-10 s                 ; 2.63e-10 s                 ; No                        ; Yes                       ;
; avs_readdata[22] ; 2.5 V        ; 0 s                 ; 0 s                 ; 2.75 V                       ; 2.45e-07 V                   ; 2.93 V              ; -0.127 V            ; 0.351 V                              ; 0.317 V                              ; 2.74e-10 s                  ; 2.82e-10 s                  ; No                         ; No                         ; 2.75 V                      ; 2.45e-07 V                  ; 2.93 V             ; -0.127 V           ; 0.351 V                             ; 0.317 V                             ; 2.74e-10 s                 ; 2.82e-10 s                 ; No                        ; No                        ;
; avs_readdata[23] ; 2.5 V        ; 0 s                 ; 0 s                 ; 2.75 V                       ; 2.45e-07 V                   ; 2.93 V              ; -0.127 V            ; 0.351 V                              ; 0.317 V                              ; 2.74e-10 s                  ; 2.82e-10 s                  ; No                         ; No                         ; 2.75 V                      ; 2.45e-07 V                  ; 2.93 V             ; -0.127 V           ; 0.351 V                             ; 0.317 V                             ; 2.74e-10 s                 ; 2.82e-10 s                 ; No                        ; No                        ;
; avs_readdata[24] ; 2.5 V        ; 0 s                 ; 0 s                 ; 2.75 V                       ; 1.99e-07 V                   ; 2.83 V              ; -0.0718 V           ; 0.269 V                              ; 0.234 V                              ; 2.77e-10 s                  ; 2.75e-10 s                  ; Yes                        ; Yes                        ; 2.75 V                      ; 1.99e-07 V                  ; 2.83 V             ; -0.0718 V          ; 0.269 V                             ; 0.234 V                             ; 2.77e-10 s                 ; 2.75e-10 s                 ; Yes                       ; Yes                       ;
; avs_readdata[25] ; 2.5 V        ; 0 s                 ; 0 s                 ; 2.75 V                       ; 2.45e-07 V                   ; 2.93 V              ; -0.127 V            ; 0.351 V                              ; 0.317 V                              ; 2.74e-10 s                  ; 2.82e-10 s                  ; No                         ; No                         ; 2.75 V                      ; 2.45e-07 V                  ; 2.93 V             ; -0.127 V           ; 0.351 V                             ; 0.317 V                             ; 2.74e-10 s                 ; 2.82e-10 s                 ; No                        ; No                        ;
; avs_readdata[26] ; 2.5 V        ; 0 s                 ; 0 s                 ; 2.75 V                       ; 2.38e-07 V                   ; 2.94 V              ; -0.135 V            ; 0.31 V                               ; 0.268 V                              ; 2.65e-10 s                  ; 2.64e-10 s                  ; No                         ; Yes                        ; 2.75 V                      ; 2.38e-07 V                  ; 2.94 V             ; -0.135 V           ; 0.31 V                              ; 0.268 V                             ; 2.65e-10 s                 ; 2.64e-10 s                 ; No                        ; Yes                       ;
; avs_readdata[27] ; 2.5 V        ; 0 s                 ; 0 s                 ; 2.75 V                       ; 2.38e-07 V                   ; 2.94 V              ; -0.139 V            ; 0.31 V                               ; 0.268 V                              ; 2.65e-10 s                  ; 2.63e-10 s                  ; No                         ; Yes                        ; 2.75 V                      ; 2.38e-07 V                  ; 2.94 V             ; -0.139 V           ; 0.31 V                              ; 0.268 V                             ; 2.65e-10 s                 ; 2.63e-10 s                 ; No                        ; Yes                       ;
; avs_readdata[28] ; 2.5 V        ; 0 s                 ; 0 s                 ; 2.75 V                       ; 2.45e-07 V                   ; 2.93 V              ; -0.127 V            ; 0.351 V                              ; 0.317 V                              ; 2.74e-10 s                  ; 2.82e-10 s                  ; No                         ; No                         ; 2.75 V                      ; 2.45e-07 V                  ; 2.93 V             ; -0.127 V           ; 0.351 V                             ; 0.317 V                             ; 2.74e-10 s                 ; 2.82e-10 s                 ; No                        ; No                        ;
; avs_readdata[29] ; 2.5 V        ; 0 s                 ; 0 s                 ; 2.75 V                       ; 1.99e-07 V                   ; 2.83 V              ; -0.0718 V           ; 0.269 V                              ; 0.234 V                              ; 2.77e-10 s                  ; 2.75e-10 s                  ; Yes                        ; Yes                        ; 2.75 V                      ; 1.99e-07 V                  ; 2.83 V             ; -0.0718 V          ; 0.269 V                             ; 0.234 V                             ; 2.77e-10 s                 ; 2.75e-10 s                 ; Yes                       ; Yes                       ;
; avs_readdata[30] ; 2.5 V        ; 0 s                 ; 0 s                 ; 2.75 V                       ; 2.45e-07 V                   ; 2.93 V              ; -0.127 V            ; 0.351 V                              ; 0.317 V                              ; 2.74e-10 s                  ; 2.82e-10 s                  ; No                         ; No                         ; 2.75 V                      ; 2.45e-07 V                  ; 2.93 V             ; -0.127 V           ; 0.351 V                             ; 0.317 V                             ; 2.74e-10 s                 ; 2.82e-10 s                 ; No                        ; No                        ;
; avs_readdata[31] ; 2.5 V        ; 0 s                 ; 0 s                 ; 2.75 V                       ; 2.38e-07 V                   ; 2.94 V              ; -0.139 V            ; 0.31 V                               ; 0.268 V                              ; 2.65e-10 s                  ; 2.63e-10 s                  ; No                         ; Yes                        ; 2.75 V                      ; 2.38e-07 V                  ; 2.94 V             ; -0.139 V           ; 0.31 V                              ; 0.268 V                             ; 2.65e-10 s                 ; 2.63e-10 s                 ; No                        ; Yes                       ;
; irq              ; 2.5 V        ; 0 s                 ; 0 s                 ; 2.75 V                       ; 2.38e-07 V                   ; 2.94 V              ; -0.135 V            ; 0.31 V                               ; 0.268 V                              ; 2.65e-10 s                  ; 2.64e-10 s                  ; No                         ; Yes                        ; 2.75 V                      ; 2.38e-07 V                  ; 2.94 V             ; -0.135 V           ; 0.31 V                              ; 0.268 V                             ; 2.65e-10 s                 ; 2.64e-10 s                 ; No                        ; Yes                       ;
+------------------+--------------+---------------------+---------------------+------------------------------+------------------------------+---------------------+---------------------+--------------------------------------+--------------------------------------+-----------------------------+-----------------------------+----------------------------+----------------------------+-----------------------------+-----------------------------+--------------------+--------------------+-------------------------------------+-------------------------------------+----------------------------+----------------------------+---------------------------+---------------------------+


+-----------------------------------------------------------------------------------------------------------------------------------------------------------------------------------------------------------------------------------------------------------------------------------------------------------------------------------------------------------------------------------------------------------------------------------------------------------------------------------------------------------------------------------------------------------------------------------------------------------------------------------------------------------------------------------------------+
; Signal Integrity Metrics (Fast 1100mv 100c Model)                                                                                                                                                                                                                                                                                                                                                                                                                                                                                                                                                                                                                                             ;
+------------------+--------------+---------------------+---------------------+------------------------------+------------------------------+---------------------+---------------------+--------------------------------------+--------------------------------------+-----------------------------+-----------------------------+----------------------------+----------------------------+-----------------------------+-----------------------------+--------------------+--------------------+-------------------------------------+-------------------------------------+----------------------------+----------------------------+---------------------------+---------------------------+
; Pin              ; I/O Standard ; Board Delay on Rise ; Board Delay on Fall ; Steady State Voh at FPGA Pin ; Steady State Vol at FPGA Pin ; Voh Max at FPGA Pin ; Vol Min at FPGA Pin ; Ringback Voltage on Rise at FPGA Pin ; Ringback Voltage on Fall at FPGA Pin ; 10-90 Rise Time at FPGA Pin ; 90-10 Fall Time at FPGA Pin ; Monotonic Rise at FPGA Pin ; Monotonic Fall at FPGA Pin ; Steady State Voh at Far-end ; Steady State Vol at Far-end ; Voh Max at Far-end ; Vol Min at Far-end ; Ringback Voltage on Rise at Far-end ; Ringback Voltage on Fall at Far-end ; 10-90 Rise Time at Far-end ; 90-10 Fall Time at Far-end ; Monotonic Rise at Far-end ; Monotonic Fall at Far-end ;
+------------------+--------------+---------------------+---------------------+------------------------------+------------------------------+---------------------+---------------------+--------------------------------------+--------------------------------------+-----------------------------+-----------------------------+----------------------------+----------------------------+-----------------------------+-----------------------------+--------------------+--------------------+-------------------------------------+-------------------------------------+----------------------------+----------------------------+---------------------------+---------------------------+
; avs_readdata[0]  ; 2.5 V        ; 0 s                 ; 0 s                 ; 2.75 V                       ; 0.00041 V                    ; 2.85 V              ; -0.0763 V           ; 0.365 V                              ; 0.161 V                              ; 3.08e-10 s                  ; 4.37e-10 s                  ; No                         ; No                         ; 2.75 V                      ; 0.00041 V                   ; 2.85 V             ; -0.0763 V          ; 0.365 V                             ; 0.161 V                             ; 3.08e-10 s                 ; 4.37e-10 s                 ; No                        ; No                        ;
; avs_readdata[1]  ; 2.5 V        ; 0 s                 ; 0 s                 ; 2.75 V                       ; 0.000419 V                   ; 2.85 V              ; -0.0671 V           ; 0.203 V                              ; 0.19 V                               ; 4.57e-10 s                  ; 4.54e-10 s                  ; No                         ; No                         ; 2.75 V                      ; 0.000419 V                  ; 2.85 V             ; -0.0671 V          ; 0.203 V                             ; 0.19 V                              ; 4.57e-10 s                 ; 4.54e-10 s                 ; No                        ; No                        ;
; avs_readdata[2]  ; 2.5 V        ; 0 s                 ; 0 s                 ; 2.75 V                       ; 0.00041 V                    ; 2.85 V              ; -0.076 V            ; 0.363 V                              ; 0.16 V                               ; 3.08e-10 s                  ; 4.37e-10 s                  ; No                         ; No                         ; 2.75 V                      ; 0.00041 V                   ; 2.85 V             ; -0.076 V           ; 0.363 V                             ; 0.16 V                              ; 3.08e-10 s                 ; 4.37e-10 s                 ; No                        ; No                        ;
; avs_readdata[3]  ; 2.5 V        ; 0 s                 ; 0 s                 ; 2.75 V                       ; 0.00041 V                    ; 2.85 V              ; -0.076 V            ; 0.363 V                              ; 0.16 V                               ; 3.08e-10 s                  ; 4.37e-10 s                  ; No                         ; No                         ; 2.75 V                      ; 0.00041 V                   ; 2.85 V             ; -0.076 V           ; 0.363 V                             ; 0.16 V                              ; 3.08e-10 s                 ; 4.37e-10 s                 ; No                        ; No                        ;
; avs_readdata[4]  ; 2.5 V        ; 0 s                 ; 0 s                 ; 2.75 V                       ; 0.000362 V                   ; 2.79 V              ; -0.0303 V           ; 0.139 V                              ; 0.127 V                              ; 4.44e-10 s                  ; 4.38e-10 s                  ; No                         ; Yes                        ; 2.75 V                      ; 0.000362 V                  ; 2.79 V             ; -0.0303 V          ; 0.139 V                             ; 0.127 V                             ; 4.44e-10 s                 ; 4.38e-10 s                 ; No                        ; Yes                       ;
; avs_readdata[5]  ; 2.5 V        ; 0 s                 ; 0 s                 ; 2.75 V                       ; 0.000419 V                   ; 2.85 V              ; -0.0671 V           ; 0.203 V                              ; 0.19 V                               ; 4.57e-10 s                  ; 4.54e-10 s                  ; No                         ; No                         ; 2.75 V                      ; 0.000419 V                  ; 2.85 V             ; -0.0671 V          ; 0.203 V                             ; 0.19 V                              ; 4.57e-10 s                 ; 4.54e-10 s                 ; No                        ; No                        ;
; avs_readdata[6]  ; 2.5 V        ; 0 s                 ; 0 s                 ; 2.75 V                       ; 0.000362 V                   ; 2.79 V              ; -0.0303 V           ; 0.139 V                              ; 0.127 V                              ; 4.44e-10 s                  ; 4.38e-10 s                  ; No                         ; Yes                        ; 2.75 V                      ; 0.000362 V                  ; 2.79 V             ; -0.0303 V          ; 0.139 V                             ; 0.127 V                             ; 4.44e-10 s                 ; 4.38e-10 s                 ; No                        ; Yes                       ;
; avs_readdata[7]  ; 2.5 V        ; 0 s                 ; 0 s                 ; 2.75 V                       ; 0.000362 V                   ; 2.79 V              ; -0.0303 V           ; 0.139 V                              ; 0.127 V                              ; 4.44e-10 s                  ; 4.38e-10 s                  ; No                         ; Yes                        ; 2.75 V                      ; 0.000362 V                  ; 2.79 V             ; -0.0303 V          ; 0.139 V                             ; 0.127 V                             ; 4.44e-10 s                 ; 4.38e-10 s                 ; No                        ; Yes                       ;
; avs_readdata[8]  ; 2.5 V        ; 0 s                 ; 0 s                 ; 2.75 V                       ; 0.00041 V                    ; 2.85 V              ; -0.076 V            ; 0.363 V                              ; 0.16 V                               ; 3.08e-10 s                  ; 4.37e-10 s                  ; No                         ; No                         ; 2.75 V                      ; 0.00041 V                   ; 2.85 V             ; -0.076 V           ; 0.363 V                             ; 0.16 V                              ; 3.08e-10 s                 ; 4.37e-10 s                 ; No                        ; No                        ;
; avs_readdata[9]  ; 2.5 V        ; 0 s                 ; 0 s                 ; 2.75 V                       ; 0.00041 V                    ; 2.85 V              ; -0.076 V            ; 0.363 V                              ; 0.16 V                               ; 3.08e-10 s                  ; 4.37e-10 s                  ; No                         ; No                         ; 2.75 V                      ; 0.00041 V                   ; 2.85 V             ; -0.076 V           ; 0.363 V                             ; 0.16 V                              ; 3.08e-10 s                 ; 4.37e-10 s                 ; No                        ; No                        ;
; avs_readdata[10] ; 2.5 V        ; 0 s                 ; 0 s                 ; 2.75 V                       ; 0.00041 V                    ; 2.85 V              ; -0.0763 V           ; 0.365 V                              ; 0.161 V                              ; 3.08e-10 s                  ; 4.37e-10 s                  ; No                         ; No                         ; 2.75 V                      ; 0.00041 V                   ; 2.85 V             ; -0.0763 V          ; 0.365 V                             ; 0.161 V                             ; 3.08e-10 s                 ; 4.37e-10 s                 ; No                        ; No                        ;
; avs_readdata[11] ; 2.5 V        ; 0 s                 ; 0 s                 ; 2.75 V                       ; 0.00041 V                    ; 2.85 V              ; -0.0763 V           ; 0.365 V                              ; 0.161 V                              ; 3.08e-10 s                  ; 4.37e-10 s                  ; No                         ; No                         ; 2.75 V                      ; 0.00041 V                   ; 2.85 V             ; -0.0763 V          ; 0.365 V                             ; 0.161 V                             ; 3.08e-10 s                 ; 4.37e-10 s                 ; No                        ; No                        ;
; avs_readdata[12] ; 2.5 V        ; 0 s                 ; 0 s                 ; 2.75 V                       ; 0.000419 V                   ; 2.85 V              ; -0.0671 V           ; 0.203 V                              ; 0.19 V                               ; 4.57e-10 s                  ; 4.54e-10 s                  ; No                         ; No                         ; 2.75 V                      ; 0.000419 V                  ; 2.85 V             ; -0.0671 V          ; 0.203 V                             ; 0.19 V                              ; 4.57e-10 s                 ; 4.54e-10 s                 ; No                        ; No                        ;
; avs_readdata[13] ; 2.5 V        ; 0 s                 ; 0 s                 ; 2.75 V                       ; 0.00041 V                    ; 2.85 V              ; -0.0763 V           ; 0.365 V                              ; 0.161 V                              ; 3.08e-10 s                  ; 4.37e-10 s                  ; No                         ; No                         ; 2.75 V                      ; 0.00041 V                   ; 2.85 V             ; -0.0763 V          ; 0.365 V                             ; 0.161 V                             ; 3.08e-10 s                 ; 4.37e-10 s                 ; No                        ; No                        ;
; avs_readdata[14] ; 2.5 V        ; 0 s                 ; 0 s                 ; 2.75 V                       ; 0.000362 V                   ; 2.79 V              ; -0.0303 V           ; 0.139 V                              ; 0.127 V                              ; 4.44e-10 s                  ; 4.38e-10 s                  ; No                         ; Yes                        ; 2.75 V                      ; 0.000362 V                  ; 2.79 V             ; -0.0303 V          ; 0.139 V                             ; 0.127 V                             ; 4.44e-10 s                 ; 4.38e-10 s                 ; No                        ; Yes                       ;
; avs_readdata[15] ; 2.5 V        ; 0 s                 ; 0 s                 ; 2.75 V                       ; 0.000362 V                   ; 2.79 V              ; -0.0303 V           ; 0.139 V                              ; 0.127 V                              ; 4.44e-10 s                  ; 4.38e-10 s                  ; No                         ; Yes                        ; 2.75 V                      ; 0.000362 V                  ; 2.79 V             ; -0.0303 V          ; 0.139 V                             ; 0.127 V                             ; 4.44e-10 s                 ; 4.38e-10 s                 ; No                        ; Yes                       ;
; avs_readdata[16] ; 2.5 V        ; 0 s                 ; 0 s                 ; 2.75 V                       ; 0.00041 V                    ; 2.85 V              ; -0.076 V            ; 0.363 V                              ; 0.16 V                               ; 3.08e-10 s                  ; 4.37e-10 s                  ; No                         ; No                         ; 2.75 V                      ; 0.00041 V                   ; 2.85 V             ; -0.076 V           ; 0.363 V                             ; 0.16 V                              ; 3.08e-10 s                 ; 4.37e-10 s                 ; No                        ; No                        ;
; avs_readdata[17] ; 2.5 V        ; 0 s                 ; 0 s                 ; 2.75 V                       ; 0.000419 V                   ; 2.85 V              ; -0.0671 V           ; 0.203 V                              ; 0.19 V                               ; 4.57e-10 s                  ; 4.54e-10 s                  ; No                         ; No                         ; 2.75 V                      ; 0.000419 V                  ; 2.85 V             ; -0.0671 V          ; 0.203 V                             ; 0.19 V                              ; 4.57e-10 s                 ; 4.54e-10 s                 ; No                        ; No                        ;
; avs_readdata[18] ; 2.5 V        ; 0 s                 ; 0 s                 ; 2.75 V                       ; 0.000419 V                   ; 2.85 V              ; -0.0671 V           ; 0.203 V                              ; 0.19 V                               ; 4.57e-10 s                  ; 4.54e-10 s                  ; No                         ; No                         ; 2.75 V                      ; 0.000419 V                  ; 2.85 V             ; -0.0671 V          ; 0.203 V                             ; 0.19 V                              ; 4.57e-10 s                 ; 4.54e-10 s                 ; No                        ; No                        ;
; avs_readdata[19] ; 2.5 V        ; 0 s                 ; 0 s                 ; 2.75 V                       ; 0.00041 V                    ; 2.85 V              ; -0.076 V            ; 0.363 V                              ; 0.16 V                               ; 3.08e-10 s                  ; 4.37e-10 s                  ; No                         ; No                         ; 2.75 V                      ; 0.00041 V                   ; 2.85 V             ; -0.076 V           ; 0.363 V                             ; 0.16 V                              ; 3.08e-10 s                 ; 4.37e-10 s                 ; No                        ; No                        ;
; avs_readdata[20] ; 2.5 V        ; 0 s                 ; 0 s                 ; 2.75 V                       ; 0.00041 V                    ; 2.85 V              ; -0.0763 V           ; 0.365 V                              ; 0.161 V                              ; 3.08e-10 s                  ; 4.37e-10 s                  ; No                         ; No                         ; 2.75 V                      ; 0.00041 V                   ; 2.85 V             ; -0.0763 V          ; 0.365 V                             ; 0.161 V                             ; 3.08e-10 s                 ; 4.37e-10 s                 ; No                        ; No                        ;
; avs_readdata[21] ; 2.5 V        ; 0 s                 ; 0 s                 ; 2.75 V                       ; 0.00041 V                    ; 2.85 V              ; -0.0763 V           ; 0.365 V                              ; 0.161 V                              ; 3.08e-10 s                  ; 4.37e-10 s                  ; No                         ; No                         ; 2.75 V                      ; 0.00041 V                   ; 2.85 V             ; -0.0763 V          ; 0.365 V                             ; 0.161 V                             ; 3.08e-10 s                 ; 4.37e-10 s                 ; No                        ; No                        ;
; avs_readdata[22] ; 2.5 V        ; 0 s                 ; 0 s                 ; 2.75 V                       ; 0.000419 V                   ; 2.85 V              ; -0.0671 V           ; 0.203 V                              ; 0.19 V                               ; 4.57e-10 s                  ; 4.54e-10 s                  ; No                         ; No                         ; 2.75 V                      ; 0.000419 V                  ; 2.85 V             ; -0.0671 V          ; 0.203 V                             ; 0.19 V                              ; 4.57e-10 s                 ; 4.54e-10 s                 ; No                        ; No                        ;
; avs_readdata[23] ; 2.5 V        ; 0 s                 ; 0 s                 ; 2.75 V                       ; 0.000419 V                   ; 2.85 V              ; -0.0671 V           ; 0.203 V                              ; 0.19 V                               ; 4.57e-10 s                  ; 4.54e-10 s                  ; No                         ; No                         ; 2.75 V                      ; 0.000419 V                  ; 2.85 V             ; -0.0671 V          ; 0.203 V                             ; 0.19 V                              ; 4.57e-10 s                 ; 4.54e-10 s                 ; No                        ; No                        ;
; avs_readdata[24] ; 2.5 V        ; 0 s                 ; 0 s                 ; 2.75 V                       ; 0.000362 V                   ; 2.79 V              ; -0.0303 V           ; 0.139 V                              ; 0.127 V                              ; 4.44e-10 s                  ; 4.38e-10 s                  ; No                         ; Yes                        ; 2.75 V                      ; 0.000362 V                  ; 2.79 V             ; -0.0303 V          ; 0.139 V                             ; 0.127 V                             ; 4.44e-10 s                 ; 4.38e-10 s                 ; No                        ; Yes                       ;
; avs_readdata[25] ; 2.5 V        ; 0 s                 ; 0 s                 ; 2.75 V                       ; 0.000419 V                   ; 2.85 V              ; -0.0671 V           ; 0.203 V                              ; 0.19 V                               ; 4.57e-10 s                  ; 4.54e-10 s                  ; No                         ; No                         ; 2.75 V                      ; 0.000419 V                  ; 2.85 V             ; -0.0671 V          ; 0.203 V                             ; 0.19 V                              ; 4.57e-10 s                 ; 4.54e-10 s                 ; No                        ; No                        ;
; avs_readdata[26] ; 2.5 V        ; 0 s                 ; 0 s                 ; 2.75 V                       ; 0.00041 V                    ; 2.85 V              ; -0.076 V            ; 0.363 V                              ; 0.16 V                               ; 3.08e-10 s                  ; 4.37e-10 s                  ; No                         ; No                         ; 2.75 V                      ; 0.00041 V                   ; 2.85 V             ; -0.076 V           ; 0.363 V                             ; 0.16 V                              ; 3.08e-10 s                 ; 4.37e-10 s                 ; No                        ; No                        ;
; avs_readdata[27] ; 2.5 V        ; 0 s                 ; 0 s                 ; 2.75 V                       ; 0.00041 V                    ; 2.85 V              ; -0.0763 V           ; 0.365 V                              ; 0.161 V                              ; 3.08e-10 s                  ; 4.37e-10 s                  ; No                         ; No                         ; 2.75 V                      ; 0.00041 V                   ; 2.85 V             ; -0.0763 V          ; 0.365 V                             ; 0.161 V                             ; 3.08e-10 s                 ; 4.37e-10 s                 ; No                        ; No                        ;
; avs_readdata[28] ; 2.5 V        ; 0 s                 ; 0 s                 ; 2.75 V                       ; 0.000419 V                   ; 2.85 V              ; -0.0671 V           ; 0.203 V                              ; 0.19 V                               ; 4.57e-10 s                  ; 4.54e-10 s                  ; No                         ; No                         ; 2.75 V                      ; 0.000419 V                  ; 2.85 V             ; -0.0671 V          ; 0.203 V                             ; 0.19 V                              ; 4.57e-10 s                 ; 4.54e-10 s                 ; No                        ; No                        ;
; avs_readdata[29] ; 2.5 V        ; 0 s                 ; 0 s                 ; 2.75 V                       ; 0.000362 V                   ; 2.79 V              ; -0.0303 V           ; 0.139 V                              ; 0.127 V                              ; 4.44e-10 s                  ; 4.38e-10 s                  ; No                         ; Yes                        ; 2.75 V                      ; 0.000362 V                  ; 2.79 V             ; -0.0303 V          ; 0.139 V                             ; 0.127 V                             ; 4.44e-10 s                 ; 4.38e-10 s                 ; No                        ; Yes                       ;
; avs_readdata[30] ; 2.5 V        ; 0 s                 ; 0 s                 ; 2.75 V                       ; 0.000419 V                   ; 2.85 V              ; -0.0671 V           ; 0.203 V                              ; 0.19 V                               ; 4.57e-10 s                  ; 4.54e-10 s                  ; No                         ; No                         ; 2.75 V                      ; 0.000419 V                  ; 2.85 V             ; -0.0671 V          ; 0.203 V                             ; 0.19 V                              ; 4.57e-10 s                 ; 4.54e-10 s                 ; No                        ; No                        ;
; avs_readdata[31] ; 2.5 V        ; 0 s                 ; 0 s                 ; 2.75 V                       ; 0.00041 V                    ; 2.85 V              ; -0.0763 V           ; 0.365 V                              ; 0.161 V                              ; 3.08e-10 s                  ; 4.37e-10 s                  ; No                         ; No                         ; 2.75 V                      ; 0.00041 V                   ; 2.85 V             ; -0.0763 V          ; 0.365 V                             ; 0.161 V                             ; 3.08e-10 s                 ; 4.37e-10 s                 ; No                        ; No                        ;
; irq              ; 2.5 V        ; 0 s                 ; 0 s                 ; 2.75 V                       ; 0.00041 V                    ; 2.85 V              ; -0.076 V            ; 0.363 V                              ; 0.16 V                               ; 3.08e-10 s                  ; 4.37e-10 s                  ; No                         ; No                         ; 2.75 V                      ; 0.00041 V                   ; 2.85 V             ; -0.076 V           ; 0.363 V                             ; 0.16 V                              ; 3.08e-10 s                 ; 4.37e-10 s                 ; No                        ; No                        ;
+------------------+--------------+---------------------+---------------------+------------------------------+------------------------------+---------------------+---------------------+--------------------------------------+--------------------------------------+-----------------------------+-----------------------------+----------------------------+----------------------------+-----------------------------+-----------------------------+--------------------+--------------------+-------------------------------------+-------------------------------------+----------------------------+----------------------------+---------------------------+---------------------------+


+-------------------------------------------------------------------+
; Setup Transfers                                                   ;
+------------+----------+----------+----------+----------+----------+
; From Clock ; To Clock ; RR Paths ; FR Paths ; RF Paths ; FF Paths ;
+------------+----------+----------+----------+----------+----------+
; clk        ; clk      ; 814491   ; 0        ; 0        ; 0        ;
+------------+----------+----------+----------+----------+----------+
Entries labeled "false path" only account for clock-to-clock false paths and not path-based false paths. As a result, actual path counts may be lower than reported.


+-------------------------------------------------------------------+
; Hold Transfers                                                    ;
+------------+----------+----------+----------+----------+----------+
; From Clock ; To Clock ; RR Paths ; FR Paths ; RF Paths ; FF Paths ;
+------------+----------+----------+----------+----------+----------+
; clk        ; clk      ; 814491   ; 0        ; 0        ; 0        ;
+------------+----------+----------+----------+----------+----------+
Entries labeled "false path" only account for clock-to-clock false paths and not path-based false paths. As a result, actual path counts may be lower than reported.


---------------
; Report TCCS ;
---------------
No dedicated SERDES Transmitter circuitry present in device or used in design


---------------
; Report RSKM ;
---------------
No non-DPA dedicated SERDES Receiver circuitry present in device or used in design


+------------------------------------------------+
; Unconstrained Paths                            ;
+---------------------------------+-------+------+
; Property                        ; Setup ; Hold ;
+---------------------------------+-------+------+
; Illegal Clocks                  ; 0     ; 0    ;
; Unconstrained Clocks            ; 0     ; 0    ;
; Unconstrained Input Ports       ; 40    ; 40   ;
; Unconstrained Input Port Paths  ; 1424  ; 1424 ;
; Unconstrained Output Ports      ; 33    ; 33   ;
; Unconstrained Output Port Paths ; 38    ; 38   ;
+---------------------------------+-------+------+


+------------------------------------+
; TimeQuest Timing Analyzer Messages ;
+------------------------------------+
Info: *******************************************************************
Info: Running Quartus II 64-Bit TimeQuest Timing Analyzer
    Info: Version 13.1.0 Build 162 10/23/2013 SJ Web Edition
    Info: Processing started: Wed Oct 07 13:34:56 2026
Info: Command: quartus_sta sha256_soc -c sha256_soc
Info: qsta_default_script.tcl version: #1
Info (20030): Parallel compilation is enabled and will use 16 of the 16 processors detected
Info (21076): High junction temperature operating condition is not set. Assuming a default value of '100'.
Info (21076): Low junction temperature operating condition is not set. Assuming a default value of '-40'.
Info (332104): Reading SDC File: 'sha256_soc.sdc'
Info (332151): Clock uncertainty is not calculated until you update the timing netlist.
Info (332123): Deriving Clock Uncertainty. Please refer to report_sdc in TimeQuest to see clock uncertainties.
Info: Found TIMEQUEST_REPORT_SCRIPT_INCLUDE_DEFAULT_ANALYSIS = ON
Info: Analyzing Slow 1100mV 100C Model
Info (332146): Worst-case setup slack is 2.122
    Info (332119):     Slack       End Point TNS Clock 
    Info (332119): ========= =================== =====================
    Info (332119):     2.122               0.000 clk 
Info (332146): Worst-case hold slack is 0.351
    Info (332119):     Slack       End Point TNS Clock 
    Info (332119): ========= =================== =====================
    Info (332119):     0.351               0.000 clk 
Info (332140): No Recovery paths to report
Info (332140): No Removal paths to report
Info (332146): Worst-case minimum pulse width slack is 3.637
    Info (332119):     Slack       End Point TNS Clock 
    Info (332119): ========= =================== =====================
    Info (332119):     3.637               0.000 clk 
Info: Analyzing Slow 1100mV -40C Model
Info (334003): Started post-fitting delay annotation
Warning (334000): Timing characteristics of device 5CSEBA6U23I7 are preliminary
Info (334004): Delay annotation completed successfully
Info (332123): Deriving Clock Uncertainty. Please refer to report_sdc in TimeQuest to see clock uncertainties.
Info (332146): Worst-case setup slack is 1.487
    Info (332119):     Slack       End Point TNS Clock 
    Info (332119): ========= =================== =====================
    Info (332119):     1.487               0.000 clk 
Info (332146): Worst-case hold slack is 0.328
    Info (332119):     Slack       End Point TNS Clock 
    Info (332119): ========= =================== =====================
    Info (332119):     0.328               0.000 clk 
Info (332140): No Recovery paths to report
Info (332140): No Removal paths to report
Info (332146): Worst-case minimum pulse width slack is 3.584
    Info (332119):     Slack       End Point TNS Clock 
    Info (332119): ========= =================== =====================
    Info (332119):     3.584               0.000 clk 
Info: Analyzing Fast 1100mV 100C Model
Info (334003): Started post-fitting delay annotation
Warning (334000): Timing characteristics of device 5CSEBA6U23I7 are preliminary
Info (334004): Delay annotation completed successfully
Info (332123): Deriving Clock Uncertainty. Please refer to report_sdc in TimeQuest to see clock uncertainties.
Info (332146): Worst-case setup slack is 5.265
    Info (332119):     Slack       End Point TNS Clock 
    Info (332119): ========= =================== =====================
    Info (332119):     5.265               0.000 clk 
Info (332146): Worst-case hold slack is 0.181
    Info (332119):     Slack       End Point TNS Clock 
    Info (332119): ========= =================== =====================
    Info (332119):     0.181               0.000 clk 
Info (332140): No Recovery paths to report
Info (332140): No Removal paths to report
Info (332146): Worst-case minimum pulse width slack is 3.860
    Info (332119):     Slack       End Point TNS Clock 
    Info (332119): ========= =================== =====================
    Info (332119):     3.860               0.000 clk 
Info: Analyzing Fast 1100mV -40C Model
Info (332123): Deriving Clock Uncertainty. Please refer to report_sdc in TimeQuest to see clock uncertainties.
Info (332146): Worst-case setup slack is 5.772
    Info (332119):     Slack       End Point TNS Clock 
    Info (332119): ========= =================== =====================
    Info (332119):     5.772               0.000 clk 
Info (332146): Worst-case hold slack is 0.165
    Info (332119):     Slack       End Point TNS Clock 
    Info (332119): ========= =================== =====================
    Info (332119):     0.165               0.000 clk 
Info (332140): No Recovery paths to report
Info (332140): No Removal paths to report
Info (332146): Worst-case minimum pulse width slack is 3.837
    Info (332119):     Slack       End Point TNS Clock 
    Info (332119): ========= =================== =====================
    Info (332119):     3.837               0.000 clk 
Info (332102): Design is not fully constrained for setup requirements
Info (332102): Design is not fully constrained for hold requirements
Info: Quartus II 64-Bit TimeQuest Timing Analyzer was successful. 0 errors, 2 warnings
    Info: Peak virtual memory: 5252 megabytes
    Info: Processing ended: Wed Oct 07 13:35:05 2026
    Info: Elapsed time: 00:00:09
    Info: Total CPU time (on all processors): 00:00:19


